turbine_id,farm_id,timestamp,received_at,power_output_kw,wind_speed_ms,rotor_rpm,blade_pitch_deg,gearbox_temp_c
TURB001,FARM01,2026-01-01T00:00:00Z,2026-01-01T00:02:00Z,2331.2,8.0,14.0,3.6,81.6
TURB001,FARM01,2026-01-01T00:05:00Z,2026-01-01T00:07:00Z,1966.7,6.8,12.0,4.0,80.1
TURB001,FARM01,2026-01-01T00:10:00Z,2026-01-01T00:12:00Z,2096.3,7.2,12.3,4.1,78.0
TURB001,FARM01,2026-01-01T00:15:00Z,2026-01-01T00:22:00Z,2099.5,7.5,13.7,4.5,80.2
TURB001,FARM01,2026-01-01T00:20:00Z,2026-01-01T00:22:00Z,1965.9,6.8,11.7,5.0,78.2
TURB001,FARM01,2026-01-01T00:25:00Z,2026-01-01T00:27:00Z,2061.9,7.4,12.7,4.7,79.5
TURB001,FARM01,2026-01-01T00:30:00Z,2026-01-01T00:37:00Z,2174.0,7.6,13.1,4.4,80.1
TURB001,FARM01,2026-01-01T00:35:00Z,2026-01-01T00:36:00Z,1868.6,6.3,13.3,4.6,79.0
TURB001,FARM01,2026-01-01T00:40:00Z,2026-01-01T00:58:00Z,1785.9,6.2,11.5,4.9,78.0
TURB001,FARM01,2026-01-01T00:45:00Z,2026-01-01T00:49:00Z,2130.7,7.1,13.7,4.8,79.3
TURB001,FARM01,2026-01-01T00:50:00Z,2026-01-01T00:54:00Z,2063.4,7.6,12.8,3.6,78.3
TURB001,FARM01,2026-01-01T00:55:00Z,2026-01-01T00:57:00Z,2318.3,8.1,13.9,3.8,80.1
TURB001,FARM01,2026-01-01T01:00:00Z,2026-01-01T01:01:00Z,1878.4,6.2,12.7,4.7,80.7
TURB001,FARM01,2026-01-01T01:05:00Z,2026-01-01T01:09:00Z,2149.8,7.2,12.8,3.5,79.2
TURB001,FARM01,2026-01-01T01:10:00Z,2026-01-01T01:11:00Z,1893.7,6.4,11.8,4.6,76.4
TURB001,FARM01,2026-01-01T01:15:00Z,2026-01-01T01:17:00Z,2346.9,8.2,13.5,3.1,81.5
TURB001,FARM01,2026-01-01T01:20:00Z,2026-01-01T01:22:00Z,1954.3,6.5,13.1,4.4,79.1
TURB001,FARM01,2026-01-01T01:25:00Z,2026-01-01T01:43:00Z,2189.0,7.5,12.8,4.3,79.3
TURB001,FARM01,2026-01-01T01:30:00Z,2026-01-01T01:32:00Z,1756.2,6.1,11.6,4.4,78.1
TURB001,FARM01,2026-01-01T01:35:00Z,2026-01-01T01:42:00Z,1725.9,5.9,12.4,4.1,77.4
TURB001,FARM01,2026-01-01T01:40:00Z,2026-01-01T01:58:00Z,1721.6,6.0,11.6,5.0,76.6
TURB001,FARM01,2026-01-01T01:45:00Z,2026-01-01T01:52:00Z,1926.5,6.5,12.3,4.3,77.3
TURB001,FARM01,2026-01-01T01:50:00Z,2026-01-01T01:51:00Z,2075.1,6.9,12.6,4.7,80.1
TURB001,FARM01,2026-01-01T01:55:00Z,2026-01-01T02:13:00Z,1795.5,6.1,12.6,5.2,77.8
TURB001,FARM01,2026-01-01T02:00:00Z,2026-01-01T02:01:00Z,1757.2,6.3,11.6,4.5,79.3
TURB001,FARM01,2026-01-01T02:10:00Z,2026-01-01T02:12:00Z,1954.6,6.1,13.2,5.2,82.2
TURB001,FARM01,2026-01-01T02:15:00Z,2026-01-01T02:26:00Z,1819.7,6.4,12.3,4.1,78.5
TURB001,FARM01,2026-01-01T02:20:00Z,2026-01-01T02:38:00Z,1765.3,6.0,11.9,5.4,79.4
TURB001,FARM01,2026-01-01T02:25:00Z,2026-01-01T02:32:00Z,1880.5,6.4,11.9,5.3,78.6
TURB001,FARM01,2026-01-01T02:35:00Z,2026-01-01T02:36:00Z,1816.3,6.3,12.4,4.6,80.5
TURB001,FARM01,2026-01-01T02:45:00Z,2026-01-01T02:47:00Z,2220.5,8.2,12.6,3.0,80.8
TURB001,FARM01,2026-01-01T02:50:00Z,2026-01-01T02:57:00Z,2109.6,7.6,12.1,3.3,79.3
TURB001,FARM01,2026-01-01T02:55:00Z,2026-01-01T02:59:00Z,2295.0,8.5,13.0,3.9,79.1
TURB001,FARM01,2026-01-01T03:00:00Z,2026-01-01T03:01:00Z,2179.2,7.4,13.8,4.8,79.5
TURB001,FARM01,2026-01-01T03:05:00Z,2026-01-01T03:07:00Z,1944.8,6.5,11.8,4.1,79.9
TURB001,FARM01,2026-01-01T03:10:00Z,2026-01-01T03:11:00Z,2058.0,7.3,12.2,4.7,79.5
TURB001,FARM01,2026-01-01T03:15:00Z,2026-01-01T03:19:00Z,2312.6,8.0,13.4,4.5,79.2
TURB001,FARM01,2026-01-01T03:20:00Z,2026-01-01T03:27:00Z,1938.7,6.8,11.8,4.4,77.1
TURB001,FARM01,2026-01-01T03:25:00Z,2026-01-01T03:26:00Z,2106.1,7.0,13.0,3.9,80.0
TURB001,FARM01,2026-01-01T03:30:00Z,2026-01-01T03:34:00Z,2012.2,6.8,12.4,4.0,77.1
TURB001,FARM01,2026-01-01T03:35:00Z,2026-01-01T03:37:00Z,1955.8,7.0,12.6,4.6,79.6
TURB001,FARM01,2026-01-01T03:40:00Z,2026-01-01T03:44:00Z,2215.7,8.0,14.0,3.9,80.3
TURB001,FARM01,2026-01-01T03:45:00Z,2026-01-01T03:47:00Z,2182.1,7.6,13.9,4.7,79.8
TURB001,FARM01,2026-01-01T03:50:00Z,2026-01-01T03:52:00Z,2379.6,8.4,13.2,3.7,82.0
TURB001,FARM01,2026-01-01T03:55:00Z,2026-01-01T04:05:00Z,2384.3,9.1,13.4,2.8,82.0
TURB001,FARM01,2026-01-01T04:00:00Z,2026-01-01T04:15:00Z,2171.1,7.3,13.7,4.6,81.0
TURB001,FARM01,2026-01-01T04:05:00Z,2026-01-01T04:07:00Z,2114.7,7.3,13.3,3.9,78.8
TURB001,FARM01,2026-01-01T04:10:00Z,2026-01-01T04:11:00Z,2400.5,9.0,13.8,3.0,82.7
TURB001,FARM01,2026-01-01T04:15:00Z,2026-01-01T04:22:00Z,2412.4,8.7,13.5,3.1,79.2
TURB001,FARM01,2026-01-01T04:20:00Z,2026-01-01T04:21:00Z,2442.9,8.7,13.5,4.3,81.1
TURB001,FARM01,2026-01-01T04:25:00Z,2026-01-01T04:36:00Z,2417.9,9.3,13.6,3.3,83.1
TURB001,FARM01,2026-01-01T04:30:00Z,2026-01-01T04:32:00Z,2231.8,8.1,13.9,3.7,83.6
TURB001,FARM01,2026-01-01T04:35:00Z,2026-01-01T04:37:00Z,2257.1,7.9,13.7,3.0,83.0
TURB001,FARM01,2026-01-01T04:40:00Z,2026-01-01T04:41:00Z,2215.6,8.3,12.6,3.9,78.7
TURB001,FARM01,2026-01-01T04:45:00Z,2026-01-01T04:49:00Z,2456.3,9.2,13.6,3.0,80.8
TURB001,FARM01,2026-01-01T04:50:00Z,2026-01-01T04:52:00Z,2427.7,8.9,13.2,3.7,80.0
TURB001,FARM01,2026-01-01T04:55:00Z,2026-01-01T05:06:00Z,2413.7,9.1,13.6,3.4,79.0
TURB001,FARM01,2026-01-01T05:00:00Z,2026-01-01T05:18:00Z,2616.0,9.6,14.4,2.8,82.3
TURB001,FARM01,2026-01-01T05:05:00Z,2026-01-01T05:12:00Z,2615.3,9.7,15.2,3.4,84.5
TURB001,FARM01,2026-01-01T05:10:00Z,2026-01-01T05:12:00Z,2350.5,8.0,14.2,3.4,81.4
TURB001,FARM01,2026-01-01T05:15:00Z,2026-01-01T05:26:00Z,2128.2,8.0,12.8,3.8,81.1
TURB001,FARM01,2026-01-01T05:20:00Z,2026-01-01T05:22:00Z,2682.9,10.1,14.7,3.2,82.5
TURB001,FARM01,2026-01-01T05:25:00Z,2026-01-01T05:36:00Z,2464.4,9.6,13.3,3.5,81.7
TURB001,FARM01,2026-01-01T05:30:00Z,2026-01-01T05:31:00Z,2422.0,8.6,14.3,3.8,82.2
TURB001,FARM01,2026-01-01T05:35:00Z,2026-01-01T05:53:00Z,2567.3,9.3,14.7,3.5,84.9
TURB001,FARM01,2026-01-01T05:40:00Z,2026-01-01T05:42:00Z,2647.3,9.7,14.8,3.0,84.5
TURB001,FARM01,2026-01-01T05:45:00Z,2026-01-01T06:03:00Z,2716.9,10.1,14.5,2.5,81.7
TURB001,FARM01,2026-01-01T05:50:00Z,2026-01-01T05:57:00Z,2590.6,9.9,14.0,2.3,81.0
TURB001,FARM01,2026-01-01T05:55:00Z,2026-01-01T05:57:00Z,2703.2,10.6,14.0,2.1,81.4
TURB001,FARM01,2026-01-01T06:00:00Z,2026-01-01T06:11:00Z,2338.5,8.7,13.6,3.5,80.7
TURB001,FARM01,2026-01-01T06:05:00Z,2026-01-01T06:23:00Z,2675.5,9.6,14.8,3.8,81.2
TURB001,FARM01,2026-01-01T06:10:00Z,2026-01-01T06:21:00Z,2455.3,8.8,13.5,3.9,82.3
TURB001,FARM01,2026-01-01T06:15:00Z,2026-01-01T06:19:00Z,2720.1,10.1,15.0,3.3,85.2
TURB001,FARM01,2026-01-01T06:20:00Z,2026-01-01T06:22:00Z,2586.3,9.9,13.5,2.7,81.7
TURB001,FARM01,2026-01-01T06:25:00Z,2026-01-01T06:26:00Z,3000.8,11.0,15.9,3.2,85.2
TURB001,FARM01,2026-01-01T06:30:00Z,2026-01-01T06:37:00Z,2463.7,9.3,13.9,3.8,80.4
TURB001,FARM01,2026-01-01T06:35:00Z,2026-01-01T06:46:00Z,2613.9,9.6,13.9,3.5,81.2
TURB001,FARM01,2026-01-01T06:40:00Z,2026-01-01T06:47:00Z,2662.8,9.8,13.6,2.2,81.2
TURB001,FARM01,2026-01-01T06:45:00Z,2026-01-01T06:47:00Z,2509.3,9.8,13.5,3.7,79.2
TURB001,FARM01,2026-01-01T06:50:00Z,2026-01-01T07:08:00Z,2610.4,9.9,13.5,2.4,79.4
TURB001,FARM01,2026-01-01T06:55:00Z,2026-01-01T07:07:00Z,2989.4,11.1,15.7,1.9,85.2
TURB001,FARM01,2026-01-01T07:00:00Z,2026-01-01T07:11:00Z,3054.3,11.9,14.8,1.3,82.5
TURB001,FARM01,2026-01-01T07:05:00Z,2026-01-01T07:06:00Z,2842.3,10.6,15.3,2.0,84.7
TURB001,FARM01,2026-01-01T07:10:00Z,2026-01-01T07:11:00Z,2993.1,11.4,14.9,2.6,84.6
TURB001,FARM01,2026-01-01T07:15:00Z,2026-01-01T07:26:00Z,2771.8,10.6,14.7,2.4,83.1
TURB001,FARM01,2026-01-01T07:20:00Z,2026-01-01T07:22:00Z,3075.0,11.9,14.8,2.8,83.7
TURB001,FARM01,2026-01-01T07:30:00Z,2026-01-01T07:48:00Z,2981.7,11.1,15.6,3.2,83.6
TURB001,FARM01,2026-01-01T07:35:00Z,2026-01-01T07:36:00Z,2935.4,11.2,15.9,2.5,84.3
TURB001,FARM01,2026-01-01T07:40:00Z,2026-01-01T07:47:00Z,2879.1,10.9,14.9,2.9,83.7
TURB001,FARM01,2026-01-01T07:45:00Z,2026-01-01T07:52:00Z,2835.5,10.4,15.4,2.2,83.0
TURB001,FARM01,2026-01-01T07:50:00Z,2026-01-01T07:52:00Z,2907.3,11.0,15.3,3.0,84.3
TURB001,FARM01,2026-01-01T08:00:00Z,2026-01-01T08:18:00Z,2883.7,10.7,15.4,2.6,85.2
TURB001,FARM01,2026-01-01T08:05:00Z,2026-01-01T08:12:00Z,2932.8,11.7,14.5,1.8,82.3
TURB001,FARM01,2026-01-01T08:10:00Z,2026-01-01T08:28:00Z,3038.3,11.8,15.6,2.0,85.6
TURB001,FARM01,2026-01-01T08:15:00Z,2026-01-01T08:27:00Z,2882.9,11.4,14.8,1.7,82.0
TURB001,FARM01,2026-01-01T08:20:00Z,2026-01-01T08:24:00Z,2964.1,11.4,15.3,2.7,85.9
TURB001,FARM01,2026-01-01T08:25:00Z,2026-01-01T08:27:00Z,3382.9,13.3,17.1,1.1,86.6
TURB001,FARM01,2026-01-01T08:30:00Z,2026-01-01T08:48:00Z,3022.1,11.6,16.4,2.2,86.7
TURB001,FARM01,2026-01-01T08:35:00Z,2026-01-01T08:36:00Z,2868.2,11.3,14.3,2.0,82.2
TURB001,FARM01,2026-01-01T08:45:00Z,2026-01-01T08:57:00Z,3104.0,11.8,16.3,1.5,84.0
TURB001,FARM01,2026-01-01T08:50:00Z,2026-01-01T09:01:00Z,2970.7,11.6,15.6,1.8,86.5
TURB001,FARM01,2026-01-01T08:55:00Z,2026-01-01T09:13:00Z,3303.7,12.8,16.8,1.2,86.6
TURB001,FARM01,2026-01-01T09:00:00Z,2026-01-01T09:01:00Z,3072.2,12.1,16.0,1.8,85.4
TURB001,FARM01,2026-01-01T09:05:00Z,2026-01-01T09:07:00Z,3394.3,13.8,16.2,0.7,86.1
TURB001,FARM01,2026-01-01T09:10:00Z,2026-01-01T09:22:00Z,3248.1,12.9,15.5,1.5,85.2
TURB001,FARM01,2026-01-01T09:15:00Z,2026-01-01T09:19:00Z,3103.4,12.3,15.5,2.4,82.6
TURB001,FARM01,2026-01-01T09:20:00Z,2026-01-01T09:22:00Z,3448.8,13.6,16.9,1.5,88.5
TURB001,FARM01,2026-01-01T09:25:00Z,2026-01-01T09:29:00Z,3383.1,13.3,17.3,1.9,85.7
TURB001,FARM01,2026-01-01T09:35:00Z,2026-01-01T09:39:00Z,3422.2,13.3,17.1,2.1,86.9
TURB001,FARM01,2026-01-01T09:40:00Z,2026-01-01T09:41:00Z,3442.2,13.6,17.6,1.3,87.8
TURB001,FARM01,2026-01-01T09:45:00Z,2026-01-01T09:46:00Z,3500.0,14.2,17.5,1.2,85.8
TURB001,FARM01,2026-01-01T09:50:00Z,2026-01-01T10:08:00Z,3500.0,14.5,17.5,0.5,86.0
TURB001,FARM01,2026-01-01T09:55:00Z,2026-01-01T10:13:00Z,3384.8,13.4,16.4,1.0,87.9
TURB001,FARM01,2026-01-01T10:00:00Z,2026-01-01T10:02:00Z,3500.0,14.5,17.2,0.7,86.5
TURB001,FARM01,2026-01-01T10:05:00Z,2026-01-01T10:06:00Z,3402.3,13.1,16.7,1.2,88.2
TURB001,FARM01,2026-01-01T10:10:00Z,2026-01-01T10:11:00Z,3368.2,13.4,16.2,1.1,87.4
TURB001,FARM01,2026-01-01T10:15:00Z,2026-01-01T10:33:00Z,3500.0,13.9,17.0,1.0,85.6
TURB001,FARM01,2026-01-01T10:20:00Z,2026-01-01T10:38:00Z,3500.0,13.9,17.4,0.7,87.7
TURB001,FARM01,2026-01-01T10:25:00Z,2026-01-01T10:27:00Z,3500.0,14.6,17.2,0.1,87.8
TURB001,FARM01,2026-01-01T10:30:00Z,2026-01-01T10:31:00Z,3372.8,13.3,15.5,1.3,83.2
TURB001,FARM01,2026-01-01T10:35:00Z,2026-01-01T10:39:00Z,3454.0,13.7,15.9,1.8,85.1
TURB001,FARM01,2026-01-01T10:40:00Z,2026-01-01T10:42:00Z,3392.7,13.6,16.6,1.2,86.1
TURB001,FARM01,2026-01-01T10:45:00Z,2026-01-01T11:00:00Z,3500.0,14.9,17.4,1.3,89.1
TURB001,FARM01,2026-01-01T10:50:00Z,2026-01-01T11:08:00Z,3500.0,15.0,17.5,1.2,86.9
TURB001,FARM01,2026-01-01T10:55:00Z,2026-01-01T11:06:00Z,3500.0,14.8,17.3,0.7,86.7
TURB001,FARM01,2026-01-01T11:00:00Z,2026-01-01T11:02:00Z,3500.0,13.9,16.5,0.7,86.8
TURB001,FARM01,2026-01-01T11:05:00Z,2026-01-01T11:16:00Z,3500.0,14.9,17.3,0.4,87.2
TURB001,FARM01,2026-01-01T11:10:00Z,2026-01-01T11:11:00Z,3500.0,13.8,17.1,1.7,89.0
TURB001,FARM01,2026-01-01T11:15:00Z,2026-01-01T11:16:00Z,3475.8,13.2,17.4,1.2,85.9
TURB001,FARM01,2026-01-01T11:20:00Z,2026-01-01T11:22:00Z,3500.0,14.2,16.9,1.4,86.4
TURB001,FARM01,2026-01-01T11:25:00Z,2026-01-01T11:26:00Z,3370.4,13.2,17.0,1.1,87.3
TURB001,FARM01,2026-01-01T11:30:00Z,2026-01-01T11:48:00Z,3500.0,15.1,18.2,1.2,88.5
TURB001,FARM01,2026-01-01T11:35:00Z,2026-01-01T11:37:00Z,3500.0,15.1,16.7,0.0,86.8
TURB001,FARM01,2026-01-01T11:40:00Z,2026-01-01T11:58:00Z,3500.0,14.9,17.3,0.1,87.9
TURB001,FARM01,2026-01-01T11:45:00Z,2026-01-01T11:52:00Z,3331.0,13.5,16.2,0.6,84.8
TURB001,FARM01,2026-01-01T11:55:00Z,2026-01-01T11:57:00Z,3500.0,14.0,16.2,1.1,85.8
TURB001,FARM01,2026-01-01T12:00:00Z,2026-01-01T12:02:00Z,3458.7,13.6,16.9,1.1,87.4
TURB001,FARM01,2026-01-01T12:05:00Z,2026-01-01T12:23:00Z,3500.0,13.7,17.0,1.1,87.6
TURB001,FARM01,2026-01-01T12:10:00Z,2026-01-01T12:14:00Z,3500.0,15.4,18.1,0.0,88.5
TURB001,FARM01,2026-01-01T12:15:00Z,2026-01-01T12:26:00Z,3500.0,14.8,17.2,0.4,88.6
TURB001,FARM01,2026-01-01T12:20:00Z,2026-01-01T12:24:00Z,3500.0,15.3,16.9,0.3,86.1
TURB001,FARM01,2026-01-01T12:25:00Z,2026-01-01T12:26:00Z,3482.8,13.3,17.1,1.2,85.2
TURB001,FARM01,2026-01-01T12:30:00Z,2026-01-01T12:32:00Z,3500.0,15.5,18.3,1.0,90.7
TURB001,FARM01,2026-01-01T12:35:00Z,2026-01-01T12:37:00Z,3500.0,14.7,17.0,1.0,87.5
TURB001,FARM01,2026-01-01T12:40:00Z,2026-01-01T12:47:00Z,3500.0,14.8,18.2,1.0,88.1
TURB001,FARM01,2026-01-01T12:45:00Z,2026-01-01T12:47:00Z,3500.0,15.0,16.7,0.3,87.4
TURB001,FARM01,2026-01-01T12:50:00Z,2026-01-01T12:52:00Z,3500.0,15.2,18.4,0.4,89.2
TURB001,FARM01,2026-01-01T12:55:00Z,2026-01-01T13:02:00Z,3500.0,13.9,17.5,1.1,89.0
TURB001,FARM01,2026-01-01T13:00:00Z,2026-01-01T13:11:00Z,3500.0,15.2,17.6,0.0,88.9
TURB001,FARM01,2026-01-01T13:05:00Z,2026-01-01T13:06:00Z,3500.0,15.6,18.5,0.2,90.6
TURB001,FARM01,2026-01-01T13:10:00Z,2026-01-01T13:17:00Z,3500.0,14.4,17.5,1.2,88.1
TURB001,FARM01,2026-01-01T13:15:00Z,2026-01-01T13:17:00Z,3415.1,13.6,16.1,0.5,86.9
TURB001,FARM01,2026-01-01T13:20:00Z,2026-01-01T13:21:00Z,3500.0,14.8,17.7,0.7,88.9
TURB001,FARM01,2026-01-01T13:25:00Z,2026-01-01T13:27:00Z,3439.5,13.6,17.6,1.0,87.8
TURB001,FARM01,2026-01-01T13:30:00Z,2026-01-01T13:32:00Z,3500.0,14.2,16.8,1.7,87.3
TURB001,FARM01,2026-01-01T13:35:00Z,2026-01-01T13:39:00Z,3500.0,15.4,18.0,1.0,89.1
TURB001,FARM01,2026-01-01T13:40:00Z,2026-01-01T13:41:00Z,0.0,15.8,4.2,12.5,68.0
TURB001,FARM01,2026-01-01T13:45:00Z,2026-01-01T13:49:00Z,0.0,15.8,4.2,12.5,68.0
TURB001,FARM01,2026-01-01T13:50:00Z,2026-01-01T13:51:00Z,0.0,15.8,4.2,12.5,68.0
TURB001,FARM01,2026-01-01T13:55:00Z,2026-01-01T13:57:00Z,3318.7,13.3,16.2,2.2,86.6
TURB001,FARM01,2026-01-01T14:00:00Z,2026-01-01T14:01:00Z,3500.0,14.6,17.9,0.4,89.5
TURB001,FARM01,2026-01-01T14:05:00Z,2026-01-01T14:06:00Z,3500.0,13.8,17.8,2.0,88.3
TURB001,FARM01,2026-01-01T14:10:00Z,2026-01-01T14:17:00Z,3500.0,14.7,16.4,0.0,87.0
TURB001,FARM01,2026-01-01T14:15:00Z,2026-01-01T14:16:00Z,3258.0,13.1,15.9,0.9,84.7
TURB001,FARM01,2026-01-01T14:20:00Z,2026-01-01T14:21:00Z,3500.0,14.2,17.6,1.0,86.3
TURB001,FARM01,2026-01-01T14:25:00Z,2026-01-01T14:26:00Z,3500.0,14.8,18.2,1.0,88.1
TURB001,FARM01,2026-01-01T14:30:00Z,2026-01-01T14:48:00Z,3348.6,13.2,16.4,1.3,86.5
TURB001,FARM01,2026-01-01T14:35:00Z,2026-01-01T14:42:00Z,3266.0,13.2,15.6,1.7,82.7
TURB001,FARM01,2026-01-01T14:40:00Z,2026-01-01T14:41:00Z,3500.0,13.9,17.0,0.8,86.9
TURB001,FARM01,2026-01-01T14:45:00Z,2026-01-01T15:03:00Z,3500.0,15.0,17.8,1.1,89.1
TURB001,FARM01,2026-01-01T14:50:00Z,2026-01-01T14:57:00Z,3500.0,15.0,17.3,1.2,87.1
TURB001,FARM01,2026-01-01T14:55:00Z,2026-01-01T14:56:00Z,3500.0,13.9,17.1,1.0,85.8
TURB001,FARM01,2026-01-01T15:00:00Z,2026-01-01T15:02:00Z,3251.4,13.0,15.5,1.4,85.3
TURB001,FARM01,2026-01-01T15:05:00Z,2026-01-01T15:12:00Z,3500.0,14.1,17.1,1.2,86.4
TURB001,FARM01,2026-01-01T15:10:00Z,2026-01-01T15:14:00Z,3500.0,14.8,18.3,0.6,90.7
TURB001,FARM01,2026-01-01T15:15:00Z,2026-01-01T15:17:00Z,3500.0,14.1,16.7,1.2,85.2
TURB001,FARM01,2026-01-01T15:20:00Z,2026-01-01T15:22:00Z,3500.0,14.7,17.0,0.9,85.3
TURB001,FARM01,2026-01-01T15:25:00Z,2026-01-01T15:26:00Z,3500.0,14.5,17.9,1.6,89.7
TURB001,FARM01,2026-01-01T15:30:00Z,2026-01-01T15:34:00Z,3500.0,14.0,17.2,1.4,85.4
TURB001,FARM01,2026-01-01T15:35:00Z,2026-01-01T15:36:00Z,3500.0,14.7,17.0,0.3,85.5
TURB001,FARM01,2026-01-01T15:40:00Z,2026-01-01T15:51:00Z,3237.2,12.8,16.4,0.9,86.9
TURB001,FARM01,2026-01-01T15:45:00Z,2026-01-01T15:46:00Z,3446.5,13.5,15.9,1.0,84.3
TURB001,FARM01,2026-01-01T15:50:00Z,2026-01-01T16:08:00Z,3500.0,14.4,16.5,1.3,84.2
TURB001,FARM01,2026-01-01T15:55:00Z,2026-01-01T15:56:00Z,3500.0,13.8,16.8,1.1,85.6
TURB001,FARM01,2026-01-01T16:00:00Z,2026-01-01T16:04:00Z,3282.1,13.0,15.5,1.8,84.8
TURB001,FARM01,2026-01-01T16:05:00Z,2026-01-01T16:07:00Z,3112.1,12.3,15.6,2.0,82.6
TURB001,FARM01,2026-01-01T16:10:00Z,2026-01-01T16:21:00Z,3500.0,13.9,17.4,0.8,86.0
TURB001,FARM01,2026-01-01T16:15:00Z,2026-01-01T16:22:00Z,3236.9,12.4,15.7,2.1,84.7
TURB001,FARM01,2026-01-01T16:20:00Z,2026-01-01T16:27:00Z,3241.6,12.1,16.5,1.2,84.1
TURB001,FARM01,2026-01-01T16:25:00Z,2026-01-01T16:26:00Z,3325.5,13.3,16.6,1.8,85.9
TURB001,FARM01,2026-01-01T16:30:00Z,2026-01-01T16:37:00Z,3500.0,14.2,16.3,1.7,85.6
TURB001,FARM01,2026-01-01T16:35:00Z,2026-01-01T16:46:00Z,3142.6,12.0,16.4,1.6,86.2
TURB001,FARM01,2026-01-01T16:40:00Z,2026-01-01T17:02:00Z,3450.4,13.8,17.3,0.7,88.5
TURB001,FARM01,2026-01-01T16:45:00Z,2026-01-01T16:47:00Z,3386.9,12.9,17.0,1.4,87.9
TURB001,FARM01,2026-01-01T16:50:00Z,2026-01-01T16:51:00Z,3129.7,12.1,15.1,1.5,84.0
TURB001,FARM01,2026-01-01T16:55:00Z,2026-01-01T17:13:00Z,3159.2,11.9,16.2,2.0,86.6
TURB001,FARM01,2026-01-01T17:00:00Z,2026-01-01T17:07:00Z,3348.5,13.1,17.1,1.8,89.0
TURB001,FARM01,2026-01-01T17:05:00Z,2026-01-01T17:06:00Z,2952.8,11.7,14.7,2.0,82.1
TURB001,FARM01,2026-01-01T17:10:00Z,2026-01-01T17:14:00Z,3057.2,12.1,14.9,1.9,81.5
TURB001,FARM01,2026-01-01T17:15:00Z,2026-01-01T17:33:00Z,3015.7,11.4,16.1,2.8,85.8
TURB001,FARM01,2026-01-01T17:20:00Z,2026-01-01T17:22:00Z,3335.9,12.5,16.9,2.1,84.9
TURB001,FARM01,2026-01-01T17:25:00Z,2026-01-01T17:32:00Z,2999.3,11.8,15.6,1.5,82.7
TURB001,FARM01,2026-01-01T17:30:00Z,2026-01-01T17:48:00Z,3375.4,13.3,15.7,1.6,82.8
TURB001,FARM01,2026-01-01T17:35:00Z,2026-01-01T17:42:00Z,3133.2,12.2,16.0,1.7,86.9
TURB001,FARM01,2026-01-01T17:40:00Z,2026-01-01T17:51:00Z,3120.8,12.5,15.1,2.0,83.0
TURB001,FARM01,2026-01-01T17:45:00Z,2026-01-01T17:52:00Z,3067.0,11.4,15.8,2.5,86.5
TURB001,FARM01,2026-01-01T17:50:00Z,2026-01-01T18:01:00Z,2903.2,10.9,15.4,3.2,83.3
TURB001,FARM01,2026-01-01T17:55:00Z,2026-01-01T18:02:00Z,2914.3,10.9,15.5,1.8,84.5
TURB001,FARM01,2026-01-01T18:00:00Z,2026-01-01T18:01:00Z,3254.1,12.5,16.3,2.3,86.7
TURB001,FARM01,2026-01-01T18:05:00Z,2026-01-01T18:07:00Z,3039.9,12.0,15.5,1.8,83.9
TURB001,FARM01,2026-01-01T18:10:00Z,2026-01-01T18:14:00Z,2902.0,11.2,15.7,1.9,86.8
TURB001,FARM01,2026-01-01T18:15:00Z,2026-01-01T18:16:00Z,3182.1,12.3,15.1,2.3,85.0
TURB001,FARM01,2026-01-01T18:20:00Z,2026-01-01T18:22:00Z,3046.4,11.8,16.3,2.3,86.1
TURB001,FARM01,2026-01-01T18:25:00Z,2026-01-01T18:36:00Z,3149.5,12.1,16.3,2.4,84.4
TURB001,FARM01,2026-01-01T18:30:00Z,2026-01-01T18:48:00Z,2934.1,10.9,15.5,3.2,84.8
TURB001,FARM01,2026-01-01T18:40:00Z,2026-01-01T18:42:00Z,2798.0,10.4,14.2,3.4,83.3
TURB001,FARM01,2026-01-01T18:45:00Z,2026-01-01T18:56:00Z,2835.2,10.7,15.8,3.4,84.7
TURB001,FARM01,2026-01-01T18:50:00Z,2026-01-01T18:54:00Z,2875.8,10.9,14.9,1.9,82.1
TURB001,FARM01,2026-01-01T18:55:00Z,2026-01-01T18:56:00Z,2649.0,9.8,14.3,2.8,84.1
TURB001,FARM01,2026-01-01T19:05:00Z,2026-01-01T19:16:00Z,2678.1,10.2,15.1,2.5,85.3
TURB001,FARM01,2026-01-01T19:10:00Z,2026-01-01T19:21:00Z,2703.1,9.6,15.1,3.6,85.2
TURB001,FARM01,2026-01-01T19:15:00Z,2026-01-01T19:16:00Z,2527.7,9.4,14.2,2.7,84.1
TURB001,FARM01,2026-01-01T19:20:00Z,2026-01-01T19:21:00Z,2562.7,10.0,13.7,3.2,80.6
TURB001,FARM01,2026-01-01T19:25:00Z,2026-01-01T19:43:00Z,2705.8,9.8,15.1,3.3,82.2
TURB001,FARM01,2026-01-01T19:30:00Z,2026-01-01T19:41:00Z,2778.7,10.5,15.6,1.9,83.4
TURB001,FARM01,2026-01-01T19:35:00Z,2026-01-01T19:53:00Z,2469.0,9.2,13.6,2.9,79.4
TURB001,FARM01,2026-01-01T19:40:00Z,2026-01-01T19:42:00Z,2526.2,9.0,14.6,3.3,83.0
TURB001,FARM01,2026-01-01T19:45:00Z,2026-01-01T19:47:00Z,2773.5,10.5,14.4,1.9,81.9
TURB001,FARM01,2026-01-01T19:50:00Z,2026-01-01T19:51:00Z,2696.3,10.3,13.9,3.5,79.9
TURB001,FARM01,2026-01-01T19:55:00Z,2026-01-01T19:56:00Z,2539.7,9.6,14.2,3.3,84.1
TURB001,FARM01,2026-01-01T20:00:00Z,2026-01-01T20:07:00Z,2433.0,9.4,13.3,2.7,81.2
TURB001,FARM01,2026-01-01T20:05:00Z,2026-01-01T20:30:00Z,2450.4,8.8,13.5,3.2,81.5
TURB001,FARM01,2026-01-01T20:10:00Z,2026-01-01T20:11:00Z,2610.1,9.6,13.6,2.5,82.0
TURB001,FARM01,2026-01-01T20:15:00Z,2026-01-01T20:26:00Z,2479.2,9.0,13.0,2.8,78.3
TURB001,FARM01,2026-01-01T20:20:00Z,2026-01-01T20:27:00Z,2764.3,10.6,15.0,2.2,84.5
TURB001,FARM01,2026-01-01T20:25:00Z,2026-01-01T20:36:00Z,2719.8,10.3,13.8,3.0,80.5
TURB001,FARM01,2026-01-01T20:30:00Z,2026-01-01T20:48:00Z,2828.9,10.2,15.1,3.4,83.3
TURB001,FARM01,2026-01-01T20:35:00Z,2026-01-01T20:46:00Z,2522.6,9.7,14.1,3.5,81.0
TURB001,FARM01,2026-01-01T20:40:00Z,2026-01-01T20:41:00Z,2255.1,8.2,13.6,4.2,81.3
TURB001,FARM01,2026-01-01T20:45:00Z,2026-01-01T21:03:00Z,2306.7,8.7,13.3,3.4,81.5
TURB001,FARM01,2026-01-01T20:55:00Z,2026-01-01T20:59:00Z,2390.2,8.6,12.7,4.1,79.1
TURB001,FARM01,2026-01-01T21:00:00Z,2026-01-01T21:02:00Z,2519.3,9.2,14.6,2.5,83.5
TURB001,FARM01,2026-01-01T21:05:00Z,2026-01-01T21:06:00Z,2529.2,9.9,13.7,3.1,82.4
TURB001,FARM01,2026-01-01T21:10:00Z,2026-01-01T21:12:00Z,2202.5,8.1,13.7,3.5,83.0
TURB001,FARM01,2026-01-01T21:15:00Z,2026-01-01T21:22:00Z,2540.5,9.1,14.9,3.1,84.3
TURB001,FARM01,2026-01-01T21:20:00Z,2026-01-01T21:38:00Z,2370.2,8.4,13.8,3.2,79.9
TURB001,FARM01,2026-01-01T21:25:00Z,2026-01-01T21:27:00Z,2444.5,8.6,14.5,2.9,83.7
TURB001,FARM01,2026-01-01T21:30:00Z,2026-01-01T21:31:00Z,2510.1,9.7,13.9,3.7,81.5
TURB001,FARM01,2026-01-01T21:35:00Z,2026-01-01T21:42:00Z,2377.1,8.3,14.3,3.6,80.6
TURB001,FARM01,2026-01-01T21:40:00Z,2026-01-01T21:42:00Z,2391.5,8.7,14.2,3.5,81.2
TURB001,FARM01,2026-01-01T21:45:00Z,2026-01-01T21:46:00Z,2460.4,8.8,14.6,3.7,84.0
TURB001,FARM01,2026-01-01T21:50:00Z,2026-01-01T21:57:00Z,2549.1,9.4,14.7,2.8,83.0
TURB001,FARM01,2026-01-01T21:55:00Z,2026-01-01T22:06:00Z,2243.5,8.1,14.3,3.2,83.9
TURB001,FARM01,2026-01-01T22:00:00Z,2026-01-01T22:01:00Z,2596.2,9.3,14.5,3.3,83.8
TURB001,FARM01,2026-01-01T22:05:00Z,2026-01-01T22:07:00Z,2033.5,7.1,12.4,3.5,79.0
TURB001,FARM01,2026-01-01T22:10:00Z,2026-01-01T22:21:00Z,2539.0,8.9,14.4,3.6,81.2
TURB001,FARM01,2026-01-01T22:15:00Z,2026-01-01T22:17:00Z,2237.3,7.9,14.0,4.4,81.9
TURB001,FARM01,2026-01-01T22:20:00Z,2026-01-01T22:21:00Z,2207.9,7.5,13.4,3.8,82.5
TURB001,FARM01,2026-01-01T22:25:00Z,2026-01-01T22:26:00Z,2055.7,7.2,13.1,4.2,78.8
TURB001,FARM01,2026-01-01T22:30:00Z,2026-01-01T22:37:00Z,2176.4,7.8,12.5,4.6,77.9
TURB001,FARM01,2026-01-01T22:35:00Z,2026-01-01T22:39:00Z,2291.3,8.5,13.8,4.1,79.5
TURB001,FARM01,2026-01-01T22:40:00Z,2026-01-01T22:44:00Z,2278.6,8.0,13.9,3.6,82.1
TURB001,FARM01,2026-01-01T22:45:00Z,2026-01-01T23:03:00Z,2193.3,8.0,12.9,3.4,81.1
TURB001,FARM01,2026-01-01T22:50:00Z,2026-01-01T22:52:00Z,1827.3,6.6,11.6,4.4,77.6
TURB001,FARM01,2026-01-01T22:55:00Z,2026-01-01T22:57:00Z,2144.6,7.1,13.2,4.6,81.9
TURB001,FARM01,2026-01-01T23:00:00Z,2026-01-01T23:18:00Z,2207.0,8.1,13.4,3.1,79.8
TURB001,FARM01,2026-01-01T23:05:00Z,2026-01-01T23:07:00Z,1961.3,6.9,11.8,4.0,77.6
TURB001,FARM01,2026-01-01T23:10:00Z,2026-01-01T23:12:00Z,2437.0,8.5,14.4,4.1,84.3
TURB001,FARM01,2026-01-01T23:15:00Z,2026-01-01T23:16:00Z,2211.1,8.0,13.3,3.8,80.6
TURB001,FARM01,2026-01-01T23:20:00Z,2026-01-01T23:21:00Z,1885.9,6.4,12.1,4.5,77.5
TURB001,FARM01,2026-01-01T23:30:00Z,2026-01-01T23:40:00Z,1845.3,6.2,12.2,5.2,79.4
TURB001,FARM01,2026-01-01T23:35:00Z,2026-01-01T23:46:00Z,2065.7,7.1,13.5,4.6,82.0
TURB001,FARM01,2026-01-01T23:40:00Z,2026-01-01T23:58:00Z,1827.4,6.1,12.3,4.4,78.1
TURB001,FARM01,2026-01-01T23:45:00Z,2026-01-01T23:46:00Z,2114.6,7.8,12.8,4.7,80.4
TURB001,FARM01,2026-01-01T23:50:00Z,2026-01-01T23:52:00Z,2080.7,6.9,13.2,4.0,82.3
TURB001,FARM01,2026-01-01T23:55:00Z,2026-01-02T00:13:00Z,2129.8,7.4,12.7,3.3,77.8
TURB001,FARM01,2026-01-02T00:00:00Z,2026-01-02T00:07:00Z,2086.5,7.2,12.1,4.8,77.1
TURB001,FARM01,2026-01-02T00:05:00Z,2026-01-02T00:23:00Z,1902.9,6.3,13.3,4.9,79.7
TURB001,FARM01,2026-01-02T00:10:00Z,2026-01-02T00:21:00Z,2153.2,7.6,12.7,4.5,79.0
TURB001,FARM01,2026-01-02T00:15:00Z,2026-01-02T00:33:00Z,2040.8,7.3,13.5,4.5,81.6
TURB001,FARM01,2026-01-02T00:20:00Z,2026-01-02T00:21:00Z,1887.8,6.5,12.7,5.2,79.9
TURB001,FARM01,2026-01-02T00:25:00Z,2026-01-02T00:27:00Z,2089.8,7.2,12.2,4.3,79.2
TURB001,FARM01,2026-01-02T00:30:00Z,2026-01-02T00:48:00Z,2115.3,7.8,12.7,4.0,80.3
TURB001,FARM01,2026-01-02T00:35:00Z,2026-01-02T00:53:00Z,1932.4,6.6,11.7,4.7,77.6
TURB001,FARM01,2026-01-02T00:40:00Z,2026-01-02T00:47:00Z,2199.8,7.9,13.7,3.1,79.9
TURB001,FARM01,2026-01-02T00:45:00Z,2026-01-02T00:52:00Z,2272.9,8.2,13.4,3.5,82.6
TURB001,FARM01,2026-01-02T00:50:00Z,2026-01-02T00:54:00Z,2116.4,7.1,13.1,4.8,81.0
TURB001,FARM01,2026-01-02T00:55:00Z,2026-01-02T00:59:00Z,1998.3,7.3,12.2,3.7,79.0
TURB001,FARM01,2026-01-02T01:00:00Z,2026-01-02T01:04:00Z,2183.9,7.7,13.5,4.3,80.9
TURB001,FARM01,2026-01-02T01:05:00Z,2026-01-02T01:12:00Z,1904.1,6.5,12.5,4.5,80.9
TURB001,FARM01,2026-01-02T01:10:00Z,2026-01-02T01:17:00Z,2329.3,8.1,14.0,3.4,80.9
TURB001,FARM01,2026-01-02T01:15:00Z,2026-01-02T01:19:00Z,2314.7,8.0,13.6,4.2,80.0
TURB001,FARM01,2026-01-02T01:20:00Z,2026-01-02T01:22:00Z,2287.0,8.1,13.7,3.2,81.8
TURB001,FARM01,2026-01-02T01:25:00Z,2026-01-02T01:50:00Z,1778.6,5.9,12.9,4.3,78.8
TURB001,FARM01,2026-01-02T01:30:00Z,2026-01-02T01:32:00Z,2112.8,7.0,13.0,3.7,82.0
TURB001,FARM01,2026-01-02T01:35:00Z,2026-01-02T01:39:00Z,1987.3,6.8,13.5,4.9,80.8
TURB001,FARM01,2026-01-02T01:40:00Z,2026-01-02T01:41:00Z,1971.0,6.6,12.8,5.1,78.1
TURB001,FARM01,2026-01-02T01:45:00Z,2026-01-02T02:03:00Z,2279.9,8.1,12.7,4.4,78.3
TURB001,FARM01,2026-01-02T01:50:00Z,2026-01-02T01:54:00Z,1834.5,6.3,12.8,5.1,78.9
TURB001,FARM01,2026-01-02T01:55:00Z,2026-01-02T02:13:00Z,2111.6,7.3,12.1,4.9,77.7
TURB001,FARM01,2026-01-02T02:00:00Z,2026-01-02T02:07:00Z,2256.9,8.1,12.6,3.8,78.5
TURB001,FARM01,2026-01-02T02:05:00Z,2026-01-02T02:09:00Z,1912.3,6.3,12.2,4.2,77.5
TURB001,FARM01,2026-01-02T02:10:00Z,2026-01-02T02:21:00Z,2189.0,7.3,13.4,3.6,82.2
TURB001,FARM01,2026-01-02T02:15:00Z,2026-01-02T02:22:00Z,1965.8,7.2,12.0,4.4,77.2
TURB001,FARM01,2026-01-02T02:20:00Z,2026-01-02T02:27:00Z,2200.3,8.3,12.5,3.5,79.0
TURB001,FARM01,2026-01-02T02:25:00Z,2026-01-02T02:26:00Z,2032.0,6.8,13.0,3.6,80.7
TURB001,FARM01,2026-01-02T02:30:00Z,2026-01-02T02:34:00Z,2234.2,7.7,13.0,3.4,80.9
TURB001,FARM01,2026-01-02T02:35:00Z,2026-01-02T02:37:00Z,2161.2,7.8,13.4,4.6,80.3
TURB001,FARM01,2026-01-02T02:40:00Z,2026-01-02T02:58:00Z,2113.5,7.3,12.8,4.9,79.2
TURB001,FARM01,2026-01-02T02:45:00Z,2026-01-02T02:46:00Z,2304.0,8.0,13.9,4.3,82.7
TURB001,FARM01,2026-01-02T02:50:00Z,2026-01-02T02:52:00Z,2068.1,7.5,13.0,3.8,81.8
TURB001,FARM01,2026-01-02T02:55:00Z,2026-01-02T02:57:00Z,2056.1,7.6,12.4,3.7,79.1
TURB001,FARM01,2026-01-02T03:00:00Z,2026-01-02T03:02:00Z,2170.5,8.0,13.3,4.4,80.4
TURB001,FARM01,2026-01-02T03:05:00Z,2026-01-02T03:06:00Z,2190.3,7.6,13.0,3.3,79.9
TURB001,FARM01,2026-01-02T03:10:00Z,2026-01-02T03:17:00Z,2060.1,7.3,13.5,4.5,81.3
TURB001,FARM01,2026-01-02T03:15:00Z,2026-01-02T03:33:00Z,2345.1,8.1,13.5,3.0,82.4
TURB001,FARM01,2026-01-02T03:20:00Z,2026-01-02T03:31:00Z,1991.3,6.6,12.3,4.9,79.9
TURB001,FARM01,2026-01-02T03:25:00Z,2026-01-02T03:26:00Z,2141.1,7.4,13.7,4.0,83.0
TURB001,FARM01,2026-01-02T03:30:00Z,2026-01-02T03:32:00Z,2279.2,8.2,13.8,3.8,82.0
TURB001,FARM01,2026-01-02T03:35:00Z,2026-01-02T03:36:00Z,2496.5,9.0,13.7,2.8,83.2
TURB001,FARM01,2026-01-02T03:40:00Z,2026-01-02T03:42:00Z,2435.8,9.0,13.8,3.7,81.2
TURB001,FARM01,2026-01-02T03:45:00Z,2026-01-02T03:46:00Z,2109.7,7.3,12.6,3.7,81.1
TURB001,FARM01,2026-01-02T03:50:00Z,2026-01-02T03:52:00Z,2073.8,6.9,12.9,4.5,81.7
TURB001,FARM01,2026-01-02T03:55:00Z,2026-01-02T03:56:00Z,2079.2,7.3,12.1,3.4,79.0
TURB001,FARM01,2026-01-02T04:00:00Z,2026-01-02T04:01:00Z,2112.9,7.5,12.1,3.9,78.7
TURB001,FARM01,2026-01-02T04:05:00Z,2026-01-02T04:12:00Z,2156.7,7.3,13.9,3.7,83.2
TURB001,FARM01,2026-01-02T04:10:00Z,2026-01-02T04:14:00Z,2179.7,7.6,13.8,4.8,81.6
TURB001,FARM01,2026-01-02T04:15:00Z,2026-01-02T04:26:00Z,2144.3,7.2,13.7,4.8,83.0
TURB001,FARM01,2026-01-02T04:20:00Z,2026-01-02T04:27:00Z,2266.9,8.5,12.7,3.3,80.1
TURB001,FARM01,2026-01-02T04:25:00Z,2026-01-02T04:27:00Z,2421.8,8.9,13.6,3.1,79.9
TURB001,FARM01,2026-01-02T04:30:00Z,2026-01-02T04:41:00Z,2562.4,9.3,13.7,3.5,82.5
TURB001,FARM01,2026-01-02T04:35:00Z,2026-01-02T04:36:00Z,2554.9,9.7,14.4,2.5,81.5
TURB001,FARM01,2026-01-02T04:40:00Z,2026-01-02T04:44:00Z,2578.4,9.6,15.0,2.4,84.3
TURB001,FARM01,2026-01-02T04:45:00Z,2026-01-02T04:47:00Z,2379.7,8.4,13.7,2.9,79.6
TURB001,FARM01,2026-01-02T04:50:00Z,2026-01-02T04:52:00Z,2352.9,8.7,14.5,3.2,84.4
TURB001,FARM01,2026-01-02T04:55:00Z,2026-01-02T04:57:00Z,2564.2,9.9,13.7,3.7,81.2
TURB001,FARM01,2026-01-02T05:00:00Z,2026-01-02T05:07:00Z,2336.7,8.6,13.2,3.2,79.5
TURB001,FARM01,2026-01-02T05:05:00Z,2026-01-02T05:23:00Z,2374.7,8.5,13.3,4.2,80.5
TURB001,FARM01,2026-01-02T05:10:00Z,2026-01-02T05:12:00Z,2499.4,9.6,13.9,2.6,80.9
TURB001,FARM01,2026-01-02T05:15:00Z,2026-01-02T05:19:00Z,2576.0,9.7,13.3,3.1,81.0
TURB001,FARM01,2026-01-02T05:20:00Z,2026-01-02T05:27:00Z,2289.0,8.3,13.2,3.5,81.7
TURB001,FARM01,2026-01-02T05:25:00Z,2026-01-02T05:27:00Z,2417.1,8.7,14.3,4.3,82.9
TURB001,FARM01,2026-01-02T05:30:00Z,2026-01-02T05:31:00Z,2574.4,9.9,14.1,2.4,82.2
TURB001,FARM01,2026-01-02T05:35:00Z,2026-01-02T05:36:00Z,2519.3,9.4,14.8,2.5,84.5
TURB001,FARM01,2026-01-02T05:40:00Z,2026-01-02T05:55:00Z,2472.1,9.3,14.7,2.8,83.9
TURB001,FARM01,2026-01-02T05:45:00Z,2026-01-02T05:46:00Z,2385.8,8.5,13.9,4.3,83.2
TURB001,FARM01,2026-01-02T05:50:00Z,2026-01-02T05:54:00Z,2302.8,8.4,13.7,2.8,81.4
TURB001,FARM01,2026-01-02T05:55:00Z,2026-01-02T05:56:00Z,2458.2,8.5,14.3,3.8,83.5
TURB001,FARM01,2026-01-02T06:00:00Z,2026-01-02T06:07:00Z,2802.4,10.8,15.0,2.1,84.0
TURB001,FARM01,2026-01-02T06:05:00Z,2026-01-02T06:07:00Z,2516.9,9.3,13.9,3.0,81.2
TURB001,FARM01,2026-01-02T06:10:00Z,2026-01-02T06:11:00Z,2616.3,9.5,14.8,2.5,85.2
TURB001,FARM01,2026-01-02T06:15:00Z,2026-01-02T06:17:00Z,2370.3,9.0,13.7,3.4,79.5
TURB001,FARM01,2026-01-02T06:20:00Z,2026-01-02T06:42:00Z,2592.8,9.1,14.6,3.5,82.2
TURB001,FARM01,2026-01-02T06:25:00Z,2026-01-02T06:29:00Z,2904.3,11.2,14.7,3.0,83.7
TURB001,FARM01,2026-01-02T06:30:00Z,2026-01-02T06:31:00Z,2450.3,9.2,13.2,4.0,82.0
TURB001,FARM01,2026-01-02T06:35:00Z,2026-01-02T06:46:00Z,2562.7,9.6,14.9,2.3,82.2
TURB001,FARM01,2026-01-02T06:40:00Z,2026-01-02T06:47:00Z,3015.6,11.5,15.0,2.3,83.7
TURB001,FARM01,2026-01-02T06:45:00Z,2026-01-02T06:52:00Z,2680.1,10.2,15.1,3.3,84.5
TURB001,FARM01,2026-01-02T06:50:00Z,2026-01-02T07:01:00Z,2600.8,9.5,14.1,3.7,81.3
TURB001,FARM01,2026-01-02T06:55:00Z,2026-01-02T06:57:00Z,3028.7,11.8,15.2,2.3,85.0
TURB001,FARM01,2026-01-02T07:00:00Z,2026-01-02T07:01:00Z,2835.9,10.4,15.6,2.6,85.3
TURB001,FARM01,2026-01-02T07:05:00Z,2026-01-02T07:16:00Z,2929.1,11.5,15.0,1.8,81.8
TURB001,FARM01,2026-01-02T07:10:00Z,2026-01-02T07:11:00Z,2930.2,11.4,15.6,2.6,83.8
TURB001,FARM01,2026-01-02T07:15:00Z,2026-01-02T07:26:00Z,3041.9,12.1,15.6,2.4,83.0
TURB001,FARM01,2026-01-02T07:20:00Z,2026-01-02T07:21:00Z,2859.3,11.0,15.2,2.3,81.9
TURB001,FARM01,2026-01-02T07:25:00Z,2026-01-02T07:26:00Z,2990.8,11.4,15.9,2.9,83.1
TURB001,FARM01,2026-01-02T07:30:00Z,2026-01-02T07:41:00Z,3064.8,11.8,15.7,2.9,83.6
TURB001,FARM01,2026-01-02T07:35:00Z,2026-01-02T07:53:00Z,2702.9,10.5,14.4,2.3,81.0
TURB001,FARM01,2026-01-02T07:40:00Z,2026-01-02T08:02:00Z,2938.1,10.9,15.6,2.3,86.3
TURB001,FARM01,2026-01-02T07:45:00Z,2026-01-02T07:56:00Z,3028.8,11.8,15.5,1.5,82.3
TURB001,FARM01,2026-01-02T07:50:00Z,2026-01-02T07:52:00Z,3202.0,12.3,15.5,1.6,85.7
TURB001,FARM01,2026-01-02T07:55:00Z,2026-01-02T08:06:00Z,2881.9,11.2,15.4,2.7,84.1
TURB001,FARM01,2026-01-02T08:00:00Z,2026-01-02T08:02:00Z,3271.7,12.8,15.8,1.9,84.8
TURB001,FARM01,2026-01-02T08:05:00Z,2026-01-02T08:07:00Z,3011.2,11.4,14.9,2.7,82.8
TURB001,FARM01,2026-01-02T08:10:00Z,2026-01-02T08:28:00Z,3201.3,12.1,15.9,2.2,85.1
TURB001,FARM01,2026-01-02T08:15:00Z,2026-01-02T08:26:00Z,3218.2,13.0,15.7,2.0,86.1
TURB001,FARM01,2026-01-02T08:20:00Z,2026-01-02T08:31:00Z,3100.1,12.4,15.2,1.5,82.9
TURB001,FARM01,2026-01-02T08:25:00Z,2026-01-02T08:36:00Z,3208.4,12.8,15.3,2.4,84.0
TURB001,FARM01,2026-01-02T08:30:00Z,2026-01-02T08:31:00Z,3205.4,12.3,16.5,1.6,87.6
TURB001,FARM01,2026-01-02T08:35:00Z,2026-01-02T08:46:00Z,2943.5,11.3,14.8,2.6,81.8
TURB001,FARM01,2026-01-02T08:40:00Z,2026-01-02T08:42:00Z,3331.9,13.5,16.2,1.8,84.0
TURB001,FARM01,2026-01-02T08:45:00Z,2026-01-02T08:56:00Z,3189.4,12.4,16.0,1.9,85.5
TURB001,FARM01,2026-01-02T08:50:00Z,2026-01-02T09:08:00Z,3288.0,12.4,16.3,2.1,84.3
TURB001,FARM01,2026-01-02T08:55:00Z,2026-01-02T08:57:00Z,3077.0,11.6,15.3,2.9,82.5
TURB001,FARM01,2026-01-02T09:00:00Z,2026-01-02T09:01:00Z,3115.3,12.3,15.5,2.3,84.5
TURB001,FARM01,2026-01-02T09:05:00Z,2026-01-02T09:15:00Z,3293.4,12.5,16.4,1.5,85.1
TURB001,FARM01,2026-01-02T09:10:00Z,2026-01-02T09:12:00Z,3500.0,13.6,17.0,1.6,85.5
TURB001,FARM01,2026-01-02T09:15:00Z,2026-01-02T09:26:00Z,3290.5,12.9,16.3,1.3,85.5
TURB001,FARM01,2026-01-02T09:20:00Z,2026-01-02T09:22:00Z,3364.2,13.2,15.8,1.7,84.4
TURB001,FARM01,2026-01-02T09:25:00Z,2026-01-02T09:47:00Z,3240.9,12.8,16.1,0.8,84.2
TURB001,FARM01,2026-01-02T09:30:00Z,2026-01-02T09:34:00Z,3156.5,12.1,16.5,1.5,85.3
TURB001,FARM01,2026-01-02T09:35:00Z,2026-01-02T09:46:00Z,3408.4,13.5,16.6,2.1,85.4
TURB001,FARM01,2026-01-02T09:40:00Z,2026-01-02T09:44:00Z,3429.7,13.4,16.2,1.9,86.0
TURB001,FARM01,2026-01-02T09:45:00Z,2026-01-02T09:46:00Z,3500.0,14.2,17.2,1.3,86.5
TURB001,FARM01,2026-01-02T09:50:00Z,2026-01-02T10:01:00Z,3180.2,12.5,16.4,1.8,85.6
TURB001,FARM01,2026-01-02T09:55:00Z,2026-01-02T09:57:00Z,3419.5,13.2,16.4,1.5,87.5
TURB001,FARM01,2026-01-02T10:00:00Z,2026-01-02T10:01:00Z,3424.1,13.5,16.6,0.7,85.5
TURB001,FARM01,2026-01-02T10:05:00Z,2026-01-02T10:23:00Z,3500.0,14.3,18.0,0.9,87.4
TURB001,FARM01,2026-01-02T10:10:00Z,2026-01-02T10:11:00Z,3327.9,13.3,16.5,1.8,85.8
TURB001,FARM01,2026-01-02T10:15:00Z,2026-01-02T10:33:00Z,3500.0,14.3,16.5,0.2,85.0
TURB001,FARM01,2026-01-02T10:20:00Z,2026-01-02T10:24:00Z,3500.0,13.8,17.3,1.2,87.5
TURB001,FARM01,2026-01-02T10:25:00Z,2026-01-02T10:43:00Z,3500.0,14.3,17.7,0.7,89.5
TURB001,FARM01,2026-01-02T10:30:00Z,2026-01-02T10:34:00Z,3500.0,13.8,17.8,0.5,89.5
TURB001,FARM01,2026-01-02T10:35:00Z,2026-01-02T10:36:00Z,3500.0,14.7,16.4,0.4,87.3
TURB001,FARM01,2026-01-02T10:40:00Z,2026-01-02T10:51:00Z,3500.0,14.5,16.7,1.4,86.7
TURB001,FARM01,2026-01-02T10:45:00Z,2026-01-02T10:52:00Z,3218.5,13.1,15.6,1.1,83.4
TURB001,FARM01,2026-01-02T10:50:00Z,2026-01-02T10:54:00Z,3500.0,14.0,17.1,0.6,89.0
TURB001,FARM01,2026-01-02T10:55:00Z,2026-01-02T11:06:00Z,3500.0,15.0,17.6,1.3,89.1
TURB001,FARM01,2026-01-02T11:00:00Z,2026-01-02T11:02:00Z,3500.0,15.0,18.5,1.2,87.9
TURB001,FARM01,2026-01-02T11:05:00Z,2026-01-02T11:07:00Z,3320.2,13.2,16.1,1.1,86.7
TURB001,FARM01,2026-01-02T11:10:00Z,2026-01-02T11:11:00Z,3500.0,14.3,16.6,0.8,86.0
TURB001,FARM01,2026-01-02T11:15:00Z,2026-01-02T11:33:00Z,3500.0,13.9,17.3,1.5,89.0
TURB001,FARM01,2026-01-02T11:20:00Z,2026-01-02T11:38:00Z,3453.8,13.7,15.7,1.7,85.7
TURB001,FARM01,2026-01-02T11:25:00Z,2026-01-02T11:36:00Z,3500.0,14.5,17.6,1.4,89.1
TURB001,FARM01,2026-01-02T11:30:00Z,2026-01-02T11:32:00Z,3500.0,15.0,17.5,0.4,86.9
TURB001,FARM01,2026-01-02T11:35:00Z,2026-01-02T11:36:00Z,3500.0,14.4,17.1,0.7,87.8
TURB001,FARM01,2026-01-02T11:40:00Z,2026-01-02T11:58:00Z,3500.0,14.6,17.9,0.1,90.2
TURB001,FARM01,2026-01-02T11:45:00Z,2026-01-02T11:49:00Z,3336.2,13.1,17.3,1.0,88.1
TURB001,FARM01,2026-01-02T11:50:00Z,2026-01-02T11:57:00Z,3439.7,13.5,17.5,1.0,88.3
TURB001,FARM01,2026-01-02T11:55:00Z,2026-01-02T11:57:00Z,3500.0,14.7,17.6,0.0,88.5
TURB001,FARM01,2026-01-02T12:05:00Z,2026-01-02T12:07:00Z,3465.5,14.2,16.2,0.4,84.4
TURB001,FARM01,2026-01-02T12:10:00Z,2026-01-02T12:21:00Z,3500.0,14.5,17.1,0.1,86.4
TURB001,FARM01,2026-01-02T12:15:00Z,2026-01-02T12:16:00Z,3500.0,14.9,17.4,0.3,85.9
TURB001,FARM01,2026-01-02T12:20:00Z,2026-01-02T12:22:00Z,3500.0,14.0,17.7,0.5,89.1
TURB001,FARM01,2026-01-02T12:25:00Z,2026-01-02T12:27:00Z,3500.0,14.8,17.7,0.1,88.4
TURB001,FARM01,2026-01-02T12:30:00Z,2026-01-02T12:48:00Z,3500.0,14.3,17.5,1.2,86.4
TURB001,FARM01,2026-01-02T12:35:00Z,2026-01-02T12:46:00Z,3500.0,15.3,16.9,0.0,87.7
TURB001,FARM01,2026-01-02T12:40:00Z,2026-01-02T12:42:00Z,3500.0,14.1,16.8,1.5,85.6
TURB001,FARM01,2026-01-02T12:45:00Z,2026-01-02T12:49:00Z,3500.0,14.6,17.5,1.0,88.8
TURB001,FARM01,2026-01-02T12:50:00Z,2026-01-02T12:52:00Z,3500.0,13.8,17.0,0.7,86.4
TURB001,FARM01,2026-01-02T12:55:00Z,2026-01-02T12:56:00Z,3500.0,14.5,16.4,0.9,86.3
TURB001,FARM01,2026-01-02T13:00:00Z,2026-01-02T13:07:00Z,3500.0,15.7,18.8,0.0,91.4
TURB001,FARM01,2026-01-02T13:05:00Z,2026-01-02T13:06:00Z,3500.0,14.6,16.6,0.8,88.2
TURB001,FARM01,2026-01-02T13:10:00Z,2026-01-02T13:14:00Z,3338.7,13.3,15.9,2.1,86.9
TURB001,FARM01,2026-01-02T13:15:00Z,2026-01-02T13:17:00Z,3500.0,14.8,17.4,0.6,88.4
TURB001,FARM01,2026-01-02T13:20:00Z,2026-01-02T13:27:00Z,3500.0,14.0,16.5,1.1,84.8
TURB001,FARM01,2026-01-02T13:25:00Z,2026-01-02T13:36:00Z,3500.0,14.2,17.3,1.5,88.1
TURB001,FARM01,2026-01-02T13:30:00Z,2026-01-02T13:48:00Z,3500.0,15.0,18.2,0.0,87.3
TURB001,FARM01,2026-01-02T13:35:00Z,2026-01-02T13:36:00Z,3500.0,14.7,16.4,1.0,86.6
TURB001,FARM01,2026-01-02T13:40:00Z,2026-01-02T13:44:00Z,3500.0,14.9,17.9,0.1,90.2
TURB001,FARM01,2026-01-02T13:45:00Z,2026-01-02T13:46:00Z,3470.8,13.6,15.9,1.7,84.2
TURB001,FARM01,2026-01-02T13:50:00Z,2026-01-02T13:51:00Z,3500.0,14.0,16.8,1.1,85.6
TURB001,FARM01,2026-01-02T13:55:00Z,2026-01-02T13:57:00Z,3500.0,14.4,17.2,0.2,88.6
TURB001,FARM01,2026-01-02T14:00:00Z,2026-01-02T14:01:00Z,3396.3,13.8,16.0,1.3,86.1
TURB001,FARM01,2026-01-02T14:05:00Z,2026-01-02T14:07:00Z,3398.1,13.3,17.2,1.0,87.1
TURB001,FARM01,2026-01-02T14:10:00Z,2026-01-02T14:21:00Z,3500.0,13.6,17.6,0.6,89.1
TURB001,FARM01,2026-01-02T14:15:00Z,2026-01-02T14:22:00Z,3478.2,13.6,16.2,1.9,84.8
TURB001,FARM01,2026-01-02T14:20:00Z,2026-01-02T14:21:00Z,3419.2,13.4,16.9,0.7,85.6
TURB001,FARM01,2026-01-02T14:25:00Z,2026-01-02T14:32:00Z,3500.0,15.3,16.8,0.4,85.8
TURB001,FARM01,2026-01-02T14:30:00Z,2026-01-02T14:32:00Z,3406.3,13.2,16.3,1.2,85.0
TURB001,FARM01,2026-01-02T14:35:00Z,2026-01-02T14:37:00Z,3500.0,14.1,17.1,1.0,88.2
TURB001,FARM01,2026-01-02T14:40:00Z,2026-01-02T14:41:00Z,3458.6,13.3,17.4,0.6,87.7
TURB001,FARM01,2026-01-02T14:45:00Z,2026-01-02T14:46:00Z,3500.0,15.2,16.6,0.8,87.7
TURB001,FARM01,2026-01-02T14:50:00Z,2026-01-02T14:52:00Z,3500.0,13.4,17.5,1.3,89.6
TURB001,FARM01,2026-01-02T14:55:00Z,2026-01-02T15:02:00Z,3500.0,14.5,16.4,1.5,87.5
TURB001,FARM01,2026-01-02T15:00:00Z,2026-01-02T15:11:00Z,3500.0,13.9,17.3,1.3,87.5
TURB001,FARM01,2026-01-02T15:05:00Z,2026-01-02T15:09:00Z,3270.1,12.9,16.4,1.5,87.7
TURB001,FARM01,2026-01-02T15:10:00Z,2026-01-02T15:28:00Z,3500.0,14.8,18.2,0.6,90.3
TURB001,FARM01,2026-01-02T15:15:00Z,2026-01-02T15:17:00Z,3349.8,13.3,15.6,0.9,85.7
TURB001,FARM01,2026-01-02T15:20:00Z,2026-01-02T15:22:00Z,3262.4,12.9,16.1,1.3,83.9
TURB001,FARM01,2026-01-02T15:25:00Z,2026-01-02T15:29:00Z,3500.0,13.7,16.6,1.8,84.6
TURB001,FARM01,2026-01-02T15:30:00Z,2026-01-02T15:31:00Z,3500.0,14.5,17.6,0.1,89.3
TURB001,FARM01,2026-01-02T15:35:00Z,2026-01-02T15:37:00Z,3500.0,14.2,17.9,0.9,86.7
TURB001,FARM01,2026-01-02T15:40:00Z,2026-01-02T15:58:00Z,3157.9,12.5,15.8,1.7,85.9
TURB001,FARM01,2026-01-02T15:45:00Z,2026-01-02T15:47:00Z,3314.8,12.6,16.7,1.1,84.6
TURB001,FARM01,2026-01-02T15:50:00Z,2026-01-02T15:54:00Z,3299.7,12.6,16.7,1.5,87.0
TURB001,FARM01,2026-01-02T15:55:00Z,2026-01-02T15:57:00Z,3500.0,14.5,16.3,1.7,84.5
TURB001,FARM01,2026-01-02T16:00:00Z,2026-01-02T16:01:00Z,3305.7,12.4,16.6,2.3,84.8
TURB001,FARM01,2026-01-02T16:05:00Z,2026-01-02T16:16:00Z,3153.6,12.5,16.2,2.3,85.1
TURB001,FARM01,2026-01-02T16:10:00Z,2026-01-02T16:11:00Z,3236.7,12.5,15.4,1.3,83.3
TURB001,FARM01,2026-01-02T16:15:00Z,2026-01-02T16:25:00Z,3500.0,13.5,16.8,1.6,86.6
TURB001,FARM01,2026-01-02T16:20:00Z,2026-01-02T16:22:00Z,3172.4,12.2,15.6,1.8,85.0
TURB001,FARM01,2026-01-02T16:25:00Z,2026-01-02T16:32:00Z,3488.1,13.4,17.2,1.8,89.1
TURB001,FARM01,2026-01-02T16:30:00Z,2026-01-02T16:34:00Z,3319.8,13.0,16.9,1.3,86.9
TURB001,FARM01,2026-01-02T16:35:00Z,2026-01-02T16:36:00Z,3167.8,12.2,15.5,1.5,85.9
TURB001,FARM01,2026-01-02T16:40:00Z,2026-01-02T16:42:00Z,3410.4,13.6,16.6,1.0,86.6
TURB001,FARM01,2026-01-02T16:45:00Z,2026-01-02T16:46:00Z,3160.3,11.9,15.9,1.7,86.4
TURB001,FARM01,2026-01-02T16:50:00Z,2026-01-02T16:52:00Z,3440.0,13.4,17.4,1.5,89.6
TURB001,FARM01,2026-01-02T16:55:00Z,2026-01-02T16:56:00Z,3161.6,11.9,15.8,2.5,85.7
TURB001,FARM01,2026-01-02T17:00:00Z,2026-01-02T17:18:00Z,3396.4,13.1,16.1,1.6,83.9
TURB001,FARM01,2026-01-02T17:05:00Z,2026-01-02T17:06:00Z,3220.8,12.7,15.4,1.0,82.5
TURB001,FARM01,2026-01-02T17:10:00Z,2026-01-02T17:12:00Z,3100.7,12.5,15.0,2.4,82.4
TURB001,FARM01,2026-01-02T17:15:00Z,2026-01-02T17:17:00Z,3462.5,13.4,17.2,1.1,85.4
TURB001,FARM01,2026-01-02T17:20:00Z,2026-01-02T17:31:00Z,3337.9,13.0,17.0,2.1,88.7
TURB001,FARM01,2026-01-02T17:25:00Z,2026-01-02T17:36:00Z,3220.4,12.5,15.7,1.5,86.5
TURB001,FARM01,2026-01-02T17:30:00Z,2026-01-02T17:37:00Z,3423.5,12.9,17.2,1.8,85.9
TURB001,FARM01,2026-01-02T17:35:00Z,2026-01-02T17:37:00Z,3022.9,11.4,15.5,1.7,83.7
TURB001,FARM01,2026-01-02T17:40:00Z,2026-01-02T17:41:00Z,2938.3,11.3,14.3,2.7,82.5
TURB001,FARM01,2026-01-02T17:45:00Z,2026-01-02T17:46:00Z,2928.1,11.2,14.9,2.9,83.7
TURB001,FARM01,2026-01-02T17:50:00Z,2026-01-02T17:52:00Z,3336.0,12.9,15.5,2.0,83.4
TURB001,FARM01,2026-01-02T17:55:00Z,2026-01-02T18:02:00Z,3221.5,12.1,16.7,2.5,87.1
TURB001,FARM01,2026-01-02T18:00:00Z,2026-01-02T18:01:00Z,2946.9,11.6,15.0,1.8,81.7
TURB001,FARM01,2026-01-02T18:05:00Z,2026-01-02T18:16:00Z,3031.2,12.2,14.9,1.8,83.0
TURB001,FARM01,2026-01-02T18:10:00Z,2026-01-02T18:12:00Z,2985.9,11.5,15.2,2.3,82.2
TURB001,FARM01,2026-01-02T18:15:00Z,2026-01-02T18:16:00Z,2735.0,10.7,14.1,3.2,81.1
TURB001,FARM01,2026-01-02T18:20:00Z,2026-01-02T18:21:00Z,2719.9,10.4,14.1,2.5,82.8
TURB001,FARM01,2026-01-02T18:25:00Z,2026-01-02T18:27:00Z,2918.5,10.9,16.0,3.1,86.1
TURB001,FARM01,2026-01-02T18:30:00Z,2026-01-02T18:41:00Z,3061.4,11.5,15.3,1.5,83.3
TURB001,FARM01,2026-01-02T18:35:00Z,2026-01-02T18:37:00Z,3014.1,11.6,15.9,2.5,84.1
TURB001,FARM01,2026-01-02T18:40:00Z,2026-01-02T18:41:00Z,2609.0,10.1,14.4,2.9,82.4
TURB001,FARM01,2026-01-02T18:45:00Z,2026-01-02T18:46:00Z,2774.7,10.8,14.6,2.8,83.2
TURB001,FARM01,2026-01-02T18:50:00Z,2026-01-02T19:01:00Z,2670.5,10.2,14.9,3.6,83.2
TURB001,FARM01,2026-01-02T18:55:00Z,2026-01-02T19:02:00Z,2864.0,10.8,15.7,2.2,85.3
TURB001,FARM01,2026-01-02T19:00:00Z,2026-01-02T19:02:00Z,3010.6,11.7,15.2,2.1,83.0
TURB001,FARM01,2026-01-02T19:05:00Z,2026-01-02T19:12:00Z,2932.3,11.5,15.5,1.7,85.2
TURB001,FARM01,2026-01-02T19:10:00Z,2026-01-02T19:21:00Z,2875.9,11.3,15.1,2.7,82.6
TURB001,FARM01,2026-01-02T19:15:00Z,2026-01-02T19:17:00Z,2930.3,11.3,15.1,2.4,85.1
TURB001,FARM01,2026-01-02T19:20:00Z,2026-01-02T19:22:00Z,2698.9,10.4,13.9,3.4,82.4
TURB001,FARM01,2026-01-02T19:25:00Z,2026-01-02T19:27:00Z,2653.4,9.4,14.7,2.6,84.9
TURB001,FARM01,2026-01-02T19:30:00Z,2026-01-02T19:32:00Z,2602.9,9.4,14.0,4.0,81.5
TURB001,FARM01,2026-01-02T19:35:00Z,2026-01-02T19:46:00Z,2783.6,11.0,14.6,3.1,84.5
TURB001,FARM01,2026-01-02T19:40:00Z,2026-01-02T19:41:00Z,2793.6,10.2,14.7,3.4,83.1
TURB001,FARM01,2026-01-02T19:45:00Z,2026-01-02T19:47:00Z,2823.6,10.7,15.2,2.6,83.5
TURB001,FARM01,2026-01-02T19:50:00Z,2026-01-02T19:51:00Z,2638.0,10.1,14.7,3.6,81.4
TURB001,FARM01,2026-01-02T19:55:00Z,2026-01-02T20:13:00Z,2794.0,10.5,15.6,3.3,86.0
TURB001,FARM01,2026-01-02T20:00:00Z,2026-01-02T20:11:00Z,2675.4,10.0,14.4,2.4,82.1
TURB001,FARM01,2026-01-02T20:05:00Z,2026-01-02T20:09:00Z,2452.3,8.6,14.4,3.3,81.5
TURB001,FARM01,2026-01-02T20:10:00Z,2026-01-02T20:28:00Z,2701.5,10.6,13.9,3.1,80.8
TURB001,FARM01,2026-01-02T20:15:00Z,2026-01-02T20:33:00Z,2747.6,10.4,15.1,3.5,82.6
TURB001,FARM01,2026-01-02T20:20:00Z,2026-01-02T20:38:00Z,2609.8,10.1,14.2,3.2,82.6
TURB001,FARM01,2026-01-02T20:25:00Z,2026-01-02T20:26:00Z,2486.4,8.7,14.4,3.9,83.5
TURB001,FARM01,2026-01-02T20:30:00Z,2026-01-02T20:31:00Z,2430.7,9.4,13.4,2.9,80.9
TURB001,FARM01,2026-01-02T20:35:00Z,2026-01-02T20:36:00Z,2307.0,8.5,14.3,3.1,80.6
TURB001,FARM01,2026-01-02T20:40:00Z,2026-01-02T20:41:00Z,2731.8,10.2,15.0,2.5,84.8
TURB001,FARM01,2026-01-02T20:45:00Z,2026-01-02T21:03:00Z,2610.4,9.5,13.7,3.1,81.1
TURB001,FARM01,2026-01-02T20:50:00Z,2026-01-02T20:51:00Z,2524.8,9.2,13.7,2.7,82.9
TURB001,FARM01,2026-01-02T20:55:00Z,2026-01-02T20:57:00Z,2391.8,8.4,13.3,3.1,81.0
TURB001,FARM01,2026-01-02T21:00:00Z,2026-01-02T21:01:00Z,2447.9,9.2,14.4,2.9,82.1
TURB001,FARM01,2026-01-02T21:05:00Z,2026-01-02T21:09:00Z,2310.0,8.7,13.0,2.9,81.3
TURB001,FARM01,2026-01-02T21:10:00Z,2026-01-02T21:28:00Z,2588.4,9.2,14.5,2.9,84.2
TURB001,FARM01,2026-01-02T21:15:00Z,2026-01-02T21:16:00Z,2233.0,8.1,13.3,4.1,81.9
TURB001,FARM01,2026-01-02T21:20:00Z,2026-01-02T21:24:00Z,2181.8,7.4,13.9,4.8,83.1
TURB001,FARM01,2026-01-02T21:25:00Z,2026-01-02T21:29:00Z,2224.0,8.0,12.5,3.1,81.3
TURB001,FARM01,2026-01-02T21:30:00Z,2026-01-02T21:32:00Z,2184.4,7.9,13.7,4.5,80.4
TURB001,FARM01,2026-01-02T21:35:00Z,2026-01-02T21:37:00Z,2594.5,9.4,14.7,3.7,83.4
TURB001,FARM01,2026-01-02T21:40:00Z,2026-01-02T21:51:00Z,2431.7,8.9,14.1,4.2,81.1
TURB001,FARM01,2026-01-02T21:45:00Z,2026-01-02T21:47:00Z,2405.5,8.8,14.0,4.2,83.0
TURB001,FARM01,2026-01-02T21:50:00Z,2026-01-02T21:54:00Z,2375.3,8.7,14.0,3.5,83.5
TURB001,FARM01,2026-01-02T21:55:00Z,2026-01-02T21:57:00Z,2427.4,9.0,14.6,4.0,81.5
TURB001,FARM01,2026-01-02T22:00:00Z,2026-01-02T22:07:00Z,2482.7,8.7,14.2,3.6,83.7
TURB001,FARM01,2026-01-02T22:05:00Z,2026-01-02T22:12:00Z,2280.9,8.4,13.0,3.2,81.6
TURB001,FARM01,2026-01-02T22:10:00Z,2026-01-02T22:11:00Z,2107.1,7.7,13.3,3.9,79.0
TURB001,FARM01,2026-01-02T22:15:00Z,2026-01-02T22:26:00Z,2176.7,7.9,12.6,3.3,80.2
TURB001,FARM01,2026-01-02T22:20:00Z,2026-01-02T22:38:00Z,2008.3,6.8,13.3,3.8,79.4
TURB001,FARM01,2026-01-02T22:25:00Z,2026-01-02T22:27:00Z,2032.0,7.0,13.4,3.8,79.1
TURB001,FARM01,2026-01-02T22:35:00Z,2026-01-02T22:37:00Z,2072.8,7.3,12.0,4.0,77.2
TURB001,FARM01,2026-01-02T22:40:00Z,2026-01-02T22:51:00Z,2216.1,7.7,13.6,3.3,81.6
TURB001,FARM01,2026-01-02T22:45:00Z,2026-01-02T22:46:00Z,2155.9,7.5,12.9,3.2,80.1
TURB001,FARM01,2026-01-02T22:50:00Z,2026-01-02T22:52:00Z,2303.6,8.5,14.1,3.6,80.1
TURB001,FARM01,2026-01-02T22:55:00Z,2026-01-02T22:59:00Z,2043.4,6.9,13.4,4.0,79.2
TURB001,FARM01,2026-01-02T23:00:00Z,2026-01-02T23:18:00Z,2033.2,6.7,13.2,4.1,79.6
TURB001,FARM01,2026-01-02T23:05:00Z,2026-01-02T23:07:00Z,2359.9,8.4,14.5,3.4,84.3
TURB001,FARM01,2026-01-02T23:10:00Z,2026-01-02T23:12:00Z,1944.5,6.6,13.3,4.9,78.7
TURB001,FARM01,2026-01-02T23:15:00Z,2026-01-02T23:16:00Z,1932.2,6.7,11.6,4.4,76.1
TURB001,FARM01,2026-01-02T23:20:00Z,2026-01-02T23:21:00Z,2065.1,7.1,13.0,4.7,80.6
TURB001,FARM01,2026-01-02T23:25:00Z,2026-01-02T23:36:00Z,2179.7,7.7,13.4,3.2,81.6
TURB001,FARM01,2026-01-02T23:30:00Z,2026-01-02T23:31:00Z,1888.6,6.4,11.8,4.9,76.9
TURB001,FARM01,2026-01-02T23:35:00Z,2026-01-02T23:37:00Z,2010.3,6.8,12.9,4.6,79.0
TURB001,FARM01,2026-01-02T23:40:00Z,2026-01-02T23:41:00Z,2041.8,7.0,13.5,4.3,81.4
TURB001,FARM01,2026-01-02T23:45:00Z,2026-01-02T23:52:00Z,2152.6,7.2,13.0,4.6,81.5
TURB001,FARM01,2026-01-02T23:50:00Z,2026-01-03T00:08:00Z,2093.6,7.7,12.7,3.2,79.6
TURB001,FARM01,2026-01-02T23:55:00Z,2026-01-03T00:13:00Z,1960.5,6.7,11.6,4.6,79.3
TURB002,FARM02,2026-01-01T00:00:00Z,2026-01-01T00:04:00Z,1684.5,6.5,11.2,4.6,79.4
TURB002,FARM02,2026-01-01T00:05:00Z,2026-01-01T00:07:00Z,1961.1,7.7,12.6,4.8,80.0
TURB002,FARM02,2026-01-01T00:10:00Z,2026-01-01T00:11:00Z,2175.0,8.2,13.7,3.6,83.5
TURB002,FARM02,2026-01-01T00:15:00Z,2026-01-01T00:17:00Z,1809.3,6.3,12.4,3.9,82.0
TURB002,FARM02,2026-01-01T00:20:00Z,2026-01-01T00:27:00Z,1948.9,6.8,13.0,5.1,80.6
TURB002,FARM02,2026-01-01T00:25:00Z,2026-01-01T00:36:00Z,2035.3,8.0,12.3,3.7,82.2
TURB002,FARM02,2026-01-01T00:35:00Z,2026-01-01T00:37:00Z,1986.6,7.7,12.7,3.9,82.5
TURB002,FARM02,2026-01-01T00:40:00Z,2026-01-01T00:58:00Z,1978.0,7.7,11.9,4.7,78.2
TURB002,FARM02,2026-01-01T00:45:00Z,2026-01-01T00:46:00Z,2092.0,8.0,13.2,3.4,81.5
TURB002,FARM02,2026-01-01T00:50:00Z,2026-01-01T01:08:00Z,2163.5,8.1,13.7,4.2,84.3
TURB002,FARM02,2026-01-01T00:55:00Z,2026-01-01T00:57:00Z,1709.9,6.3,11.7,3.9,78.4
TURB002,FARM02,2026-01-01T01:00:00Z,2026-01-01T01:01:00Z,2229.3,8.4,13.5,3.5,82.4
TURB002,FARM02,2026-01-01T01:05:00Z,2026-01-01T01:07:00Z,1955.7,7.0,12.8,4.3,81.9
TURB002,FARM02,2026-01-01T01:10:00Z,2026-01-01T01:12:00Z,2139.3,8.1,13.0,4.7,79.8
TURB002,FARM02,2026-01-01T01:15:00Z,2026-01-01T01:22:00Z,1980.6,7.2,12.4,4.2,79.2
TURB002,FARM02,2026-01-01T01:20:00Z,2026-01-01T01:31:00Z,1891.3,6.6,13.0,3.8,80.5
TURB002,FARM02,2026-01-01T01:25:00Z,2026-01-01T01:43:00Z,1991.8,8.0,12.1,3.8,80.2
TURB002,FARM02,2026-01-01T01:30:00Z,2026-01-01T01:41:00Z,1816.5,7.1,11.6,4.3,79.8
TURB002,FARM02,2026-01-01T01:35:00Z,2026-01-01T01:39:00Z,1796.0,6.1,11.9,5.3,80.8
TURB002,FARM02,2026-01-01T01:40:00Z,2026-01-01T01:41:00Z,2129.8,8.2,13.2,4.1,81.6
TURB002,FARM02,2026-01-01T01:45:00Z,2026-01-01T01:52:00Z,2168.6,8.1,13.6,3.6,83.7
TURB002,FARM02,2026-01-01T01:50:00Z,2026-01-01T01:54:00Z,1998.2,7.8,12.0,4.4,78.8
TURB002,FARM02,2026-01-01T01:55:00Z,2026-01-01T02:06:00Z,1971.4,7.4,12.3,3.5,82.0
TURB002,FARM02,2026-01-01T02:00:00Z,2026-01-01T02:18:00Z,1768.3,6.4,12.2,4.1,81.9
TURB002,FARM02,2026-01-01T02:05:00Z,2026-01-01T02:06:00Z,2028.4,8.2,12.4,3.6,81.5
TURB002,FARM02,2026-01-01T02:10:00Z,2026-01-01T02:28:00Z,2050.7,8.1,12.8,4.1,83.1
TURB002,FARM02,2026-01-01T02:20:00Z,2026-01-01T02:22:00Z,1781.6,6.2,12.3,4.8,80.1
TURB002,FARM02,2026-01-01T02:25:00Z,2026-01-01T02:32:00Z,2076.1,7.9,12.2,4.4,78.6
TURB002,FARM02,2026-01-01T02:30:00Z,2026-01-01T02:34:00Z,2029.4,7.5,12.4,4.9,82.2
TURB002,FARM02,2026-01-01T02:35:00Z,2026-01-01T02:39:00Z,1882.5,7.3,12.2,3.9,81.3
TURB002,FARM02,2026-01-01T02:40:00Z,2026-01-01T02:42:00Z,2198.4,8.4,13.2,3.4,82.9
TURB002,FARM02,2026-01-01T02:45:00Z,2026-01-01T02:47:00Z,1913.2,6.9,12.5,4.1,80.1
TURB002,FARM02,2026-01-01T02:50:00Z,2026-01-01T03:08:00Z,2030.6,7.7,13.1,3.8,80.2
TURB002,FARM02,2026-01-01T02:55:00Z,2026-01-01T02:59:00Z,2189.7,7.9,13.7,4.3,83.5
TURB002,FARM02,2026-01-01T03:00:00Z,2026-01-01T03:01:00Z,2205.9,8.7,13.1,2.8,80.2
TURB002,FARM02,2026-01-01T03:05:00Z,2026-01-01T03:09:00Z,2071.3,8.2,12.4,4.2,79.2
TURB002,FARM02,2026-01-01T03:10:00Z,2026-01-01T03:17:00Z,1842.8,6.9,11.4,4.8,77.7
TURB002,FARM02,2026-01-01T03:15:00Z,2026-01-01T03:26:00Z,2238.7,8.6,12.5,4.2,81.6
TURB002,FARM02,2026-01-01T03:20:00Z,2026-01-01T03:31:00Z,2009.2,7.3,13.0,4.7,80.8
TURB002,FARM02,2026-01-01T03:25:00Z,2026-01-01T03:26:00Z,2096.3,7.7,13.6,4.8,81.9
TURB002,FARM02,2026-01-01T03:30:00Z,2026-01-01T03:32:00Z,2180.1,8.6,12.7,4.2,82.4
TURB002,FARM02,2026-01-01T03:35:00Z,2026-01-01T03:37:00Z,2347.8,9.1,13.9,3.7,84.2
TURB002,FARM02,2026-01-01T03:40:00Z,2026-01-01T03:42:00Z,2342.0,8.8,14.3,3.2,82.4
TURB002,FARM02,2026-01-01T03:45:00Z,2026-01-01T03:49:00Z,2357.4,9.3,14.1,2.7,81.6
TURB002,FARM02,2026-01-01T03:50:00Z,2026-01-01T03:52:00Z,2003.2,7.3,12.7,3.8,80.3
TURB002,FARM02,2026-01-01T03:55:00Z,2026-01-01T04:13:00Z,1996.7,7.1,13.2,4.4,83.1
TURB002,FARM02,2026-01-01T04:00:00Z,2026-01-01T04:22:00Z,2322.8,9.1,13.6,2.8,83.4
TURB002,FARM02,2026-01-01T04:05:00Z,2026-01-01T04:07:00Z,1904.0,7.3,12.5,4.1,80.9
TURB002,FARM02,2026-01-01T04:10:00Z,2026-01-01T04:28:00Z,2472.2,9.4,14.0,3.0,82.5
TURB002,FARM02,2026-01-01T04:15:00Z,2026-01-01T04:33:00Z,2516.4,9.8,14.5,3.9,82.2
TURB002,FARM02,2026-01-01T04:20:00Z,2026-01-01T04:27:00Z,2035.4,7.9,13.1,4.6,80.8
TURB002,FARM02,2026-01-01T04:25:00Z,2026-01-01T04:26:00Z,2241.5,8.4,13.7,3.1,81.8
TURB002,FARM02,2026-01-01T04:30:00Z,2026-01-01T04:31:00Z,2478.8,9.7,14.5,2.9,85.4
TURB002,FARM02,2026-01-01T04:35:00Z,2026-01-01T04:36:00Z,2113.0,8.3,13.4,3.5,80.5
TURB002,FARM02,2026-01-01T04:40:00Z,2026-01-01T04:41:00Z,2331.0,9.2,13.0,3.6,80.4
TURB002,FARM02,2026-01-01T04:45:00Z,2026-01-01T04:46:00Z,2168.1,8.2,13.7,4.4,83.7
TURB002,FARM02,2026-01-01T04:50:00Z,2026-01-01T04:51:00Z,2320.5,9.6,13.1,3.1,81.1
TURB002,FARM02,2026-01-01T04:55:00Z,2026-01-01T05:06:00Z,2189.6,8.3,12.6,3.1,82.1
TURB002,FARM02,2026-01-01T05:00:00Z,2026-01-01T05:01:00Z,2315.8,8.9,13.6,3.4,80.7
TURB002,FARM02,2026-01-01T05:05:00Z,2026-01-01T05:06:00Z,2459.6,9.6,14.0,3.6,83.7
TURB002,FARM02,2026-01-01T05:10:00Z,2026-01-01T05:14:00Z,2305.5,8.9,13.4,3.2,83.1
TURB002,FARM02,2026-01-01T05:15:00Z,2026-01-01T05:17:00Z,2495.6,10.0,13.9,2.9,83.8
TURB002,FARM02,2026-01-01T05:20:00Z,2026-01-01T05:22:00Z,2267.3,8.5,13.0,4.1,81.7
TURB002,FARM02,2026-01-01T05:25:00Z,2026-01-01T05:26:00Z,2372.3,9.0,14.2,4.2,85.2
TURB002,FARM02,2026-01-01T05:30:00Z,2026-01-01T05:31:00Z,2469.0,9.7,14.0,2.5,81.3
TURB002,FARM02,2026-01-01T05:35:00Z,2026-01-01T05:37:00Z,2354.9,9.2,14.1,4.0,82.8
TURB002,FARM02,2026-01-01T05:40:00Z,2026-01-01T05:41:00Z,2202.9,8.9,12.9,4.0,80.1
TURB002,FARM02,2026-01-01T05:45:00Z,2026-01-01T05:49:00Z,2701.1,10.7,15.3,3.5,85.4
TURB002,FARM02,2026-01-01T05:50:00Z,2026-01-01T05:57:00Z,2611.0,10.3,13.7,2.4,83.2
TURB002,FARM02,2026-01-01T05:55:00Z,2026-01-01T06:02:00Z,2395.5,9.1,13.8,2.8,83.4
TURB002,FARM02,2026-01-01T06:00:00Z,2026-01-01T06:07:00Z,2437.3,10.0,13.7,3.3,83.6
TURB002,FARM02,2026-01-01T06:05:00Z,2026-01-01T06:20:00Z,2783.7,10.9,15.5,2.1,85.1
TURB002,FARM02,2026-01-01T06:10:00Z,2026-01-01T06:17:00Z,2671.8,11.1,13.9,2.9,84.7
TURB002,FARM02,2026-01-01T06:15:00Z,2026-01-01T06:19:00Z,2638.0,11.0,14.6,2.0,84.9
TURB002,FARM02,2026-01-01T06:20:00Z,2026-01-01T06:21:00Z,2780.1,11.3,14.1,2.5,82.5
TURB002,FARM02,2026-01-01T06:25:00Z,2026-01-01T06:36:00Z,2806.8,11.0,15.4,3.1,86.2
TURB002,FARM02,2026-01-01T06:30:00Z,2026-01-01T06:48:00Z,2778.6,11.2,14.2,1.8,82.6
TURB002,FARM02,2026-01-01T06:35:00Z,2026-01-01T06:39:00Z,2683.9,11.0,13.9,2.4,84.7
TURB002,FARM02,2026-01-01T06:40:00Z,2026-01-01T06:42:00Z,2393.7,9.8,13.9,2.4,82.6
TURB002,FARM02,2026-01-01T06:45:00Z,2026-01-01T07:03:00Z,2878.5,11.7,15.6,2.5,84.7
TURB002,FARM02,2026-01-01T06:50:00Z,2026-01-01T07:05:00Z,2468.5,10.1,14.2,3.1,85.1
TURB002,FARM02,2026-01-01T06:55:00Z,2026-01-01T07:17:00Z,2462.3,9.9,14.5,2.7,83.2
TURB002,FARM02,2026-01-01T07:00:00Z,2026-01-01T07:07:00Z,2836.0,12.1,15.0,2.1,84.8
TURB002,FARM02,2026-01-01T07:05:00Z,2026-01-01T07:07:00Z,2629.3,10.2,15.1,3.2,84.2
TURB002,FARM02,2026-01-01T07:10:00Z,2026-01-01T07:14:00Z,2612.4,10.9,14.3,2.8,85.5
TURB002,FARM02,2026-01-01T07:15:00Z,2026-01-01T07:33:00Z,2811.4,11.0,15.4,2.6,85.2
TURB002,FARM02,2026-01-01T07:20:00Z,2026-01-01T07:22:00Z,2967.5,12.1,16.0,1.3,88.3
TURB002,FARM02,2026-01-01T07:25:00Z,2026-01-01T07:26:00Z,2588.3,10.4,14.6,2.4,83.0
TURB002,FARM02,2026-01-01T07:30:00Z,2026-01-01T07:48:00Z,2917.5,12.0,15.0,1.9,83.5
TURB002,FARM02,2026-01-01T07:35:00Z,2026-01-01T07:37:00Z,2583.8,10.9,13.9,3.2,81.2
TURB002,FARM02,2026-01-01T07:40:00Z,2026-01-01T07:42:00Z,2622.2,10.8,14.5,3.3,82.8
TURB002,FARM02,2026-01-01T07:45:00Z,2026-01-01T07:49:00Z,2926.0,11.9,14.9,3.0,85.4
TURB002,FARM02,2026-01-01T07:50:00Z,2026-01-01T07:52:00Z,3074.1,13.0,15.2,1.9,85.3
TURB002,FARM02,2026-01-01T07:55:00Z,2026-01-01T07:59:00Z,3030.7,12.8,15.8,2.3,87.8
TURB002,FARM02,2026-01-01T08:00:00Z,2026-01-01T08:11:00Z,2709.8,11.3,15.1,3.2,85.6
TURB002,FARM02,2026-01-01T08:05:00Z,2026-01-01T08:16:00Z,2834.9,11.9,14.3,1.7,85.3
TURB002,FARM02,2026-01-01T08:10:00Z,2026-01-01T08:11:00Z,3142.5,13.0,16.0,1.2,88.3
TURB002,FARM02,2026-01-01T08:15:00Z,2026-01-01T08:37:00Z,2708.0,11.3,15.1,3.1,85.3
TURB002,FARM02,2026-01-01T08:20:00Z,2026-01-01T08:38:00Z,3055.7,12.2,16.0,2.4,86.5
TURB002,FARM02,2026-01-01T08:25:00Z,2026-01-01T08:26:00Z,3171.1,13.2,15.6,1.8,87.1
TURB002,FARM02,2026-01-01T08:30:00Z,2026-01-01T08:41:00Z,2887.0,12.4,14.9,2.4,86.5
TURB002,FARM02,2026-01-01T08:35:00Z,2026-01-01T08:36:00Z,2857.9,12.0,14.2,2.5,81.7
TURB002,FARM02,2026-01-01T08:40:00Z,2026-01-01T08:51:00Z,2890.8,12.4,14.8,2.5,84.4
TURB002,FARM02,2026-01-01T08:45:00Z,2026-01-01T09:10:00Z,3089.1,13.2,15.4,2.2,85.3
TURB002,FARM02,2026-01-01T08:50:00Z,2026-01-01T09:08:00Z,2943.3,12.6,14.9,2.0,85.2
TURB002,FARM02,2026-01-01T08:55:00Z,2026-01-01T08:56:00Z,2984.1,12.3,15.0,1.8,85.8
TURB002,FARM02,2026-01-01T09:00:00Z,2026-01-01T09:11:00Z,3180.8,13.6,16.0,1.8,85.4
TURB002,FARM02,2026-01-01T09:05:00Z,2026-01-01T09:16:00Z,3230.3,13.8,16.8,1.6,88.9
TURB002,FARM02,2026-01-01T09:10:00Z,2026-01-01T09:20:00Z,3360.0,14.3,15.5,0.5,84.5
TURB002,FARM02,2026-01-01T09:15:00Z,2026-01-01T09:26:00Z,2884.0,12.1,14.7,1.4,82.7
TURB002,FARM02,2026-01-01T09:20:00Z,2026-01-01T09:22:00Z,3292.3,13.6,16.1,1.8,87.3
TURB002,FARM02,2026-01-01T09:25:00Z,2026-01-01T09:29:00Z,3288.0,13.7,16.0,0.9,87.4
TURB002,FARM02,2026-01-01T09:30:00Z,2026-01-01T09:31:00Z,3090.6,12.7,16.1,1.9,87.8
TURB002,FARM02,2026-01-01T09:35:00Z,2026-01-01T09:46:00Z,3119.1,13.1,16.1,2.4,85.3
TURB002,FARM02,2026-01-01T09:40:00Z,2026-01-01T09:41:00Z,3169.8,13.2,15.7,1.8,86.2
TURB002,FARM02,2026-01-01T09:45:00Z,2026-01-01T09:52:00Z,3360.0,14.7,16.8,1.4,88.4
TURB002,FARM02,2026-01-01T09:50:00Z,2026-01-01T09:51:00Z,3360.0,14.8,16.4,1.1,86.2
TURB002,FARM02,2026-01-01T09:55:00Z,2026-01-01T09:56:00Z,3095.3,13.2,15.7,1.0,84.4
TURB002,FARM02,2026-01-01T10:00:00Z,2026-01-01T10:18:00Z,3360.0,14.6,17.5,1.6,90.7
TURB002,FARM02,2026-01-01T10:05:00Z,2026-01-01T10:23:00Z,3360.0,15.0,17.0,1.3,89.6
TURB002,FARM02,2026-01-01T10:10:00Z,2026-01-01T10:21:00Z,3360.0,14.4,17.3,1.7,89.0
TURB002,FARM02,2026-01-01T10:15:00Z,2026-01-01T10:22:00Z,3360.0,14.3,17.5,1.4,88.2
TURB002,FARM02,2026-01-01T10:20:00Z,2026-01-01T10:27:00Z,3203.6,14.1,15.4,1.8,84.7
TURB002,FARM02,2026-01-01T10:25:00Z,2026-01-01T10:29:00Z,3224.4,13.0,16.6,1.7,87.2
TURB002,FARM02,2026-01-01T10:30:00Z,2026-01-01T10:32:00Z,3242.5,13.4,16.4,2.3,86.3
TURB002,FARM02,2026-01-01T10:35:00Z,2026-01-01T10:42:00Z,3360.0,14.8,17.5,0.5,88.2
TURB002,FARM02,2026-01-01T10:40:00Z,2026-01-01T10:41:00Z,3164.3,13.4,15.2,2.2,86.1
TURB002,FARM02,2026-01-01T10:45:00Z,2026-01-01T11:07:00Z,3360.0,14.9,16.9,0.1,88.3
TURB002,FARM02,2026-01-01T10:50:00Z,2026-01-01T10:52:00Z,3360.0,15.2,17.0,1.5,90.2
TURB002,FARM02,2026-01-01T10:55:00Z,2026-01-01T10:56:00Z,3360.0,15.0,16.2,0.9,86.7
TURB002,FARM02,2026-01-01T11:00:00Z,2026-01-01T11:18:00Z,3360.0,14.4,16.4,1.4,86.1
TURB002,FARM02,2026-01-01T11:05:00Z,2026-01-01T11:12:00Z,3190.8,14.0,15.4,1.6,85.2
TURB002,FARM02,2026-01-01T11:10:00Z,2026-01-01T11:17:00Z,3360.0,14.8,16.3,1.0,86.2
TURB002,FARM02,2026-01-01T11:15:00Z,2026-01-01T11:26:00Z,3329.6,14.2,16.4,0.7,88.3
TURB002,FARM02,2026-01-01T11:20:00Z,2026-01-01T11:21:00Z,3235.2,14.0,15.7,0.7,86.6
TURB002,FARM02,2026-01-01T11:25:00Z,2026-01-01T11:27:00Z,3360.0,15.2,17.6,0.9,90.9
TURB002,FARM02,2026-01-01T11:30:00Z,2026-01-01T11:37:00Z,3360.0,14.6,15.7,0.9,84.8
TURB002,FARM02,2026-01-01T11:35:00Z,2026-01-01T11:37:00Z,3360.0,15.4,16.7,0.8,88.3
TURB002,FARM02,2026-01-01T11:40:00Z,2026-01-01T11:47:00Z,3258.9,13.6,16.7,1.4,88.5
TURB002,FARM02,2026-01-01T11:45:00Z,2026-01-01T11:56:00Z,3295.5,14.1,16.1,1.3,88.2
TURB002,FARM02,2026-01-01T11:50:00Z,2026-01-01T11:52:00Z,3325.8,13.8,16.9,2.1,87.2
TURB002,FARM02,2026-01-01T11:55:00Z,2026-01-01T12:13:00Z,3360.0,16.0,17.0,0.1,88.6
TURB002,FARM02,2026-01-01T12:00:00Z,2026-01-01T12:02:00Z,3360.0,15.8,17.1,0.2,89.2
TURB002,FARM02,2026-01-01T12:05:00Z,2026-01-01T12:06:00Z,3360.0,15.2,17.8,0.6,90.4
TURB002,FARM02,2026-01-01T12:10:00Z,2026-01-01T12:21:00Z,3282.7,13.8,15.9,1.1,87.2
TURB002,FARM02,2026-01-01T12:15:00Z,2026-01-01T12:33:00Z,3360.0,14.3,16.4,1.7,86.9
TURB002,FARM02,2026-01-01T12:20:00Z,2026-01-01T12:21:00Z,3360.0,14.7,16.1,0.2,87.8
TURB002,FARM02,2026-01-01T12:25:00Z,2026-01-01T12:26:00Z,3327.3,14.2,16.2,0.6,88.9
TURB002,FARM02,2026-01-01T12:30:00Z,2026-01-01T12:32:00Z,3205.6,13.7,16.0,1.8,85.0
TURB002,FARM02,2026-01-01T12:35:00Z,2026-01-01T12:53:00Z,3360.0,13.9,17.1,1.2,87.6
TURB002,FARM02,2026-01-01T12:40:00Z,2026-01-01T12:47:00Z,3360.0,15.2,16.3,1.3,85.4
TURB002,FARM02,2026-01-01T12:45:00Z,2026-01-01T12:47:00Z,3360.0,15.8,17.3,1.1,90.8
TURB002,FARM02,2026-01-01T12:50:00Z,2026-01-01T13:01:00Z,3360.0,16.1,17.9,0.0,90.4
TURB002,FARM02,2026-01-01T12:55:00Z,2026-01-01T12:56:00Z,3360.0,15.0,17.2,0.5,88.2
TURB002,FARM02,2026-01-01T13:00:00Z,2026-01-01T13:02:00Z,3360.0,14.8,16.5,0.6,86.9
TURB002,FARM02,2026-01-01T13:05:00Z,2026-01-01T13:23:00Z,3360.0,14.5,16.6,0.3,89.4
TURB002,FARM02,2026-01-01T13:10:00Z,2026-01-01T13:17:00Z,3360.0,14.4,17.1,1.6,89.0
TURB002,FARM02,2026-01-01T13:20:00Z,2026-01-01T13:31:00Z,3360.0,14.2,17.2,1.1,87.8
TURB002,FARM02,2026-01-01T13:25:00Z,2026-01-01T13:29:00Z,3360.0,15.7,16.8,0.0,88.6
TURB002,FARM02,2026-01-01T13:30:00Z,2026-01-01T13:32:00Z,3360.0,14.4,17.0,1.6,88.2
TURB002,FARM02,2026-01-01T13:40:00Z,2026-01-01T13:58:00Z,3289.6,14.0,15.5,1.2,85.8
TURB002,FARM02,2026-01-01T13:45:00Z,2026-01-01T13:46:00Z,3222.4,14.1,15.4,0.5,85.9
TURB002,FARM02,2026-01-01T13:50:00Z,2026-01-01T13:51:00Z,3263.3,14.3,15.8,1.1,84.4
TURB002,FARM02,2026-01-01T13:55:00Z,2026-01-01T14:13:00Z,3360.0,14.8,16.5,0.6,88.8
TURB002,FARM02,2026-01-01T14:00:00Z,2026-01-01T14:04:00Z,3360.0,15.3,16.1,0.0,88.0
TURB002,FARM02,2026-01-01T14:05:00Z,2026-01-01T14:16:00Z,3360.0,15.5,16.3,0.6,86.1
TURB002,FARM02,2026-01-01T14:10:00Z,2026-01-01T14:28:00Z,3360.0,15.6,16.5,1.0,86.6
TURB002,FARM02,2026-01-01T14:15:00Z,2026-01-01T14:17:00Z,3323.8,14.1,17.4,0.8,90.0
TURB002,FARM02,2026-01-01T14:20:00Z,2026-01-01T14:21:00Z,3360.0,14.6,17.0,0.7,87.9
TURB002,FARM02,2026-01-01T14:25:00Z,2026-01-01T14:32:00Z,3360.0,15.3,17.1,0.1,88.7
TURB002,FARM02,2026-01-01T14:30:00Z,2026-01-01T14:37:00Z,3360.0,15.6,17.9,0.1,88.6
TURB002,FARM02,2026-01-01T14:35:00Z,2026-01-01T14:36:00Z,3183.6,13.4,16.6,1.7,87.3
TURB002,FARM02,2026-01-01T14:40:00Z,2026-01-01T14:42:00Z,3360.0,14.8,17.1,1.2,87.3
TURB002,FARM02,2026-01-01T14:45:00Z,2026-01-01T14:46:00Z,3275.0,13.7,15.3,1.6,87.3
TURB002,FARM02,2026-01-01T14:50:00Z,2026-01-01T14:52:00Z,3148.6,13.4,16.3,1.9,88.4
TURB002,FARM02,2026-01-01T14:55:00Z,2026-01-01T14:57:00Z,3360.0,14.0,16.4,1.5,86.9
TURB002,FARM02,2026-01-01T15:00:00Z,2026-01-01T15:18:00Z,3069.1,13.2,15.6,2.0,85.1
TURB002,FARM02,2026-01-01T15:05:00Z,2026-01-01T15:12:00Z,3360.0,14.5,16.7,1.0,88.2
TURB002,FARM02,2026-01-01T15:10:00Z,2026-01-01T15:11:00Z,3360.0,14.9,16.4,1.4,89.1
TURB002,FARM02,2026-01-01T15:15:00Z,2026-01-01T15:26:00Z,3360.0,14.4,16.4,1.6,87.7
TURB002,FARM02,2026-01-01T15:20:00Z,2026-01-01T15:27:00Z,3360.0,14.8,17.5,1.1,88.9
TURB002,FARM02,2026-01-01T15:25:00Z,2026-01-01T15:43:00Z,3360.0,14.7,17.1,1.0,88.1
TURB002,FARM02,2026-01-01T15:30:00Z,2026-01-01T15:31:00Z,3360.0,14.8,16.1,0.6,86.6
TURB002,FARM02,2026-01-01T15:35:00Z,2026-01-01T15:37:00Z,3344.2,14.1,15.6,1.8,84.5
TURB002,FARM02,2026-01-01T15:40:00Z,2026-01-01T15:58:00Z,3066.2,13.1,15.2,0.9,85.9
TURB002,FARM02,2026-01-01T15:45:00Z,2026-01-01T15:46:00Z,3355.7,14.0,16.7,0.9,87.5
TURB002,FARM02,2026-01-01T15:50:00Z,2026-01-01T16:08:00Z,3149.2,12.7,16.4,2.1,89.2
TURB002,FARM02,2026-01-01T15:55:00Z,2026-01-01T16:02:00Z,3360.0,14.6,15.8,1.1,88.2
TURB002,FARM02,2026-01-01T16:00:00Z,2026-01-01T16:04:00Z,3360.0,14.5,15.8,1.2,86.5
TURB002,FARM02,2026-01-01T16:05:00Z,2026-01-01T16:16:00Z,2972.4,12.7,15.0,1.9,83.5
TURB002,FARM02,2026-01-01T16:10:00Z,2026-01-01T16:21:00Z,3043.2,12.9,15.8,1.4,86.8
TURB002,FARM02,2026-01-01T16:15:00Z,2026-01-01T16:26:00Z,3360.0,14.2,17.0,1.3,89.1
TURB002,FARM02,2026-01-01T16:20:00Z,2026-01-01T16:22:00Z,3345.7,14.5,16.0,0.6,86.3
TURB002,FARM02,2026-01-01T16:25:00Z,2026-01-01T16:32:00Z,3241.5,13.6,16.3,2.2,88.8
TURB002,FARM02,2026-01-01T16:30:00Z,2026-01-01T16:32:00Z,3326.5,14.3,16.3,1.4,88.6
TURB002,FARM02,2026-01-01T16:35:00Z,2026-01-01T16:53:00Z,3139.2,13.5,15.5,1.9,87.6
TURB002,FARM02,2026-01-01T16:40:00Z,2026-01-01T16:55:00Z,3141.5,13.2,15.6,2.0,88.1
TURB002,FARM02,2026-01-01T16:45:00Z,2026-01-01T16:49:00Z,3002.7,12.0,16.1,1.7,86.2
TURB002,FARM02,2026-01-01T16:50:00Z,2026-01-01T17:08:00Z,3284.1,14.2,16.4,1.3,87.8
TURB002,FARM02,2026-01-01T17:00:00Z,2026-01-01T17:04:00Z,2953.0,12.6,14.8,1.7,85.1
TURB002,FARM02,2026-01-01T17:05:00Z,2026-01-01T17:23:00Z,2912.4,11.9,14.9,2.9,85.9
TURB002,FARM02,2026-01-01T17:10:00Z,2026-01-01T17:14:00Z,3015.1,12.0,15.8,2.4,86.8
TURB002,FARM02,2026-01-01T17:15:00Z,2026-01-01T17:22:00Z,2932.7,11.6,15.6,2.1,87.1
TURB002,FARM02,2026-01-01T17:20:00Z,2026-01-01T17:22:00Z,3065.0,12.3,16.0,1.9,88.2
TURB002,FARM02,2026-01-01T17:25:00Z,2026-01-01T17:26:00Z,3215.7,13.2,16.6,2.3,88.3
TURB002,FARM02,2026-01-01T17:30:00Z,2026-01-01T17:32:00Z,2866.7,12.1,14.3,2.2,82.4
TURB002,FARM02,2026-01-01T17:35:00Z,2026-01-01T17:36:00Z,2886.8,11.6,15.3,3.1,87.4
TURB002,FARM02,2026-01-01T17:40:00Z,2026-01-01T17:41:00Z,2758.0,11.7,14.6,2.1,82.9
TURB002,FARM02,2026-01-01T17:45:00Z,2026-01-01T17:47:00Z,2995.7,12.4,15.0,1.8,84.7
TURB002,FARM02,2026-01-01T17:50:00Z,2026-01-01T17:52:00Z,2917.7,12.2,14.7,1.9,84.8
TURB002,FARM02,2026-01-01T17:55:00Z,2026-01-01T17:56:00Z,2792.8,11.5,14.4,2.3,84.8
TURB002,FARM02,2026-01-01T18:00:00Z,2026-01-01T18:01:00Z,3011.1,12.5,15.3,1.7,84.8
TURB002,FARM02,2026-01-01T18:05:00Z,2026-01-01T18:07:00Z,3046.2,12.7,14.9,1.6,86.1
TURB002,FARM02,2026-01-01T18:10:00Z,2026-01-01T18:11:00Z,2100.0,9.9,11.4,44.0,70.2
TURB002,FARM02,2026-01-01T18:15:00Z,2026-01-01T18:19:00Z,2682.8,10.9,13.7,3.4,84.4
TURB002,FARM02,2026-01-01T18:25:00Z,2026-01-01T18:27:00Z,2544.0,10.5,14.7,2.2,84.3
TURB002,FARM02,2026-01-01T18:30:00Z,2026-01-01T18:32:00Z,2914.0,12.2,14.7,2.2,85.5
TURB002,FARM02,2026-01-01T18:35:00Z,2026-01-01T18:39:00Z,2924.0,12.0,15.5,2.0,87.5
TURB002,FARM02,2026-01-01T18:40:00Z,2026-01-01T18:41:00Z,2528.9,10.6,14.0,3.2,83.7
TURB002,FARM02,2026-01-01T18:50:00Z,2026-01-01T18:51:00Z,2534.0,10.2,14.4,3.2,85.7
TURB002,FARM02,2026-01-01T18:55:00Z,2026-01-01T18:56:00Z,2520.3,10.0,14.7,3.3,83.5
TURB002,FARM02,2026-01-01T19:00:00Z,2026-01-01T19:18:00Z,2871.7,12.1,15.2,2.3,83.7
TURB002,FARM02,2026-01-01T19:05:00Z,2026-01-01T19:23:00Z,2726.5,11.1,15.1,1.8,86.9
TURB002,FARM02,2026-01-01T19:10:00Z,2026-01-01T19:12:00Z,2611.5,10.6,13.7,2.5,82.2
TURB002,FARM02,2026-01-01T19:15:00Z,2026-01-01T19:26:00Z,2932.6,12.0,16.1,1.8,85.3
TURB002,FARM02,2026-01-01T19:20:00Z,2026-01-01T19:22:00Z,2847.7,11.7,15.6,1.5,86.3
TURB002,FARM02,2026-01-01T19:25:00Z,2026-01-01T19:27:00Z,2546.2,10.3,14.0,2.3,84.2
TURB002,FARM02,2026-01-01T19:30:00Z,2026-01-01T19:48:00Z,2600.7,10.4,14.4,2.8,83.2
TURB002,FARM02,2026-01-01T19:35:00Z,2026-01-01T19:37:00Z,2633.8,10.6,13.8,2.2,83.1
TURB002,FARM02,2026-01-01T19:40:00Z,2026-01-01T19:42:00Z,2588.4,9.9,14.4,3.1,82.5
TURB002,FARM02,2026-01-01T19:45:00Z,2026-01-01T19:46:00Z,2657.3,10.7,14.6,2.2,82.5
TURB002,FARM02,2026-01-01T19:55:00Z,2026-01-01T20:06:00Z,2388.0,9.4,14.3,2.7,82.0
TURB002,FARM02,2026-01-01T20:00:00Z,2026-01-01T20:04:00Z,2745.3,11.2,14.3,2.9,85.2
TURB002,FARM02,2026-01-01T20:05:00Z,2026-01-01T20:27:00Z,2366.6,9.1,12.9,2.8,79.5
TURB002,FARM02,2026-01-01T20:10:00Z,2026-01-01T20:28:00Z,2465.6,10.1,13.6,2.6,83.3
TURB002,FARM02,2026-01-01T20:15:00Z,2026-01-01T20:26:00Z,2278.0,8.9,14.1,3.5,84.1
TURB002,FARM02,2026-01-01T20:20:00Z,2026-01-01T20:21:00Z,2447.4,9.7,13.2,2.7,80.0
TURB002,FARM02,2026-01-01T20:25:00Z,2026-01-01T20:27:00Z,2654.8,10.7,15.3,2.3,86.3
TURB002,FARM02,2026-01-01T20:30:00Z,2026-01-01T20:37:00Z,2252.9,8.5,14.0,4.5,84.8
TURB002,FARM02,2026-01-01T20:35:00Z,2026-01-01T20:46:00Z,2649.3,10.4,15.0,2.7,86.2
TURB002,FARM02,2026-01-01T20:40:00Z,2026-01-01T20:41:00Z,2493.0,10.0,13.8,3.7,83.3
TURB002,FARM02,2026-01-01T20:45:00Z,2026-01-01T20:56:00Z,2455.7,9.4,13.6,3.8,80.8
TURB002,FARM02,2026-01-01T20:50:00Z,2026-01-01T20:52:00Z,2618.4,10.5,13.4,2.6,83.3
TURB002,FARM02,2026-01-01T20:55:00Z,2026-01-01T21:06:00Z,2223.1,8.7,13.1,3.3,83.0
TURB002,FARM02,2026-01-01T21:00:00Z,2026-01-01T21:18:00Z,2270.3,8.6,14.1,3.9,85.0
TURB002,FARM02,2026-01-01T21:05:00Z,2026-01-01T21:07:00Z,2172.1,8.1,12.9,3.4,81.8
TURB002,FARM02,2026-01-01T21:10:00Z,2026-01-01T21:12:00Z,2288.3,8.7,13.0,2.8,81.3
TURB002,FARM02,2026-01-01T21:15:00Z,2026-01-01T21:17:00Z,2462.4,9.9,13.2,2.8,82.4
TURB002,FARM02,2026-01-01T21:20:00Z,2026-01-01T21:31:00Z,2317.0,9.4,13.0,2.7,81.3
TURB002,FARM02,2026-01-01T21:25:00Z,2026-01-01T21:26:00Z,2434.3,9.3,14.6,3.5,83.0
TURB002,FARM02,2026-01-01T21:30:00Z,2026-01-01T21:32:00Z,2372.6,9.4,14.5,3.4,84.8
TURB002,FARM02,2026-01-01T21:35:00Z,2026-01-01T21:53:00Z,2137.9,7.9,13.2,3.8,81.2
TURB002,FARM02,2026-01-01T21:40:00Z,2026-01-01T21:44:00Z,2000.7,8.1,12.3,4.5,82.2
TURB002,FARM02,2026-01-01T21:45:00Z,2026-01-01T22:03:00Z,1979.6,7.3,12.5,4.2,81.9
TURB002,FARM02,2026-01-01T21:50:00Z,2026-01-01T21:51:00Z,2008.6,7.8,13.0,3.9,81.1
TURB002,FARM02,2026-01-01T21:55:00Z,2026-01-01T21:56:00Z,2109.4,7.8,12.9,4.2,81.5
TURB002,FARM02,2026-01-01T22:00:00Z,2026-01-01T22:04:00Z,1889.0,7.6,11.8,3.9,78.0
TURB002,FARM02,2026-01-01T22:05:00Z,2026-01-01T22:09:00Z,1973.4,7.9,12.0,3.3,81.8
TURB002,FARM02,2026-01-01T22:10:00Z,2026-01-01T22:28:00Z,2173.2,8.5,13.6,3.8,83.7
TURB002,FARM02,2026-01-01T22:15:00Z,2026-01-01T22:26:00Z,2214.9,8.8,13.1,2.8,82.7
TURB002,FARM02,2026-01-01T22:20:00Z,2026-01-01T22:21:00Z,2307.7,8.9,13.9,4.1,81.4
TURB002,FARM02,2026-01-01T22:25:00Z,2026-01-01T22:26:00Z,2213.2,8.5,12.8,3.7,81.2
TURB002,FARM02,2026-01-01T22:30:00Z,2026-01-01T22:34:00Z,1931.3,7.0,12.8,4.5,83.2
TURB002,FARM02,2026-01-01T22:35:00Z,2026-01-01T22:37:00Z,2114.3,7.8,13.5,3.6,82.6
TURB002,FARM02,2026-01-01T22:40:00Z,2026-01-01T22:42:00Z,2185.5,8.2,13.0,4.2,81.5
TURB002,FARM02,2026-01-01T22:45:00Z,2026-01-01T22:46:00Z,2250.5,8.4,14.1,2.9,81.5
TURB002,FARM02,2026-01-01T22:50:00Z,2026-01-01T22:57:00Z,2077.6,8.4,12.6,3.9,80.4
TURB002,FARM02,2026-01-01T22:55:00Z,2026-01-01T22:56:00Z,2066.3,7.9,13.1,3.2,80.6
TURB002,FARM02,2026-01-01T23:00:00Z,2026-01-01T23:07:00Z,1978.9,7.3,12.5,3.9,78.7
TURB002,FARM02,2026-01-01T23:05:00Z,2026-01-01T23:12:00Z,1946.2,7.4,12.7,4.9,82.4
TURB002,FARM02,2026-01-01T23:10:00Z,2026-01-01T23:12:00Z,2180.8,8.7,13.3,3.6,80.1
TURB002,FARM02,2026-01-01T23:15:00Z,2026-01-01T23:26:00Z,2173.4,7.9,13.6,4.0,82.0
TURB002,FARM02,2026-01-01T23:20:00Z,2026-01-01T23:21:00Z,2203.1,8.6,12.4,3.7,80.7
TURB002,FARM02,2026-01-01T23:25:00Z,2026-01-01T23:27:00Z,1860.7,6.8,12.6,4.9,82.4
TURB002,FARM02,2026-01-01T23:30:00Z,2026-01-01T23:42:00Z,1889.6,7.0,11.4,5.1,79.3
TURB002,FARM02,2026-01-01T23:35:00Z,2026-01-01T23:36:00Z,2054.9,7.7,13.4,4.4,83.1
TURB002,FARM02,2026-01-01T23:45:00Z,2026-01-01T23:49:00Z,1871.7,6.9,11.4,5.0,78.3
TURB002,FARM02,2026-01-01T23:50:00Z,2026-01-01T23:51:00Z,1855.7,6.7,11.8,3.9,80.5
TURB002,FARM02,2026-01-01T23:55:00Z,2026-01-02T00:13:00Z,1841.9,7.2,11.5,4.2,79.0
TURB002,FARM02,2026-01-02T00:00:00Z,2026-01-02T00:02:00Z,2143.1,7.9,12.9,4.4,79.9
TURB002,FARM02,2026-01-02T00:05:00Z,2026-01-02T00:09:00Z,1704.3,6.6,11.2,4.3,79.9
TURB002,FARM02,2026-01-02T00:10:00Z,2026-01-02T00:11:00Z,2191.2,8.4,13.5,3.9,80.7
TURB002,FARM02,2026-01-02T00:15:00Z,2026-01-02T00:17:00Z,1828.9,6.3,12.4,5.0,78.7
TURB002,FARM02,2026-01-02T00:20:00Z,2026-01-02T00:21:00Z,1819.3,6.8,11.6,4.1,78.4
TURB002,FARM02,2026-01-02T00:25:00Z,2026-01-02T00:26:00Z,1806.7,6.7,11.5,3.9,80.7
TURB002,FARM02,2026-01-02T00:30:00Z,2026-01-02T00:34:00Z,1815.9,6.5,11.8,4.3,78.0
TURB002,FARM02,2026-01-02T00:35:00Z,2026-01-02T00:36:00Z,1951.0,7.4,11.9,3.9,81.2
TURB002,FARM02,2026-01-02T00:40:00Z,2026-01-02T00:51:00Z,1688.1,6.3,11.9,4.9,78.0
TURB002,FARM02,2026-01-02T00:45:00Z,2026-01-02T01:03:00Z,1941.8,7.0,12.7,5.0,81.5
TURB002,FARM02,2026-01-02T00:50:00Z,2026-01-02T00:51:00Z,2004.4,7.5,12.2,4.6,81.1
TURB002,FARM02,2026-01-02T00:55:00Z,2026-01-02T01:13:00Z,2254.6,8.4,13.6,3.7,81.1
TURB002,FARM02,2026-01-02T01:00:00Z,2026-01-02T01:02:00Z,1714.3,6.2,11.5,4.9,80.0
TURB002,FARM02,2026-01-02T01:05:00Z,2026-01-02T01:12:00Z,1760.9,6.3,12.7,4.2,80.5
TURB002,FARM02,2026-01-02T01:10:00Z,2026-01-02T01:17:00Z,2125.8,7.9,13.6,3.9,80.7
TURB002,FARM02,2026-01-02T01:15:00Z,2026-01-02T01:16:00Z,1983.5,7.2,13.1,3.9,81.1
TURB002,FARM02,2026-01-02T01:20:00Z,2026-01-02T01:24:00Z,1855.9,7.0,12.7,3.7,81.3
TURB002,FARM02,2026-01-02T01:25:00Z,2026-01-02T01:43:00Z,1958.0,7.3,12.3,4.1,80.8
TURB002,FARM02,2026-01-02T01:30:00Z,2026-01-02T01:37:00Z,1772.0,6.2,11.3,5.0,78.3
TURB002,FARM02,2026-01-02T01:35:00Z,2026-01-02T01:53:00Z,2008.1,7.4,12.0,4.4,78.2
TURB002,FARM02,2026-01-02T01:40:00Z,2026-01-02T01:44:00Z,1763.6,6.3,12.1,4.4,78.4
TURB002,FARM02,2026-01-02T01:45:00Z,2026-01-02T02:00:00Z,2175.0,8.4,12.3,3.1,81.6
TURB002,FARM02,2026-01-02T01:50:00Z,2026-01-02T01:51:00Z,2034.6,7.3,12.8,3.6,82.5
TURB002,FARM02,2026-01-02T01:55:00Z,2026-01-02T02:13:00Z,2127.6,8.0,13.2,3.8,81.0
TURB002,FARM02,2026-01-02T02:00:00Z,2026-01-02T02:04:00Z,1900.5,6.6,12.4,4.2,80.9
TURB002,FARM02,2026-01-02T02:05:00Z,2026-01-02T02:06:00Z,2306.1,8.4,14.0,4.1,84.9
TURB002,FARM02,2026-01-02T02:10:00Z,2026-01-02T02:11:00Z,1966.6,7.7,12.7,4.6,82.5
TURB002,FARM02,2026-01-02T02:15:00Z,2026-01-02T02:16:00Z,1707.4,6.2,12.0,5.5,78.2
TURB002,FARM02,2026-01-02T02:20:00Z,2026-01-02T02:31:00Z,1861.5,6.8,12.6,4.3,80.1
TURB002,FARM02,2026-01-02T02:25:00Z,2026-01-02T02:32:00Z,1937.0,7.3,11.9,3.7,78.3
TURB002,FARM02,2026-01-02T02:30:00Z,2026-01-02T02:31:00Z,2073.5,8.3,12.4,4.6,81.2
TURB002,FARM02,2026-01-02T02:35:00Z,2026-01-02T02:37:00Z,2112.8,7.9,12.1,4.6,80.7
TURB002,FARM02,2026-01-02T02:40:00Z,2026-01-02T02:51:00Z,1868.0,6.5,12.3,4.4,80.2
TURB002,FARM02,2026-01-02T02:45:00Z,2026-01-02T02:47:00Z,2059.7,7.9,12.8,3.8,82.4
TURB002,FARM02,2026-01-02T02:50:00Z,2026-01-02T02:54:00Z,1844.2,6.9,12.5,4.5,82.0
TURB002,FARM02,2026-01-02T02:55:00Z,2026-01-02T03:02:00Z,2008.4,7.5,12.7,3.9,82.9
TURB002,FARM02,2026-01-02T03:00:00Z,2026-01-02T03:04:00Z,1886.2,6.8,12.2,4.7,78.7
TURB002,FARM02,2026-01-02T03:05:00Z,2026-01-02T03:06:00Z,1983.7,7.7,11.9,4.7,78.0
TURB002,FARM02,2026-01-02T03:10:00Z,2026-01-02T03:11:00Z,2221.0,8.3,13.1,3.9,82.2
TURB002,FARM02,2026-01-02T03:15:00Z,2026-01-02T03:19:00Z,2046.0,7.8,12.8,3.9,82.1
TURB002,FARM02,2026-01-02T03:20:00Z,2026-01-02T03:24:00Z,2200.0,10.7,12.8,3.8,126.5
TURB002,FARM02,2026-01-02T03:25:00Z,2026-01-02T03:26:00Z,2200.0,10.7,12.8,3.8,126.5
TURB002,FARM02,2026-01-02T03:30:00Z,2026-01-02T03:32:00Z,2200.0,10.7,12.8,3.8,126.5
TURB002,FARM02,2026-01-02T03:35:00Z,2026-01-02T03:37:00Z,2160.0,8.3,12.7,3.4,81.9
TURB002,FARM02,2026-01-02T03:40:00Z,2026-01-02T03:42:00Z,2146.7,8.5,12.9,3.2,82.6
TURB002,FARM02,2026-01-02T03:45:00Z,2026-01-02T03:47:00Z,2270.3,8.9,14.1,3.3,81.8
TURB002,FARM02,2026-01-02T03:50:00Z,2026-01-02T03:52:00Z,2367.2,9.1,14.0,3.3,82.8
TURB002,FARM02,2026-01-02T03:55:00Z,2026-01-02T03:56:00Z,2079.4,7.6,13.1,3.8,82.3
TURB002,FARM02,2026-01-02T04:00:00Z,2026-01-02T04:02:00Z,2010.9,7.2,12.4,4.2,80.4
TURB002,FARM02,2026-01-02T04:05:00Z,2026-01-02T04:06:00Z,2201.7,8.1,13.4,3.8,80.8
TURB002,FARM02,2026-01-02T04:10:00Z,2026-01-02T04:11:00Z,2127.2,7.9,13.4,3.7,81.6
TURB002,FARM02,2026-01-02T04:15:00Z,2026-01-02T04:19:00Z,2026.2,7.5,12.7,3.9,82.4
TURB002,FARM02,2026-01-02T04:20:00Z,2026-01-02T04:22:00Z,2093.2,8.2,12.5,3.2,81.4
TURB002,FARM02,2026-01-02T04:25:00Z,2026-01-02T04:27:00Z,2388.1,9.2,13.8,2.9,82.2
TURB002,FARM02,2026-01-02T04:30:00Z,2026-01-02T04:31:00Z,2082.4,8.3,12.1,3.0,78.2
TURB002,FARM02,2026-01-02T04:35:00Z,2026-01-02T04:36:00Z,2262.6,9.2,13.3,3.7,81.1
TURB002,FARM02,2026-01-02T04:40:00Z,2026-01-02T04:41:00Z,2078.3,7.8,12.9,4.6,80.3
TURB002,FARM02,2026-01-02T04:45:00Z,2026-01-02T04:47:00Z,2370.5,9.4,13.0,3.8,80.0
TURB002,FARM02,2026-01-02T04:50:00Z,2026-01-02T05:08:00Z,2587.5,10.0,14.4,2.6,83.9
TURB002,FARM02,2026-01-02T04:55:00Z,2026-01-02T05:02:00Z,2541.4,10.1,13.7,2.9,84.3
TURB002,FARM02,2026-01-02T05:05:00Z,2026-01-02T05:06:00Z,2239.2,8.6,13.8,3.3,81.2
TURB002,FARM02,2026-01-02T05:10:00Z,2026-01-02T05:12:00Z,2349.0,8.7,13.9,3.1,81.4
TURB002,FARM02,2026-01-02T05:15:00Z,2026-01-02T05:17:00Z,2433.9,9.6,13.2,3.2,80.5
TURB002,FARM02,2026-01-02T05:20:00Z,2026-01-02T05:21:00Z,2330.0,9.7,13.1,3.1,80.8
TURB002,FARM02,2026-01-02T05:25:00Z,2026-01-02T05:26:00Z,2358.4,9.7,13.4,3.1,83.8
TURB002,FARM02,2026-01-02T05:30:00Z,2026-01-02T05:31:00Z,2717.7,10.7,14.7,2.4,85.4
TURB002,FARM02,2026-01-02T05:35:00Z,2026-01-02T05:36:00Z,2548.1,9.7,14.7,3.1,84.3
TURB002,FARM02,2026-01-02T05:40:00Z,2026-01-02T05:55:00Z,2412.8,9.9,13.0,3.8,82.8
TURB002,FARM02,2026-01-02T05:45:00Z,2026-01-02T05:52:00Z,2484.9,10.3,14.0,3.1,85.1
TURB002,FARM02,2026-01-02T05:50:00Z,2026-01-02T05:51:00Z,2221.8,8.9,13.3,3.9,82.7
TURB002,FARM02,2026-01-02T05:55:00Z,2026-01-02T06:02:00Z,2691.9,11.1,15.0,2.2,84.6
TURB002,FARM02,2026-01-02T06:00:00Z,2026-01-02T06:01:00Z,2483.8,10.0,14.8,2.9,83.5
TURB002,FARM02,2026-01-02T06:05:00Z,2026-01-02T06:09:00Z,2660.2,10.7,14.6,2.7,82.6
TURB002,FARM02,2026-01-02T06:10:00Z,2026-01-02T06:17:00Z,2529.5,10.2,15.1,3.4,87.0
TURB002,FARM02,2026-01-02T06:15:00Z,2026-01-02T06:33:00Z,2426.4,9.2,14.2,2.6,82.0
TURB002,FARM02,2026-01-02T06:20:00Z,2026-01-02T06:30:00Z,2804.3,11.5,15.6,2.4,87.1
TURB002,FARM02,2026-01-02T06:25:00Z,2026-01-02T06:27:00Z,2734.5,11.1,14.6,1.8,86.0
TURB002,FARM02,2026-01-02T06:30:00Z,2026-01-02T06:31:00Z,2645.2,11.1,13.9,2.0,81.4
TURB002,FARM02,2026-01-02T06:35:00Z,2026-01-02T06:53:00Z,2513.9,10.5,13.7,2.9,84.0
TURB002,FARM02,2026-01-02T06:40:00Z,2026-01-02T06:51:00Z,2686.6,11.0,14.8,1.9,83.5
TURB002,FARM02,2026-01-02T06:45:00Z,2026-01-02T06:47:00Z,2686.9,10.4,15.2,3.0,83.9
TURB002,FARM02,2026-01-02T06:50:00Z,2026-01-02T07:01:00Z,2771.9,11.6,15.1,2.1,83.7
TURB002,FARM02,2026-01-02T06:55:00Z,2026-01-02T06:57:00Z,2534.2,10.2,13.9,2.4,82.1
TURB002,FARM02,2026-01-02T07:00:00Z,2026-01-02T07:18:00Z,2485.3,10.1,14.8,3.2,85.7
TURB002,FARM02,2026-01-02T07:05:00Z,2026-01-02T07:09:00Z,2484.7,10.1,13.1,3.7,82.6
TURB002,FARM02,2026-01-02T07:10:00Z,2026-01-02T07:14:00Z,2701.2,11.0,15.2,3.0,86.2
TURB002,FARM02,2026-01-02T07:15:00Z,2026-01-02T07:17:00Z,2699.9,11.4,14.7,3.1,84.9
TURB002,FARM02,2026-01-02T07:20:00Z,2026-01-02T07:31:00Z,2877.0,11.9,15.4,1.5,87.0
TURB002,FARM02,2026-01-02T07:25:00Z,2026-01-02T07:32:00Z,2464.3,10.3,13.7,2.3,82.8
TURB002,FARM02,2026-01-02T07:30:00Z,2026-01-02T07:32:00Z,3076.2,12.5,16.4,2.0,87.3
TURB002,FARM02,2026-01-02T07:35:00Z,2026-01-02T07:53:00Z,2762.4,11.1,14.1,3.0,84.1
TURB002,FARM02,2026-01-02T07:40:00Z,2026-01-02T07:55:00Z,2679.3,10.9,14.9,1.9,85.4
TURB002,FARM02,2026-01-02T07:45:00Z,2026-01-02T07:47:00Z,2860.0,11.4,15.4,2.8,84.0
TURB002,FARM02,2026-01-02T07:50:00Z,2026-01-02T08:08:00Z,2621.9,11.1,13.7,2.6,81.1
TURB002,FARM02,2026-01-02T07:55:00Z,2026-01-02T07:56:00Z,2902.9,12.2,15.0,1.6,85.7
TURB002,FARM02,2026-01-02T08:00:00Z,2026-01-02T08:02:00Z,2768.0,11.6,14.2,2.7,85.1
TURB002,FARM02,2026-01-02T08:05:00Z,2026-01-02T08:23:00Z,2690.3,11.1,14.8,1.8,84.5
TURB002,FARM02,2026-01-02T08:10:00Z,2026-01-02T08:14:00Z,2756.0,11.4,14.6,2.3,83.1
TURB002,FARM02,2026-01-02T08:15:00Z,2026-01-02T08:33:00Z,2721.7,11.6,14.2,2.6,81.9
TURB002,FARM02,2026-01-02T08:20:00Z,2026-01-02T08:22:00Z,2942.1,12.3,14.7,1.8,86.0
TURB002,FARM02,2026-01-02T08:25:00Z,2026-01-02T08:27:00Z,3048.9,12.7,15.7,1.4,85.8
TURB002,FARM02,2026-01-02T08:30:00Z,2026-01-02T08:32:00Z,3137.0,12.8,16.3,1.5,88.2
TURB002,FARM02,2026-01-02T08:35:00Z,2026-01-02T08:36:00Z,2967.4,12.0,15.1,1.7,86.8
TURB002,FARM02,2026-01-02T08:40:00Z,2026-01-02T08:51:00Z,2954.6,12.5,14.6,2.7,85.2
TURB002,FARM02,2026-01-02T08:45:00Z,2026-01-02T08:47:00Z,3068.4,12.9,15.6,2.3,87.4
TURB002,FARM02,2026-01-02T08:50:00Z,2026-01-02T08:57:00Z,2856.1,11.8,15.6,2.5,85.6
TURB002,FARM02,2026-01-02T08:55:00Z,2026-01-02T09:13:00Z,2978.1,12.4,15.7,1.3,86.2
TURB002,FARM02,2026-01-02T09:00:00Z,2026-01-02T09:11:00Z,3355.9,13.9,16.7,0.6,87.9
TURB002,FARM02,2026-01-02T09:05:00Z,2026-01-02T09:23:00Z,2931.5,12.3,16.1,2.2,87.7
TURB002,FARM02,2026-01-02T09:10:00Z,2026-01-02T09:12:00Z,3277.7,14.1,16.1,0.5,86.6
TURB002,FARM02,2026-01-02T09:15:00Z,2026-01-02T09:22:00Z,3177.3,13.9,15.5,1.9,86.8
TURB002,FARM02,2026-01-02T09:20:00Z,2026-01-02T09:22:00Z,3292.4,14.2,15.7,1.0,86.7
TURB002,FARM02,2026-01-02T09:25:00Z,2026-01-02T09:37:00Z,3220.3,13.7,16.6,1.5,88.8
TURB002,FARM02,2026-01-02T09:30:00Z,2026-01-02T09:32:00Z,3286.0,13.5,16.3,1.9,88.4
TURB002,FARM02,2026-01-02T09:35:00Z,2026-01-02T09:46:00Z,3360.0,14.1,16.9,0.9,89.9
TURB002,FARM02,2026-01-02T09:40:00Z,2026-01-02T09:41:00Z,3061.4,13.0,14.9,1.5,84.8
TURB002,FARM02,2026-01-02T09:45:00Z,2026-01-02T09:52:00Z,3212.9,13.5,16.1,2.0,88.6
TURB002,FARM02,2026-01-02T09:50:00Z,2026-01-02T10:08:00Z,3360.0,14.4,17.4,1.6,91.0
TURB002,FARM02,2026-01-02T09:55:00Z,2026-01-02T09:57:00Z,2973.5,12.7,15.4,1.3,87.5
TURB002,FARM02,2026-01-02T10:00:00Z,2026-01-02T10:01:00Z,3182.9,13.2,16.3,1.6,88.7
TURB002,FARM02,2026-01-02T10:05:00Z,2026-01-02T10:23:00Z,3208.0,13.4,16.9,1.6,86.8
TURB002,FARM02,2026-01-02T10:10:00Z,2026-01-02T10:17:00Z,3360.0,14.5,15.7,0.6,84.3
TURB002,FARM02,2026-01-02T10:15:00Z,2026-01-02T10:33:00Z,3255.6,13.8,15.9,1.6,85.8
TURB002,FARM02,2026-01-02T10:20:00Z,2026-01-02T10:22:00Z,3345.7,13.9,16.4,2.0,86.7
TURB002,FARM02,2026-01-02T10:25:00Z,2026-01-02T10:43:00Z,3349.0,14.0,17.3,1.7,87.1
TURB002,FARM02,2026-01-02T10:30:00Z,2026-01-02T10:32:00Z,3360.0,15.3,17.3,0.2,89.1
TURB002,FARM02,2026-01-02T10:35:00Z,2026-01-02T10:36:00Z,3360.0,15.0,17.3,1.1,87.6
TURB002,FARM02,2026-01-02T10:40:00Z,2026-01-02T10:41:00Z,3360.0,15.5,17.3,0.6,88.5
TURB002,FARM02,2026-01-02T10:45:00Z,2026-01-02T10:49:00Z,3360.0,14.7,17.7,0.4,89.4
TURB002,FARM02,2026-01-02T10:50:00Z,2026-01-02T10:57:00Z,3200.2,13.4,15.0,2.2,86.2
TURB002,FARM02,2026-01-02T10:55:00Z,2026-01-02T10:59:00Z,3289.1,13.5,17.0,1.6,88.5
TURB002,FARM02,2026-01-02T11:00:00Z,2026-01-02T11:02:00Z,3360.0,14.4,16.1,1.8,88.9
TURB002,FARM02,2026-01-02T11:05:00Z,2026-01-02T11:23:00Z,3360.0,15.2,17.5,1.4,88.6
TURB002,FARM02,2026-01-02T11:10:00Z,2026-01-02T11:12:00Z,3360.0,15.5,16.5,0.7,86.8
TURB002,FARM02,2026-01-02T11:15:00Z,2026-01-02T11:17:00Z,3355.1,14.4,15.8,0.4,86.9
TURB002,FARM02,2026-01-02T11:20:00Z,2026-01-02T11:21:00Z,3360.0,15.3,17.6,0.2,87.8
TURB002,FARM02,2026-01-02T11:25:00Z,2026-01-02T11:26:00Z,3360.0,15.8,17.1,0.5,89.1
TURB002,FARM02,2026-01-02T11:30:00Z,2026-01-02T11:37:00Z,3360.0,15.7,17.0,0.0,89.9
TURB002,FARM02,2026-01-02T11:35:00Z,2026-01-02T11:37:00Z,3192.2,13.5,15.7,1.2,86.0
TURB002,FARM02,2026-01-02T11:40:00Z,2026-01-02T11:51:00Z,3360.0,15.3,16.9,1.5,89.6
TURB002,FARM02,2026-01-02T11:50:00Z,2026-01-02T11:54:00Z,3360.0,15.3,16.9,1.2,88.7
TURB002,FARM02,2026-01-02T11:55:00Z,2026-01-02T12:06:00Z,3360.0,14.7,17.5,1.7,87.5
TURB002,FARM02,2026-01-02T12:05:00Z,2026-01-02T12:07:00Z,3267.4,13.8,16.0,2.0,86.5
TURB002,FARM02,2026-01-02T12:10:00Z,2026-01-02T12:14:00Z,3360.0,14.1,17.0,0.9,88.5
TURB002,FARM02,2026-01-02T12:15:00Z,2026-01-02T12:16:00Z,3360.0,15.7,16.9,0.6,88.2
TURB002,FARM02,2026-01-02T12:20:00Z,2026-01-02T12:24:00Z,3231.6,14.0,15.9,1.5,87.2
TURB002,FARM02,2026-01-02T12:25:00Z,2026-01-02T12:29:00Z,3360.0,14.7,16.7,1.3,86.9
TURB002,FARM02,2026-01-02T12:30:00Z,2026-01-02T12:41:00Z,3360.0,14.9,17.7,1.1,89.2
TURB002,FARM02,2026-01-02T12:35:00Z,2026-01-02T12:36:00Z,3360.0,15.8,17.6,0.4,90.3
TURB002,FARM02,2026-01-02T12:40:00Z,2026-01-02T12:42:00Z,3360.0,15.8,16.7,0.0,87.2
TURB002,FARM02,2026-01-02T12:45:00Z,2026-01-02T12:46:00Z,3360.0,14.6,15.8,0.8,86.9
TURB002,FARM02,2026-01-02T12:50:00Z,2026-01-02T12:52:00Z,3360.0,14.4,16.6,1.8,87.9
TURB002,FARM02,2026-01-02T12:55:00Z,2026-01-02T12:59:00Z,3360.0,15.6,17.4,0.1,88.5
TURB002,FARM02,2026-01-02T13:00:00Z,2026-01-02T13:02:00Z,3360.0,14.4,16.9,0.9,88.5
TURB002,FARM02,2026-01-02T13:05:00Z,2026-01-02T13:07:00Z,3231.3,13.7,16.2,1.2,87.0
TURB002,FARM02,2026-01-02T13:10:00Z,2026-01-02T13:11:00Z,3318.9,13.9,15.6,0.9,84.8
TURB002,FARM02,2026-01-02T13:15:00Z,2026-01-02T13:22:00Z,3360.0,14.7,17.6,0.4,88.0
TURB002,FARM02,2026-01-02T13:20:00Z,2026-01-02T13:27:00Z,3360.0,14.5,16.3,1.6,88.9
TURB002,FARM02,2026-01-02T13:25:00Z,2026-01-02T13:27:00Z,3249.0,14.1,16.0,1.6,85.2
TURB002,FARM02,2026-01-02T13:30:00Z,2026-01-02T13:31:00Z,3360.0,15.4,16.7,0.2,89.9
TURB002,FARM02,2026-01-02T13:35:00Z,2026-01-02T13:36:00Z,3248.5,13.8,16.8,1.8,86.3
TURB002,FARM02,2026-01-02T13:40:00Z,2026-01-02T13:41:00Z,3360.0,14.8,17.6,0.2,88.7
TURB002,FARM02,2026-01-02T13:45:00Z,2026-01-02T13:52:00Z,3360.0,15.6,18.0,0.1,91.9
TURB002,FARM02,2026-01-02T13:50:00Z,2026-01-02T13:57:00Z,3215.0,13.7,15.4,1.8,84.9
TURB002,FARM02,2026-01-02T13:55:00Z,2026-01-02T13:56:00Z,3316.0,14.0,16.3,1.7,86.3
TURB002,FARM02,2026-01-02T14:00:00Z,2026-01-02T14:02:00Z,3360.0,15.6,17.7,0.6,90.7
TURB002,FARM02,2026-01-02T14:05:00Z,2026-01-02T14:23:00Z,3360.0,15.8,17.4,1.3,87.6
TURB002,FARM02,2026-01-02T14:10:00Z,2026-01-02T14:17:00Z,3355.1,14.4,16.7,1.0,89.9
TURB002,FARM02,2026-01-02T14:20:00Z,2026-01-02T14:27:00Z,3360.0,15.9,17.3,0.5,88.6
TURB002,FARM02,2026-01-02T14:25:00Z,2026-01-02T14:26:00Z,3242.7,13.7,15.4,0.8,86.8
TURB002,FARM02,2026-01-02T14:30:00Z,2026-01-02T14:48:00Z,3264.8,13.6,16.1,1.3,86.7
TURB002,FARM02,2026-01-02T14:35:00Z,2026-01-02T14:53:00Z,3338.2,13.9,16.1,2.1,86.6
TURB002,FARM02,2026-01-02T14:40:00Z,2026-01-02T14:51:00Z,3360.0,15.7,17.0,0.0,89.2
TURB002,FARM02,2026-01-02T14:45:00Z,2026-01-02T14:46:00Z,3360.0,14.4,16.9,0.5,86.8
TURB002,FARM02,2026-01-02T14:50:00Z,2026-01-02T14:52:00Z,3360.0,15.1,17.7,0.3,89.2
TURB002,FARM02,2026-01-02T14:55:00Z,2026-01-02T14:59:00Z,3360.0,14.7,17.7,0.4,91.0
TURB002,FARM02,2026-01-02T15:00:00Z,2026-01-02T15:11:00Z,3360.0,15.1,17.5,1.0,90.3
TURB002,FARM02,2026-01-02T15:05:00Z,2026-01-02T15:07:00Z,3332.8,14.0,16.7,2.0,89.8
TURB002,FARM02,2026-01-02T15:10:00Z,2026-01-02T15:12:00Z,3360.0,15.0,16.1,0.5,87.0
TURB002,FARM02,2026-01-02T15:15:00Z,2026-01-02T15:17:00Z,3085.9,13.1,16.3,2.2,87.2
TURB002,FARM02,2026-01-02T15:20:00Z,2026-01-02T15:21:00Z,3255.9,13.9,16.6,0.8,88.4
TURB002,FARM02,2026-01-02T15:25:00Z,2026-01-02T15:43:00Z,3360.0,14.6,16.7,1.0,87.8
TURB002,FARM02,2026-01-02T15:30:00Z,2026-01-02T15:31:00Z,3310.5,14.1,15.9,1.0,88.1
TURB002,FARM02,2026-01-02T15:35:00Z,2026-01-02T15:53:00Z,3360.0,15.3,17.8,0.1,89.7
TURB002,FARM02,2026-01-02T15:40:00Z,2026-01-02T15:42:00Z,3210.3,13.9,15.4,1.4,87.1
TURB002,FARM02,2026-01-02T15:45:00Z,2026-01-02T16:03:00Z,3197.0,14.0,15.6,1.6,86.0
TURB002,FARM02,2026-01-02T15:50:00Z,2026-01-02T15:51:00Z,3360.0,14.3,16.9,1.3,88.2
TURB002,FARM02,2026-01-02T15:55:00Z,2026-01-02T15:59:00Z,3203.1,13.6,16.1,2.2,87.4
TURB002,FARM02,2026-01-02T16:00:00Z,2026-01-02T16:01:00Z,3101.7,13.4,15.0,0.8,86.4
TURB002,FARM02,2026-01-02T16:05:00Z,2026-01-02T16:16:00Z,3360.0,14.4,16.8,0.9,87.8
TURB002,FARM02,2026-01-02T16:10:00Z,2026-01-02T16:11:00Z,3202.8,13.3,16.2,1.2,87.8
TURB002,FARM02,2026-01-02T16:15:00Z,2026-01-02T16:37:00Z,3299.6,14.5,15.9,0.5,86.7
TURB002,FARM02,2026-01-02T16:20:00Z,2026-01-02T16:27:00Z,3143.4,13.6,15.9,0.7,86.5
TURB002,FARM02,2026-01-02T16:25:00Z,2026-01-02T16:27:00Z,3070.5,13.2,15.6,1.8,87.4
TURB002,FARM02,2026-01-02T16:30:00Z,2026-01-02T16:37:00Z,3128.4,13.0,15.8,2.1,85.7
TURB002,FARM02,2026-01-02T16:35:00Z,2026-01-02T16:37:00Z,3312.6,14.5,16.0,1.3,88.7
TURB002,FARM02,2026-01-02T16:40:00Z,2026-01-02T16:41:00Z,2964.7,12.8,14.7,2.6,84.2
TURB002,FARM02,2026-01-02T16:45:00Z,2026-01-02T17:03:00Z,3278.3,13.8,16.3,1.5,86.4
TURB002,FARM02,2026-01-02T16:50:00Z,2026-01-02T16:54:00Z,3083.4,13.0,15.4,1.1,87.1
TURB002,FARM02,2026-01-02T16:55:00Z,2026-01-02T17:13:00Z,3112.5,12.9,15.8,1.3,86.0
TURB002,FARM02,2026-01-02T17:00:00Z,2026-01-02T17:02:00Z,3200.9,13.4,16.1,2.1,87.4
TURB002,FARM02,2026-01-02T17:05:00Z,2026-01-02T17:16:00Z,3092.9,13.1,15.3,2.4,86.4
TURB002,FARM02,2026-01-02T17:10:00Z,2026-01-02T17:12:00Z,3314.4,13.9,16.7,0.6,86.8
TURB002,FARM02,2026-01-02T17:15:00Z,2026-01-02T17:16:00Z,2882.2,11.9,15.5,1.9,85.6
TURB002,FARM02,2026-01-02T17:20:00Z,2026-01-02T17:22:00Z,3101.7,13.0,16.4,1.3,86.7
TURB002,FARM02,2026-01-02T17:25:00Z,2026-01-02T17:43:00Z,2990.8,12.4,14.6,1.5,83.4
TURB002,FARM02,2026-01-02T17:30:00Z,2026-01-02T17:34:00Z,3019.8,12.5,16.4,1.8,89.1
TURB002,FARM02,2026-01-02T17:35:00Z,2026-01-02T17:36:00Z,2742.0,11.6,14.5,2.8,84.7
TURB002,FARM02,2026-01-02T17:40:00Z,2026-01-02T17:44:00Z,3149.9,13.5,16.0,0.7,88.2
TURB002,FARM02,2026-01-02T17:45:00Z,2026-01-02T17:46:00Z,3221.7,13.2,16.7,1.5,87.4
TURB002,FARM02,2026-01-02T17:50:00Z,2026-01-02T17:51:00Z,2951.3,12.0,15.8,2.7,85.4
TURB002,FARM02,2026-01-02T17:55:00Z,2026-01-02T17:56:00Z,2947.0,12.2,15.9,2.8,88.4
TURB002,FARM02,2026-01-02T18:00:00Z,2026-01-02T18:11:00Z,2759.1,11.4,14.1,2.9,82.8
TURB002,FARM02,2026-01-02T18:05:00Z,2026-01-02T18:07:00Z,3023.5,12.7,16.1,2.5,85.8
TURB002,FARM02,2026-01-02T18:10:00Z,2026-01-02T18:17:00Z,3112.4,13.1,15.7,1.3,86.5
TURB002,FARM02,2026-01-02T18:15:00Z,2026-01-02T18:19:00Z,2886.2,12.3,14.6,2.1,84.2
TURB002,FARM02,2026-01-02T18:20:00Z,2026-01-02T18:21:00Z,3142.3,12.7,16.4,1.6,88.4
TURB002,FARM02,2026-01-02T18:25:00Z,2026-01-02T18:26:00Z,3002.0,12.0,16.0,1.4,87.7
TURB002,FARM02,2026-01-02T18:30:00Z,2026-01-02T18:37:00Z,2919.1,12.0,15.8,1.7,86.6
TURB002,FARM02,2026-01-02T18:35:00Z,2026-01-02T18:36:00Z,3016.5,12.5,15.8,2.0,85.4
TURB002,FARM02,2026-01-02T18:40:00Z,2026-01-02T18:42:00Z,2915.2,12.4,15.2,2.7,84.4
TURB002,FARM02,2026-01-02T18:45:00Z,2026-01-02T18:56:00Z,2682.1,10.8,15.2,2.1,85.1
TURB002,FARM02,2026-01-02T18:50:00Z,2026-01-02T19:01:00Z,2869.3,12.0,14.7,1.5,85.6
TURB002,FARM02,2026-01-02T18:55:00Z,2026-01-02T18:57:00Z,2867.3,12.2,15.0,1.9,86.6
TURB002,FARM02,2026-01-02T19:00:00Z,2026-01-02T19:07:00Z,2866.4,11.6,14.9,2.1,85.3
TURB002,FARM02,2026-01-02T19:10:00Z,2026-01-02T19:12:00Z,2627.1,10.8,13.6,2.0,83.1
TURB002,FARM02,2026-01-02T19:15:00Z,2026-01-02T19:17:00Z,2326.2,9.6,13.2,2.9,82.2
TURB002,FARM02,2026-01-02T19:20:00Z,2026-01-02T19:31:00Z,2766.5,10.8,15.4,3.2,86.8
TURB002,FARM02,2026-01-02T19:25:00Z,2026-01-02T19:32:00Z,2722.1,11.4,14.5,2.4,85.0
TURB002,FARM02,2026-01-02T19:30:00Z,2026-01-02T19:32:00Z,2789.4,11.3,14.2,2.3,82.4
TURB002,FARM02,2026-01-02T19:35:00Z,2026-01-02T19:36:00Z,2265.3,9.3,12.7,3.4,81.5
TURB002,FARM02,2026-01-02T19:40:00Z,2026-01-02T19:51:00Z,2769.7,11.6,14.3,2.7,82.6
TURB002,FARM02,2026-01-02T19:45:00Z,2026-01-02T19:46:00Z,2586.9,10.6,13.7,3.5,81.4
TURB002,FARM02,2026-01-02T19:50:00Z,2026-01-02T19:51:00Z,2678.4,10.8,14.4,3.4,83.7
TURB002,FARM02,2026-01-02T19:55:00Z,2026-01-02T20:13:00Z,2326.7,9.5,13.2,4.0,83.1
TURB002,FARM02,2026-01-02T20:00:00Z,2026-01-02T20:02:00Z,2500.6,9.8,13.8,2.7,81.8
TURB002,FARM02,2026-01-02T20:05:00Z,2026-01-02T20:23:00Z,2413.4,9.8,13.7,2.6,82.0
TURB002,FARM02,2026-01-02T20:10:00Z,2026-01-02T20:12:00Z,2597.4,10.9,14.3,2.9,83.7
TURB002,FARM02,2026-01-02T20:15:00Z,2026-01-02T20:26:00Z,2690.4,10.7,15.4,2.5,84.6
TURB002,FARM02,2026-01-02T20:20:00Z,2026-01-02T20:22:00Z,2516.5,10.3,13.8,2.2,81.1
TURB002,FARM02,2026-01-02T20:25:00Z,2026-01-02T20:26:00Z,2452.1,9.6,13.5,3.4,83.1
TURB002,FARM02,2026-01-02T20:30:00Z,2026-01-02T20:32:00Z,2201.8,8.4,13.1,3.6,83.7
TURB002,FARM02,2026-01-02T20:35:00Z,2026-01-02T20:42:00Z,2645.9,10.7,14.5,2.9,83.3
TURB002,FARM02,2026-01-02T20:40:00Z,2026-01-02T20:41:00Z,2480.7,10.4,13.5,2.6,82.6
TURB002,FARM02,2026-01-02T20:45:00Z,2026-01-02T20:52:00Z,2303.4,8.9,14.4,3.5,85.8
TURB002,FARM02,2026-01-02T20:50:00Z,2026-01-02T20:54:00Z,2587.0,10.3,13.8,3.5,83.4
TURB002,FARM02,2026-01-02T20:55:00Z,2026-01-02T20:57:00Z,2344.4,9.3,13.5,2.8,83.3
TURB002,FARM02,2026-01-02T21:00:00Z,2026-01-02T21:01:00Z,2358.6,9.3,14.5,3.6,83.8
TURB002,FARM02,2026-01-02T21:05:00Z,2026-01-02T21:23:00Z,2117.7,8.4,12.2,3.3,81.0
TURB002,FARM02,2026-01-02T21:10:00Z,2026-01-02T21:12:00Z,2054.8,7.9,12.5,4.3,80.7
TURB002,FARM02,2026-01-02T21:15:00Z,2026-01-02T21:19:00Z,2001.6,8.0,12.1,4.5,78.7
TURB002,FARM02,2026-01-02T21:20:00Z,2026-01-02T21:22:00Z,2246.8,9.0,13.8,3.0,84.9
TURB002,FARM02,2026-01-02T21:25:00Z,2026-01-02T21:26:00Z,2228.1,8.6,12.4,4.1,81.2
TURB002,FARM02,2026-01-02T21:30:00Z,2026-01-02T21:31:00Z,2259.4,8.2,13.9,3.2,82.7
TURB002,FARM02,2026-01-02T21:35:00Z,2026-01-02T21:53:00Z,2384.3,9.5,13.1,2.6,83.0
TURB002,FARM02,2026-01-02T21:40:00Z,2026-01-02T21:58:00Z,2186.1,8.9,13.0,3.8,80.8
TURB002,FARM02,2026-01-02T21:45:00Z,2026-01-02T21:47:00Z,2156.2,8.1,13.4,4.2,84.1
TURB002,FARM02,2026-01-02T21:50:00Z,2026-01-02T22:01:00Z,2446.4,9.4,14.3,3.0,84.9
TURB002,FARM02,2026-01-02T21:55:00Z,2026-01-02T21:56:00Z,1934.5,7.4,12.1,3.8,81.0
TURB002,FARM02,2026-01-02T22:00:00Z,2026-01-02T22:02:00Z,2344.2,9.2,12.9,3.8,80.6
TURB002,FARM02,2026-01-02T22:05:00Z,2026-01-02T22:07:00Z,1938.0,7.3,12.5,4.1,81.9
TURB002,FARM02,2026-01-02T22:10:00Z,2026-01-02T22:21:00Z,2020.4,7.9,12.0,3.7,78.7
TURB002,FARM02,2026-01-02T22:15:00Z,2026-01-02T22:17:00Z,2177.4,8.1,13.1,3.7,82.7
TURB002,FARM02,2026-01-02T22:20:00Z,2026-01-02T22:22:00Z,2076.1,8.0,12.7,3.2,80.4
TURB002,FARM02,2026-01-02T22:25:00Z,2026-01-02T22:26:00Z,2233.0,8.4,13.6,4.4,82.6
TURB002,FARM02,2026-01-02T22:35:00Z,2026-01-02T22:37:00Z,1926.3,7.4,12.5,4.8,80.5
TURB002,FARM02,2026-01-02T22:40:00Z,2026-01-02T22:41:00Z,2161.0,8.4,12.7,3.3,80.8
TURB002,FARM02,2026-01-02T22:45:00Z,2026-01-02T22:49:00Z,2276.0,8.9,13.4,3.5,82.0
TURB002,FARM02,2026-01-02T22:50:00Z,2026-01-02T23:08:00Z,2037.8,7.5,12.8,4.6,79.2
TURB002,FARM02,2026-01-02T22:55:00Z,2026-01-02T22:59:00Z,1915.7,7.0,11.7,4.2,77.6
TURB002,FARM02,2026-01-02T23:00:00Z,2026-01-02T23:12:00Z,2025.8,7.3,12.9,4.6,81.2
TURB002,FARM02,2026-01-02T23:05:00Z,2026-01-02T23:16:00Z,1871.2,7.0,11.5,5.1,78.0
TURB002,FARM02,2026-01-02T23:10:00Z,2026-01-02T23:21:00Z,1985.6,7.7,11.8,3.4,78.1
TURB002,FARM02,2026-01-02T23:15:00Z,2026-01-02T23:22:00Z,2276.7,8.5,14.1,3.8,83.4
TURB002,FARM02,2026-01-02T23:20:00Z,2026-01-02T23:22:00Z,2098.9,8.0,13.8,4.2,84.2
TURB002,FARM02,2026-01-02T23:25:00Z,2026-01-02T23:27:00Z,1775.5,6.3,11.2,3.9,80.3
TURB002,FARM02,2026-01-02T23:30:00Z,2026-01-02T23:32:00Z,2005.1,7.5,11.9,3.7,81.0
TURB002,FARM02,2026-01-02T23:35:00Z,2026-01-02T23:37:00Z,1760.2,6.4,12.5,4.0,80.4
TURB002,FARM02,2026-01-02T23:40:00Z,2026-01-02T23:42:00Z,2092.8,8.0,12.8,3.9,79.3
TURB002,FARM02,2026-01-02T23:45:00Z,2026-01-02T23:56:00Z,1766.2,6.7,12.3,5.0,78.5
TURB002,FARM02,2026-01-02T23:55:00Z,2026-01-02T23:59:00Z,2259.3,8.5,13.9,4.0,83.5
TURB003,FARM03,2026-01-01T00:00:00Z,2026-01-01T00:05:00Z,3202.6,10.9,15.5,3.8,86.6
TURB003,FARM03,2026-01-01T00:05:00Z,2026-01-01T00:07:00Z,3027.8,10.5,15.1,3.8,86.3
TURB003,FARM03,2026-01-01T00:10:00Z,2026-01-01T00:14:00Z,2863.6,10.1,14.7,3.9,85.9
TURB003,FARM03,2026-01-01T00:20:00Z,2026-01-01T00:23:00Z,2537.9,9.2,13.9,3.9,84.9
TURB003,FARM03,2026-01-01T00:25:00Z,2026-01-01T00:30:00Z,2376.6,8.7,13.5,4.0,84.4
TURB003,FARM03,2026-01-01T00:30:00Z,2026-01-01T00:32:00Z,2262.2,8.3,13.1,4.0,83.8
TURB003,FARM03,2026-01-01T00:35:00Z,2026-01-01T00:39:00Z,2119.7,7.8,12.6,4.0,83.2
TURB003,FARM03,2026-01-01T00:40:00Z,2026-01-01T00:41:00Z,1981.1,7.3,12.2,4.0,82.5
TURB003,FARM03,2026-01-01T00:45:00Z,2026-01-01T00:48:00Z,1914.2,7.0,11.9,3.9,82.0
TURB003,FARM03,2026-01-01T00:50:00Z,2026-01-01T00:55:00Z,1806.7,6.6,11.5,3.9,81.4
TURB003,FARM03,2026-01-01T00:55:00Z,2026-01-01T00:57:00Z,1762.9,6.4,11.4,3.8,80.9
TURB003,FARM03,2026-01-01T01:00:00Z,2026-01-01T01:04:00Z,1707.8,6.2,11.2,3.7,80.4
TURB003,FARM03,2026-01-01T01:05:00Z,2026-01-01T01:06:00Z,1675.7,6.1,11.1,3.7,80.0
TURB003,FARM03,2026-01-01T01:10:00Z,2026-01-01T01:13:00Z,1666.2,6.1,11.1,3.6,79.7
TURB003,FARM03,2026-01-01T01:15:00Z,2026-01-01T01:20:00Z,1680.2,6.2,11.2,3.5,79.5
TURB003,FARM03,2026-01-01T01:20:00Z,2026-01-01T01:22:00Z,1684.1,6.3,11.3,3.4,79.3
TURB003,FARM03,2026-01-01T01:25:00Z,2026-01-01T01:29:00Z,1717.2,6.5,11.5,3.3,79.2
TURB003,FARM03,2026-01-01T01:30:00Z,2026-01-01T01:31:00Z,1819.4,6.9,11.9,3.1,79.3
TURB003,FARM03,2026-01-01T01:35:00Z,2026-01-01T01:38:00Z,1887.2,7.2,12.2,3.0,79.3
TURB003,FARM03,2026-01-01T01:40:00Z,2026-01-01T01:45:00Z,1996.6,7.6,12.5,3.0,79.4
TURB003,FARM03,2026-01-01T01:45:00Z,2026-01-01T01:47:00Z,2115.3,8.0,12.9,2.9,79.5
TURB003,FARM03,2026-01-01T01:50:00Z,2026-01-01T01:54:00Z,2281.8,8.5,13.4,2.8,79.7
TURB003,FARM03,2026-01-01T01:55:00Z,2026-01-01T01:56:00Z,2425.6,8.9,13.7,2.8,79.9
TURB003,FARM03,2026-01-01T02:00:00Z,2026-01-01T02:03:00Z,2582.7,9.3,14.1,2.7,80.1
TURB003,FARM03,2026-01-01T02:05:00Z,2026-01-01T02:10:00Z,2751.7,9.7,14.5,2.7,80.3
TURB003,FARM03,2026-01-01T02:10:00Z,2026-01-01T02:12:00Z,2894.0,10.0,14.8,2.8,80.5
TURB003,FARM03,2026-01-01T02:15:00Z,2026-01-01T02:19:00Z,3006.1,10.2,15.0,2.8,80.5
TURB003,FARM03,2026-01-01T02:20:00Z,2026-01-01T02:21:00Z,3119.9,10.4,15.2,2.9,80.7
TURB003,FARM03,2026-01-01T02:25:00Z,2026-01-01T02:28:00Z,3195.0,10.5,15.3,3.0,80.7
TURB003,FARM03,2026-01-01T02:30:00Z,2026-01-01T02:35:00Z,3227.4,10.5,15.3,3.1,80.7
TURB003,FARM03,2026-01-01T02:35:00Z,2026-01-01T02:37:00Z,3249.7,10.5,15.2,3.2,80.7
TURB003,FARM03,2026-01-01T02:40:00Z,2026-01-01T02:44:00Z,3187.6,10.3,15.1,3.4,80.6
TURB003,FARM03,2026-01-01T02:45:00Z,2026-01-01T02:46:00Z,3112.1,10.1,14.9,3.5,80.5
TURB003,FARM03,2026-01-01T02:50:00Z,2026-01-01T02:53:00Z,2987.6,9.8,14.6,3.7,80.3
TURB003,FARM03,2026-01-01T02:55:00Z,2026-01-01T03:00:00Z,2815.7,9.4,14.2,3.9,80.1
TURB003,FARM03,2026-01-01T03:00:00Z,2026-01-01T03:02:00Z,2635.4,9.0,13.9,4.1,79.9
TURB003,FARM03,2026-01-01T03:05:00Z,2026-01-01T03:09:00Z,2450.4,8.6,13.5,4.2,79.7
TURB003,FARM03,2026-01-01T03:10:00Z,2026-01-01T03:11:00Z,2228.9,8.1,13.0,4.4,79.4
TURB003,FARM03,2026-01-01T03:15:00Z,2026-01-01T03:18:00Z,2047.3,7.7,12.7,4.5,79.3
TURB003,FARM03,2026-01-01T03:20:00Z,2026-01-01T03:25:00Z,1873.4,7.3,12.3,4.6,79.2
TURB003,FARM03,2026-01-01T03:25:00Z,2026-01-01T03:27:00Z,1710.3,6.9,11.9,4.7,79.1
TURB003,FARM03,2026-01-01T03:30:00Z,2026-01-01T03:34:00Z,1560.0,6.5,11.5,4.8,79.0
TURB003,FARM03,2026-01-01T03:35:00Z,2026-01-01T03:36:00Z,1459.2,6.2,11.3,4.8,79.0
TURB003,FARM03,2026-01-01T03:40:00Z,2026-01-01T03:43:00Z,1407.0,6.0,11.1,4.8,79.1
TURB003,FARM03,2026-01-01T03:45:00Z,2026-01-01T03:50:00Z,1401.5,5.9,11.0,4.7,79.3
TURB003,FARM03,2026-01-01T03:50:00Z,2026-01-01T03:52:00Z,1439.5,5.9,10.9,4.6,79.7
TURB003,FARM03,2026-01-01T03:55:00Z,2026-01-01T03:59:00Z,1481.1,5.9,11.0,4.5,80.0
TURB003,FARM03,2026-01-01T04:00:00Z,2026-01-01T04:01:00Z,1521.9,5.9,11.0,4.4,80.2
TURB003,FARM03,2026-01-01T04:05:00Z,2026-01-01T04:08:00Z,1629.8,6.1,11.2,4.3,80.7
TURB003,FARM03,2026-01-01T04:10:00Z,2026-01-01T04:15:00Z,1765.0,6.4,11.4,4.1,81.3
TURB003,FARM03,2026-01-01T04:15:00Z,2026-01-01T04:17:00Z,1888.7,6.7,11.7,3.9,81.8
TURB003,FARM03,2026-01-01T04:20:00Z,2026-01-01T04:24:00Z,2035.4,7.1,12.1,3.7,82.4
TURB003,FARM03,2026-01-01T04:25:00Z,2026-01-01T04:26:00Z,2204.6,7.6,12.5,3.5,83.1
TURB003,FARM03,2026-01-01T04:30:00Z,2026-01-01T04:33:00Z,2325.6,8.0,12.9,3.3,83.6
TURB003,FARM03,2026-01-01T04:35:00Z,2026-01-01T04:40:00Z,2472.7,8.5,13.4,3.0,84.2
TURB003,FARM03,2026-01-01T04:40:00Z,2026-01-01T04:58:00Z,2613.3,9.0,13.8,2.8,84.8
TURB003,FARM03,2026-01-01T04:45:00Z,2026-01-01T04:49:00Z,2751.5,9.5,14.3,2.6,85.3
TURB003,FARM03,2026-01-01T04:50:00Z,2026-01-01T04:51:00Z,2855.6,9.9,14.6,2.5,85.7
TURB003,FARM03,2026-01-01T04:55:00Z,2026-01-01T04:58:00Z,2929.8,10.2,14.9,2.4,86.0
TURB003,FARM03,2026-01-01T05:00:00Z,2026-01-01T05:05:00Z,3013.5,10.5,15.2,2.3,86.2
TURB003,FARM03,2026-01-01T05:05:00Z,2026-01-01T05:07:00Z,3109.2,10.8,15.4,2.2,86.4
TURB003,FARM03,2026-01-01T05:10:00Z,2026-01-01T05:14:00Z,3146.3,10.9,15.5,2.2,86.3
TURB003,FARM03,2026-01-01T05:15:00Z,2026-01-01T05:16:00Z,3196.5,11.0,15.6,2.2,86.2
TURB003,FARM03,2026-01-01T05:20:00Z,2026-01-01T05:23:00Z,3222.6,11.0,15.6,2.3,86.0
TURB003,FARM03,2026-01-01T05:25:00Z,2026-01-01T05:30:00Z,3185.6,10.8,15.4,2.4,85.6
TURB003,FARM03,2026-01-01T05:30:00Z,2026-01-01T05:32:00Z,3190.1,10.7,15.3,2.5,85.3
TURB003,FARM03,2026-01-01T05:35:00Z,2026-01-01T05:39:00Z,3123.8,10.4,15.0,2.6,84.7
TURB003,FARM03,2026-01-01T05:40:00Z,2026-01-01T05:41:00Z,3054.4,10.1,14.8,2.8,84.1
TURB003,FARM03,2026-01-01T05:45:00Z,2026-01-01T05:48:00Z,2942.0,9.7,14.4,3.0,83.4
TURB003,FARM03,2026-01-01T05:50:00Z,2026-01-01T05:55:00Z,2819.2,9.3,14.0,3.2,82.7
TURB003,FARM03,2026-01-01T05:55:00Z,2026-01-01T05:57:00Z,2683.9,8.9,13.6,3.4,81.9
TURB003,FARM03,2026-01-01T06:00:00Z,2026-01-01T06:04:00Z,2535.1,8.5,13.2,3.6,81.2
TURB003,FARM03,2026-01-01T06:05:00Z,2026-01-01T06:06:00Z,2373.4,8.1,12.9,3.9,80.5
TURB003,FARM03,2026-01-01T06:10:00Z,2026-01-01T06:13:00Z,2200.6,7.7,12.5,4.1,79.8
TURB003,FARM03,2026-01-01T06:15:00Z,2026-01-01T06:20:00Z,2055.7,7.4,12.2,4.2,79.2
TURB003,FARM03,2026-01-01T06:20:00Z,2026-01-01T06:22:00Z,1906.4,7.1,11.9,4.4,78.6
TURB003,FARM03,2026-01-01T06:25:00Z,2026-01-01T06:29:00Z,1793.1,6.9,11.7,4.5,78.2
TURB003,FARM03,2026-01-01T06:30:00Z,2026-01-01T06:31:00Z,1684.1,6.7,11.5,4.6,77.7
TURB003,FARM03,2026-01-01T06:35:00Z,2026-01-01T06:38:00Z,1655.1,6.7,11.5,4.7,77.5
TURB003,FARM03,2026-01-01T06:40:00Z,2026-01-01T06:45:00Z,1637.1,6.7,11.5,4.7,77.3
TURB003,FARM03,2026-01-01T06:45:00Z,2026-01-01T06:47:00Z,1704.1,6.9,11.7,4.7,77.4
TURB003,FARM03,2026-01-01T06:50:00Z,2026-01-01T06:54:00Z,1784.5,7.1,11.9,4.7,77.5
TURB003,FARM03,2026-01-01T06:55:00Z,2026-01-01T06:56:00Z,1877.5,7.3,12.1,4.6,77.6
TURB003,FARM03,2026-01-01T07:00:00Z,2026-01-01T07:03:00Z,2052.8,7.7,12.4,4.5,77.9
TURB003,FARM03,2026-01-01T07:05:00Z,2026-01-01T07:10:00Z,2235.4,8.1,12.8,4.3,78.3
TURB003,FARM03,2026-01-01T07:10:00Z,2026-01-01T07:12:00Z,2421.0,8.5,13.2,4.2,78.7
TURB003,FARM03,2026-01-01T07:15:00Z,2026-01-01T07:19:00Z,2641.6,9.0,13.6,4.0,79.3
TURB003,FARM03,2026-01-01T07:20:00Z,2026-01-01T07:21:00Z,2856.8,9.5,14.1,3.8,79.9
TURB003,FARM03,2026-01-01T07:25:00Z,2026-01-01T07:28:00Z,3027.0,9.9,14.5,3.6,80.4
TURB003,FARM03,2026-01-01T07:30:00Z,2026-01-01T07:35:00Z,3221.6,10.4,14.9,3.3,81.1
TURB003,FARM03,2026-01-01T07:35:00Z,2026-01-01T07:37:00Z,3366.9,10.8,15.3,3.1,81.6
TURB003,FARM03,2026-01-01T07:40:00Z,2026-01-01T07:44:00Z,3498.9,11.2,15.6,2.9,82.3
TURB003,FARM03,2026-01-01T07:45:00Z,2026-01-01T07:46:00Z,3500.0,11.5,15.9,2.7,82.8
TURB003,FARM03,2026-01-01T07:50:00Z,2026-01-01T07:53:00Z,3500.0,11.7,16.1,2.5,83.3
TURB003,FARM03,2026-01-01T07:55:00Z,2026-01-01T08:00:00Z,3500.0,11.8,16.2,2.4,83.7
TURB003,FARM03,2026-01-01T08:00:00Z,2026-01-01T08:02:00Z,3500.0,11.9,16.3,2.3,84.1
TURB003,FARM03,2026-01-01T08:05:00Z,2026-01-01T08:09:00Z,3500.0,11.8,16.2,2.2,84.3
TURB003,FARM03,2026-01-01T08:10:00Z,2026-01-01T08:11:00Z,3467.0,11.7,16.1,2.2,84.5
TURB003,FARM03,2026-01-01T08:15:00Z,2026-01-01T08:18:00Z,3371.7,11.5,15.9,2.1,84.6
TURB003,FARM03,2026-01-01T08:20:00Z,2026-01-01T08:25:00Z,3252.7,11.2,15.6,2.2,84.6
TURB003,FARM03,2026-01-01T08:25:00Z,2026-01-01T08:27:00Z,3147.1,10.9,15.3,2.2,84.6
TURB003,FARM03,2026-01-01T08:30:00Z,2026-01-01T08:34:00Z,3018.5,10.5,15.0,2.3,84.5
TURB003,FARM03,2026-01-01T08:35:00Z,2026-01-01T08:36:00Z,2865.5,10.0,14.5,2.4,84.3
TURB003,FARM03,2026-01-01T08:40:00Z,2026-01-01T08:43:00Z,2757.3,9.6,14.1,2.5,84.2
TURB003,FARM03,2026-01-01T08:45:00Z,2026-01-01T08:50:00Z,2618.1,9.1,13.7,2.7,83.9
TURB003,FARM03,2026-01-01T08:50:00Z,2026-01-01T08:52:00Z,2515.7,8.7,13.3,2.8,83.8
TURB003,FARM03,2026-01-01T08:55:00Z,2026-01-01T08:59:00Z,2409.8,8.3,12.9,3.0,83.6
TURB003,FARM03,2026-01-01T09:00:00Z,2026-01-01T09:01:00Z,2296.5,7.9,12.6,3.2,83.3
TURB003,FARM03,2026-01-01T09:05:00Z,2026-01-01T09:23:00Z,2208.6,7.6,12.3,3.3,83.2
TURB003,FARM03,2026-01-01T09:10:00Z,2026-01-01T09:15:00Z,2108.0,7.3,12.0,3.5,83.0
TURB003,FARM03,2026-01-01T09:15:00Z,2026-01-01T09:17:00Z,2030.0,7.1,11.8,3.7,82.9
TURB003,FARM03,2026-01-01T09:25:00Z,2026-01-01T09:26:00Z,1945.4,7.0,11.7,4.0,82.8
TURB003,FARM03,2026-01-01T09:30:00Z,2026-01-01T09:33:00Z,1943.9,7.1,11.8,4.0,82.9
TURB003,FARM03,2026-01-01T09:35:00Z,2026-01-01T09:40:00Z,1974.5,7.3,12.0,4.1,83.0
TURB003,FARM03,2026-01-01T09:40:00Z,2026-01-01T09:42:00Z,2005.4,7.5,12.2,4.2,83.1
TURB003,FARM03,2026-01-01T09:45:00Z,2026-01-01T09:49:00Z,2076.9,7.8,12.5,4.2,83.2
TURB003,FARM03,2026-01-01T09:50:00Z,2026-01-01T09:51:00Z,2156.9,8.1,12.8,4.2,83.4
TURB003,FARM03,2026-01-01T09:55:00Z,2026-01-01T09:58:00Z,2284.1,8.5,13.2,4.2,83.6
TURB003,FARM03,2026-01-01T10:00:00Z,2026-01-01T10:05:00Z,2460.3,9.0,13.6,4.2,83.8
TURB003,FARM03,2026-01-01T10:05:00Z,2026-01-01T10:07:00Z,2614.0,9.4,14.0,4.1,84.0
TURB003,FARM03,2026-01-01T10:10:00Z,2026-01-01T10:14:00Z,2780.1,9.8,14.4,4.0,84.1
TURB003,FARM03,2026-01-01T10:15:00Z,2026-01-01T10:16:00Z,2956.2,10.2,14.8,4.0,84.2
TURB003,FARM03,2026-01-01T10:20:00Z,2026-01-01T10:23:00Z,3139.2,10.6,15.1,3.8,84.3
TURB003,FARM03,2026-01-01T10:25:00Z,2026-01-01T10:30:00Z,3289.0,10.9,15.4,3.7,84.3
TURB003,FARM03,2026-01-01T10:30:00Z,2026-01-01T10:32:00Z,3437.2,11.2,15.7,3.6,84.3
TURB003,FARM03,2026-01-01T10:35:00Z,2026-01-01T10:39:00Z,3500.0,11.3,15.8,3.5,84.1
TURB003,FARM03,2026-01-01T10:40:00Z,2026-01-01T10:41:00Z,3500.0,11.4,15.9,3.4,83.8
TURB003,FARM03,2026-01-01T10:45:00Z,2026-01-01T10:48:00Z,3500.0,11.4,15.9,3.4,83.5
TURB003,FARM03,2026-01-01T10:50:00Z,2026-01-01T10:55:00Z,3500.0,11.4,15.9,3.2,83.2
TURB003,FARM03,2026-01-01T10:55:00Z,2026-01-01T10:57:00Z,3497.1,11.2,15.7,3.2,82.8
TURB003,FARM03,2026-01-01T11:00:00Z,2026-01-01T11:04:00Z,3400.0,11.0,15.5,3.1,82.3
TURB003,FARM03,2026-01-01T11:05:00Z,2026-01-01T11:06:00Z,3257.6,10.7,15.3,3.1,81.8
TURB003,FARM03,2026-01-01T11:10:00Z,2026-01-01T11:13:00Z,3073.4,10.3,14.9,3.0,81.1
TURB003,FARM03,2026-01-01T11:15:00Z,2026-01-01T11:20:00Z,2887.6,9.9,14.5,3.0,80.5
TURB003,FARM03,2026-01-01T11:20:00Z,2026-01-01T11:22:00Z,2668.6,9.4,14.1,3.0,79.9
TURB003,FARM03,2026-01-01T11:25:00Z,2026-01-01T11:29:00Z,2456.3,8.9,13.6,3.0,79.3
TURB003,FARM03,2026-01-01T11:30:00Z,2026-01-01T11:31:00Z,2254.1,8.4,13.2,3.0,78.7
TURB003,FARM03,2026-01-01T11:35:00Z,2026-01-01T11:38:00Z,2100.4,8.0,12.8,3.0,78.2
TURB003,FARM03,2026-01-01T11:40:00Z,2026-01-01T11:45:00Z,1924.0,7.5,12.4,3.1,77.7
TURB003,FARM03,2026-01-01T11:45:00Z,2026-01-01T11:47:00Z,1796.6,7.1,12.0,3.1,77.3
TURB003,FARM03,2026-01-01T11:50:00Z,2026-01-01T11:54:00Z,1716.6,6.8,11.7,3.2,77.1
TURB003,FARM03,2026-01-01T12:00:00Z,2026-01-01T12:03:00Z,1614.0,6.3,11.3,3.3,76.8
TURB003,FARM03,2026-01-01T12:05:00Z,2026-01-01T12:10:00Z,1583.5,6.1,11.1,3.3,76.7
TURB003,FARM03,2026-01-01T12:10:00Z,2026-01-01T12:12:00Z,1621.1,6.1,11.1,3.4,76.9
TURB003,FARM03,2026-01-01T12:15:00Z,2026-01-01T12:19:00Z,1686.9,6.2,11.2,3.4,77.2
TURB003,FARM03,2026-01-01T12:20:00Z,2026-01-01T12:21:00Z,1741.8,6.3,11.3,3.4,77.6
TURB003,FARM03,2026-01-01T12:25:00Z,2026-01-01T12:28:00Z,1820.0,6.5,11.5,3.5,78.0
TURB003,FARM03,2026-01-01T12:30:00Z,2026-01-01T12:35:00Z,1920.7,6.8,11.8,3.5,78.6
TURB003,FARM03,2026-01-01T12:35:00Z,2026-01-01T12:37:00Z,2008.7,7.1,12.1,3.5,79.2
TURB003,FARM03,2026-01-01T12:40:00Z,2026-01-01T12:44:00Z,2122.1,7.5,12.4,3.6,79.9
TURB003,FARM03,2026-01-01T12:45:00Z,2026-01-01T12:46:00Z,2228.1,7.9,12.8,3.6,80.6
TURB003,FARM03,2026-01-01T12:50:00Z,2026-01-01T12:53:00Z,2366.5,8.4,13.3,3.6,81.5
TURB003,FARM03,2026-01-01T12:55:00Z,2026-01-01T13:00:00Z,2469.7,8.8,13.6,3.6,82.2
TURB003,FARM03,2026-01-01T13:00:00Z,2026-01-01T13:02:00Z,2577.9,9.2,14.0,3.6,82.9
TURB003,FARM03,2026-01-01T13:05:00Z,2026-01-01T13:09:00Z,2694.8,9.6,14.4,3.7,83.6
TURB003,FARM03,2026-01-01T13:10:00Z,2026-01-01T13:11:00Z,2787.2,9.9,14.7,3.7,84.2
TURB003,FARM03,2026-01-01T13:15:00Z,2026-01-01T13:18:00Z,2892.7,10.2,15.0,3.7,84.8
TURB003,FARM03,2026-01-01T13:20:00Z,2026-01-01T13:25:00Z,2975.6,10.4,15.1,3.8,85.2
TURB003,FARM03,2026-01-01T13:25:00Z,2026-01-01T13:27:00Z,3034.7,10.5,15.2,3.8,85.5
TURB003,FARM03,2026-01-01T13:30:00Z,2026-01-01T13:48:00Z,3103.7,10.6,15.3,3.8,85.8
TURB003,FARM03,2026-01-01T13:35:00Z,2026-01-01T13:36:00Z,3107.2,10.5,15.3,3.9,85.9
TURB003,FARM03,2026-01-01T13:40:00Z,2026-01-01T13:43:00Z,3113.0,10.4,15.2,3.9,86.0
TURB003,FARM03,2026-01-01T13:45:00Z,2026-01-01T13:50:00Z,3080.8,10.2,15.0,3.9,85.9
TURB003,FARM03,2026-01-01T13:50:00Z,2026-01-01T13:52:00Z,3006.6,9.9,14.7,4.0,85.7
TURB003,FARM03,2026-01-01T13:55:00Z,2026-01-01T13:59:00Z,2886.7,9.5,14.3,4.0,85.3
TURB003,FARM03,2026-01-01T14:00:00Z,2026-01-01T14:01:00Z,2754.9,9.1,14.0,4.1,84.9
TURB003,FARM03,2026-01-01T14:05:00Z,2026-01-01T14:08:00Z,2609.6,8.7,13.6,4.1,84.5
TURB003,FARM03,2026-01-01T14:10:00Z,2026-01-01T14:15:00Z,2451.2,8.3,13.2,4.1,84.0
TURB003,FARM03,2026-01-01T14:15:00Z,2026-01-01T14:17:00Z,2245.1,7.8,12.8,4.1,83.4
TURB003,FARM03,2026-01-01T14:20:00Z,2026-01-01T14:24:00Z,2066.0,7.4,12.4,4.1,82.9
TURB003,FARM03,2026-01-01T14:25:00Z,2026-01-01T14:26:00Z,1881.5,7.0,12.0,4.1,82.3
TURB003,FARM03,2026-01-01T14:35:00Z,2026-01-01T14:40:00Z,1549.2,6.3,11.3,4.0,81.2
TURB003,FARM03,2026-01-01T14:40:00Z,2026-01-01T14:42:00Z,1409.7,6.0,11.1,3.9,80.6
TURB003,FARM03,2026-01-01T14:45:00Z,2026-01-01T14:49:00Z,1352.7,5.9,11.0,3.8,80.2
TURB003,FARM03,2026-01-01T14:50:00Z,2026-01-01T14:51:00Z,1344.1,5.9,11.0,3.7,80.0
TURB003,FARM03,2026-01-01T14:55:00Z,2026-01-01T14:58:00Z,1349.0,5.9,10.9,3.6,79.6
TURB003,FARM03,2026-01-01T15:00:00Z,2026-01-01T15:05:00Z,1366.8,5.9,11.0,3.5,79.3
TURB003,FARM03,2026-01-01T15:05:00Z,2026-01-01T15:07:00Z,1431.8,6.0,11.1,3.5,79.1
TURB003,FARM03,2026-01-01T15:10:00Z,2026-01-01T15:14:00Z,1576.8,6.3,11.3,3.3,79.1
TURB003,FARM03,2026-01-01T15:15:00Z,2026-01-01T15:16:00Z,1726.0,6.6,11.6,3.2,79.1
TURB003,FARM03,2026-01-01T15:20:00Z,2026-01-01T15:23:00Z,1911.3,7.0,12.0,3.1,79.2
TURB003,FARM03,2026-01-01T15:25:00Z,2026-01-01T15:30:00Z,2092.3,7.4,12.4,3.0,79.3
TURB003,FARM03,2026-01-01T15:30:00Z,2026-01-01T15:32:00Z,2301.2,7.9,12.8,2.9,79.5
TURB003,FARM03,2026-01-01T15:35:00Z,2026-01-01T15:39:00Z,2499.0,8.4,13.3,2.8,79.7
TURB003,FARM03,2026-01-01T15:40:00Z,2026-01-01T15:41:00Z,2647.9,8.8,13.6,2.8,79.9
TURB003,FARM03,2026-01-01T15:45:00Z,2026-01-01T15:48:00Z,2819.3,9.3,14.1,2.7,80.2
TURB003,FARM03,2026-01-01T15:50:00Z,2026-01-01T15:55:00Z,2942.2,9.7,14.5,2.7,80.4
TURB003,FARM03,2026-01-01T15:55:00Z,2026-01-01T15:57:00Z,3054.8,10.1,14.8,2.7,80.6
TURB003,FARM03,2026-01-01T16:00:00Z,2026-01-01T16:04:00Z,3124.2,10.4,15.1,2.7,80.8
TURB003,FARM03,2026-01-01T16:05:00Z,2026-01-01T16:06:00Z,3190.5,10.7,15.4,2.8,81.0
TURB003,FARM03,2026-01-01T16:10:00Z,2026-01-01T16:13:00Z,3186.0,10.8,15.5,2.9,81.0
TURB003,FARM03,2026-01-01T16:15:00Z,2026-01-01T16:20:00Z,3186.9,10.9,15.5,3.0,81.1
TURB003,FARM03,2026-01-01T16:20:00Z,2026-01-01T16:22:00Z,3160.7,10.9,15.5,3.1,81.1
TURB003,FARM03,2026-01-01T16:25:00Z,2026-01-01T16:29:00Z,3110.3,10.8,15.4,3.2,81.1
TURB003,FARM03,2026-01-01T16:30:00Z,2026-01-01T16:31:00Z,3073.1,10.7,15.3,3.4,81.0
TURB003,FARM03,2026-01-01T16:35:00Z,2026-01-01T16:38:00Z,2977.3,10.4,15.1,3.5,80.9
TURB003,FARM03,2026-01-01T16:40:00Z,2026-01-01T16:45:00Z,2893.5,10.1,14.8,3.7,80.7
TURB003,FARM03,2026-01-01T16:45:00Z,2026-01-01T16:47:00Z,2819.2,9.8,14.5,3.9,80.6
TURB003,FARM03,2026-01-01T16:50:00Z,2026-01-01T16:54:00Z,2715.1,9.4,14.1,4.0,80.4
TURB003,FARM03,2026-01-01T16:55:00Z,2026-01-01T16:56:00Z,2612.9,9.0,13.7,4.2,80.2
TURB003,FARM03,2026-01-01T17:00:00Z,2026-01-01T17:03:00Z,2508.3,8.6,13.3,4.3,80.1
TURB003,FARM03,2026-01-01T17:10:00Z,2026-01-01T17:12:00Z,2276.4,7.8,12.6,4.5,79.9
TURB003,FARM03,2026-01-01T17:15:00Z,2026-01-01T17:19:00Z,2143.3,7.4,12.2,4.6,79.8
TURB003,FARM03,2026-01-01T17:20:00Z,2026-01-01T17:21:00Z,2032.8,7.1,11.9,4.6,79.8
TURB003,FARM03,2026-01-01T17:25:00Z,2026-01-01T17:28:00Z,1945.2,6.9,11.7,4.6,79.9
TURB003,FARM03,2026-01-01T17:30:00Z,2026-01-01T17:35:00Z,1846.1,6.7,11.5,4.6,80.0
TURB003,FARM03,2026-01-01T17:35:00Z,2026-01-01T17:37:00Z,1810.3,6.7,11.5,4.5,80.4
TURB003,FARM03,2026-01-01T17:40:00Z,2026-01-01T17:44:00Z,1769.5,6.7,11.5,4.4,80.7
TURB003,FARM03,2026-01-01T17:45:00Z,2026-01-01T17:46:00Z,1763.9,6.8,11.6,4.3,81.1
TURB003,FARM03,2026-01-01T17:50:00Z,2026-01-01T17:53:00Z,1797.8,7.0,11.8,4.1,81.5
TURB003,FARM03,2026-01-01T17:55:00Z,2026-01-01T18:13:00Z,1839.3,7.2,12.0,3.9,82.0
TURB003,FARM03,2026-01-01T18:00:00Z,2026-01-01T18:02:00Z,1927.3,7.5,12.3,3.8,82.5
TURB003,FARM03,2026-01-01T18:05:00Z,2026-01-01T18:09:00Z,2064.0,7.9,12.6,3.5,83.1
TURB003,FARM03,2026-01-01T18:10:00Z,2026-01-01T18:11:00Z,2250.2,8.4,13.1,3.3,83.8
TURB003,FARM03,2026-01-01T18:15:00Z,2026-01-01T18:18:00Z,2413.2,8.8,13.4,3.1,84.4
TURB003,FARM03,2026-01-01T18:20:00Z,2026-01-01T18:25:00Z,2623.0,9.3,13.9,2.9,85.0
TURB003,FARM03,2026-01-01T18:25:00Z,2026-01-01T18:27:00Z,2840.5,9.8,14.4,2.7,85.5
TURB003,FARM03,2026-01-01T18:30:00Z,2026-01-01T18:34:00Z,3026.0,10.2,14.7,2.5,86.0
TURB003,FARM03,2026-01-01T18:35:00Z,2026-01-01T18:36:00Z,3247.0,10.7,15.2,2.3,86.5
TURB003,FARM03,2026-01-01T18:40:00Z,2026-01-01T18:43:00Z,3391.4,11.0,15.5,2.2,86.8
TURB003,FARM03,2026-01-01T18:45:00Z,2026-01-01T18:50:00Z,3500.0,11.4,15.8,2.1,87.1
TURB003,FARM03,2026-01-01T18:50:00Z,2026-01-01T18:52:00Z,3500.0,11.6,16.0,2.0,87.2
TURB003,FARM03,2026-01-01T18:55:00Z,2026-01-01T18:59:00Z,3500.0,11.8,16.2,2.0,87.3
TURB003,FARM03,2026-01-01T19:00:00Z,2026-01-01T19:01:00Z,3500.0,11.8,16.2,2.0,87.1
TURB003,FARM03,2026-01-01T19:05:00Z,2026-01-01T19:08:00Z,3500.0,11.8,16.2,2.1,86.9
TURB003,FARM03,2026-01-01T19:10:00Z,2026-01-01T19:15:00Z,3500.0,11.7,16.1,2.1,86.6
TURB003,FARM03,2026-01-01T19:15:00Z,2026-01-01T19:17:00Z,3500.0,11.5,15.9,2.3,86.1
TURB003,FARM03,2026-01-01T19:20:00Z,2026-01-01T19:24:00Z,3402.5,11.3,15.7,2.4,85.7
TURB003,FARM03,2026-01-01T19:25:00Z,2026-01-01T19:26:00Z,3254.4,11.0,15.4,2.6,85.1
TURB003,FARM03,2026-01-01T19:30:00Z,2026-01-01T19:33:00Z,3076.0,10.6,15.1,2.8,84.4
TURB003,FARM03,2026-01-01T19:35:00Z,2026-01-01T19:40:00Z,2906.8,10.2,14.7,3.0,83.7
TURB003,FARM03,2026-01-01T19:45:00Z,2026-01-01T19:49:00Z,2569.7,9.3,13.8,3.4,82.1
TURB003,FARM03,2026-01-01T19:50:00Z,2026-01-01T19:51:00Z,2403.1,8.8,13.4,3.7,81.3
TURB003,FARM03,2026-01-01T19:55:00Z,2026-01-01T19:58:00Z,2284.3,8.4,13.0,3.9,80.6
TURB003,FARM03,2026-01-01T20:00:00Z,2026-01-01T20:05:00Z,2174.8,8.0,12.7,4.1,79.9
TURB003,FARM03,2026-01-01T20:05:00Z,2026-01-01T20:07:00Z,2107.0,7.7,12.4,4.2,79.3
TURB003,FARM03,2026-01-01T20:10:00Z,2026-01-01T20:14:00Z,2040.8,7.4,12.1,4.4,78.8
TURB003,FARM03,2026-01-01T20:15:00Z,2026-01-01T20:16:00Z,2007.8,7.2,11.9,4.5,78.3
TURB003,FARM03,2026-01-01T20:20:00Z,2026-01-01T20:23:00Z,2004.0,7.1,11.8,4.6,78.0
TURB003,FARM03,2026-01-01T20:25:00Z,2026-01-01T20:30:00Z,2026.0,7.1,11.8,4.6,77.8
TURB003,FARM03,2026-01-01T20:30:00Z,2026-01-01T20:32:00Z,2035.7,7.1,11.8,4.7,77.6
TURB003,FARM03,2026-01-01T20:35:00Z,2026-01-01T20:39:00Z,2067.9,7.2,11.9,4.6,77.6
TURB003,FARM03,2026-01-01T20:40:00Z,2026-01-01T20:41:00Z,2123.1,7.4,12.1,4.6,77.7
TURB003,FARM03,2026-01-01T20:45:00Z,2026-01-01T20:48:00Z,2203.0,7.7,12.4,4.5,77.9
TURB003,FARM03,2026-01-01T20:50:00Z,2026-01-01T20:55:00Z,2310.6,8.1,12.8,4.3,78.3
TURB003,FARM03,2026-01-01T20:55:00Z,2026-01-01T20:57:00Z,2413.5,8.5,13.1,4.2,78.7
TURB003,FARM03,2026-01-01T21:00:00Z,2026-01-01T21:04:00Z,2516.1,8.9,13.5,4.0,79.2
TURB003,FARM03,2026-01-01T21:05:00Z,2026-01-01T21:06:00Z,2622.6,9.3,13.9,3.8,79.6
TURB003,FARM03,2026-01-01T21:10:00Z,2026-01-01T21:13:00Z,2736.9,9.7,14.3,3.6,80.1
TURB003,FARM03,2026-01-01T21:15:00Z,2026-01-01T21:20:00Z,2862.0,10.1,14.7,3.4,80.7
TURB003,FARM03,2026-01-01T21:20:00Z,2026-01-01T21:22:00Z,3000.0,10.5,15.0,3.2,81.3
TURB003,FARM03,2026-01-01T21:25:00Z,2026-01-01T21:29:00Z,3151.5,10.9,15.4,3.0,81.9
TURB003,FARM03,2026-01-01T21:30:00Z,2026-01-01T21:31:00Z,3243.6,11.1,15.6,2.8,82.3
TURB003,FARM03,2026-01-01T21:35:00Z,2026-01-01T21:38:00Z,3346.3,11.3,15.8,2.7,82.8
TURB003,FARM03,2026-01-01T21:40:00Z,2026-01-01T21:45:00Z,3456.4,11.5,16.0,2.5,83.3
TURB003,FARM03,2026-01-01T21:45:00Z,2026-01-01T21:47:00Z,3498.0,11.5,16.0,2.4,83.5
TURB003,FARM03,2026-01-01T21:50:00Z,2026-01-01T21:54:00Z,3500.0,11.4,15.9,2.3,83.8
TURB003,FARM03,2026-01-01T21:55:00Z,2026-01-01T21:56:00Z,3500.0,11.3,15.8,2.3,84.0
TURB003,FARM03,2026-01-01T22:00:00Z,2026-01-01T22:03:00Z,3457.5,11.1,15.6,2.3,84.1
TURB003,FARM03,2026-01-01T22:05:00Z,2026-01-01T22:10:00Z,3364.9,10.8,15.4,2.3,84.1
TURB003,FARM03,2026-01-01T22:10:00Z,2026-01-01T22:12:00Z,3223.3,10.4,15.0,2.3,84.0
TURB003,FARM03,2026-01-01T22:20:00Z,2026-01-01T22:38:00Z,2901.0,9.6,14.3,2.5,83.8
TURB003,FARM03,2026-01-01T22:25:00Z,2026-01-01T22:28:00Z,2687.9,9.1,13.8,2.6,83.6
TURB003,FARM03,2026-01-01T22:30:00Z,2026-01-01T22:35:00Z,2468.4,8.6,13.4,2.8,83.4
TURB003,FARM03,2026-01-01T22:35:00Z,2026-01-01T22:37:00Z,2246.6,8.1,12.9,2.9,83.1
TURB003,FARM03,2026-01-01T22:40:00Z,2026-01-01T22:44:00Z,2062.8,7.7,12.5,3.1,82.9
TURB003,FARM03,2026-01-01T22:45:00Z,2026-01-01T22:46:00Z,1885.1,7.3,12.2,3.3,82.7
TURB003,FARM03,2026-01-01T22:50:00Z,2026-01-01T22:53:00Z,1717.1,6.9,11.8,3.5,82.4
TURB003,FARM03,2026-01-01T22:55:00Z,2026-01-01T23:00:00Z,1597.1,6.6,11.5,3.6,82.3
TURB003,FARM03,2026-01-01T23:00:00Z,2026-01-01T23:02:00Z,1526.4,6.4,11.3,3.8,82.1
TURB003,FARM03,2026-01-01T23:05:00Z,2026-01-01T23:09:00Z,1469.0,6.2,11.2,4.0,82.0
TURB003,FARM03,2026-01-01T23:10:00Z,2026-01-01T23:11:00Z,1495.2,6.2,11.2,4.1,82.0
TURB003,FARM03,2026-01-01T23:15:00Z,2026-01-01T23:18:00Z,1530.4,6.2,11.2,4.2,82.0
TURB003,FARM03,2026-01-01T23:20:00Z,2026-01-01T23:25:00Z,1607.0,6.3,11.3,4.3,82.0
TURB003,FARM03,2026-01-01T23:25:00Z,2026-01-01T23:27:00Z,1720.7,6.5,11.5,4.4,82.1
TURB003,FARM03,2026-01-01T23:30:00Z,2026-01-01T23:34:00Z,1867.2,6.8,11.7,4.4,82.3
TURB003,FARM03,2026-01-01T23:35:00Z,2026-01-01T23:36:00Z,2006.5,7.1,12.0,4.4,82.4
TURB003,FARM03,2026-01-01T23:40:00Z,2026-01-01T23:43:00Z,2171.5,7.5,12.4,4.4,82.6
TURB003,FARM03,2026-01-01T23:45:00Z,2026-01-01T23:50:00Z,2323.9,7.9,12.8,4.4,82.8
TURB003,FARM03,2026-01-01T23:50:00Z,2026-01-01T23:52:00Z,2462.8,8.3,13.2,4.3,83.0
TURB003,FARM03,2026-01-01T23:55:00Z,2026-01-01T23:59:00Z,2588.9,8.7,13.5,4.3,83.1
TURB003,FARM03,2026-01-02T00:00:00Z,2026-01-02T00:01:00Z,2703.9,9.1,13.9,4.2,83.2
TURB003,FARM03,2026-01-02T00:05:00Z,2026-01-02T00:08:00Z,2810.8,9.5,14.3,4.1,83.3
TURB003,FARM03,2026-01-02T00:10:00Z,2026-01-02T00:15:00Z,2913.5,9.9,14.7,4.0,83.4
TURB003,FARM03,2026-01-02T00:15:00Z,2026-01-02T00:17:00Z,2944.3,10.1,14.9,3.9,83.3
TURB003,FARM03,2026-01-02T00:20:00Z,2026-01-02T00:24:00Z,3015.4,10.4,15.1,3.8,83.3
TURB003,FARM03,2026-01-02T00:25:00Z,2026-01-02T00:26:00Z,3022.6,10.5,15.2,3.7,83.1
TURB003,FARM03,2026-01-02T00:30:00Z,2026-01-02T00:33:00Z,3040.9,10.6,15.3,3.6,82.8
TURB003,FARM03,2026-01-02T00:35:00Z,2026-01-02T00:40:00Z,3000.1,10.5,15.3,3.5,82.4
TURB003,FARM03,2026-01-02T00:40:00Z,2026-01-02T00:42:00Z,2972.8,10.4,15.2,3.4,82.1
TURB003,FARM03,2026-01-02T00:45:00Z,2026-01-02T00:49:00Z,2922.1,10.2,15.0,3.3,81.6
TURB003,FARM03,2026-01-02T00:55:00Z,2026-01-02T00:58:00Z,2776.2,9.6,14.4,3.2,80.5
TURB003,FARM03,2026-01-02T01:00:00Z,2026-01-02T01:05:00Z,2709.9,9.3,14.1,3.2,80.0
TURB003,FARM03,2026-01-02T01:05:00Z,2026-01-02T01:07:00Z,2570.4,8.8,13.7,3.2,79.3
TURB003,FARM03,2026-01-02T01:10:00Z,2026-01-02T01:14:00Z,2461.5,8.4,13.3,3.2,78.8
TURB003,FARM03,2026-01-02T01:15:00Z,2026-01-02T01:16:00Z,2307.5,7.9,12.9,3.2,78.2
TURB003,FARM03,2026-01-02T01:20:00Z,2026-01-02T01:23:00Z,2177.7,7.5,12.5,3.2,77.7
TURB003,FARM03,2026-01-02T01:25:00Z,2026-01-02T01:30:00Z,2034.8,7.1,12.1,3.2,77.3
TURB003,FARM03,2026-01-02T01:30:00Z,2026-01-02T01:32:00Z,1878.5,6.7,11.7,3.2,76.9
TURB003,FARM03,2026-01-02T01:35:00Z,2026-01-02T01:39:00Z,1710.2,6.3,11.4,3.3,76.5
TURB003,FARM03,2026-01-02T01:40:00Z,2026-01-02T01:41:00Z,1604.4,6.1,11.2,3.3,76.4
TURB003,FARM03,2026-01-02T01:45:00Z,2026-01-02T01:48:00Z,1492.5,5.9,11.0,3.3,76.3
TURB003,FARM03,2026-01-02T01:50:00Z,2026-01-02T01:55:00Z,1450.7,5.9,11.0,3.4,76.5
TURB003,FARM03,2026-01-02T01:55:00Z,2026-01-02T01:57:00Z,1411.3,5.9,10.9,3.4,76.7
TURB003,FARM03,2026-01-02T02:00:00Z,2026-01-02T02:04:00Z,1378.4,5.9,11.0,3.4,76.9
TURB003,FARM03,2026-01-02T02:05:00Z,2026-01-02T02:06:00Z,1391.4,6.0,11.1,3.5,77.2
TURB003,FARM03,2026-01-02T02:10:00Z,2026-01-02T02:13:00Z,1452.6,6.2,11.2,3.5,77.6
TURB003,FARM03,2026-01-02T02:15:00Z,2026-01-02T02:20:00Z,1563.3,6.5,11.5,3.5,78.2
TURB003,FARM03,2026-01-02T02:20:00Z,2026-01-02T02:22:00Z,1723.0,6.9,11.9,3.5,78.9
TURB003,FARM03,2026-01-02T02:25:00Z,2026-01-02T02:29:00Z,1894.2,7.3,12.3,3.6,79.6
TURB003,FARM03,2026-01-02T02:30:00Z,2026-01-02T02:31:00Z,2074.1,7.7,12.6,3.6,80.3
TURB003,FARM03,2026-01-02T02:35:00Z,2026-01-02T02:38:00Z,2295.0,8.2,13.1,3.6,81.1
TURB003,FARM03,2026-01-02T02:40:00Z,2026-01-02T02:45:00Z,2516.5,8.7,13.5,3.6,82.0
TURB003,FARM03,2026-01-02T02:45:00Z,2026-01-02T03:03:00Z,2698.5,9.1,13.9,3.6,82.7
TURB003,FARM03,2026-01-02T02:50:00Z,2026-01-02T02:54:00Z,2909.0,9.6,14.4,3.6,83.5
TURB003,FARM03,2026-01-02T02:55:00Z,2026-01-02T02:56:00Z,3072.9,10.0,14.7,3.6,84.2
TURB003,FARM03,2026-01-02T03:00:00Z,2026-01-02T03:03:00Z,3188.0,10.3,15.0,3.7,84.8
TURB003,FARM03,2026-01-02T03:05:00Z,2026-01-02T03:10:00Z,3289.7,10.6,15.3,3.7,85.3
TURB003,FARM03,2026-01-02T03:10:00Z,2026-01-02T03:12:00Z,3342.6,10.8,15.5,3.7,85.8
TURB003,FARM03,2026-01-02T03:15:00Z,2026-01-02T03:19:00Z,3348.7,10.9,15.5,3.7,86.1
TURB003,FARM03,2026-01-02T03:20:00Z,2026-01-02T03:21:00Z,3311.0,10.9,15.5,3.8,86.3
TURB003,FARM03,2026-01-02T03:30:00Z,2026-01-02T03:35:00Z,3156.5,10.7,15.3,3.8,86.3
TURB003,FARM03,2026-01-02T03:35:00Z,2026-01-02T03:37:00Z,3048.2,10.5,15.1,3.9,86.2
TURB003,FARM03,2026-01-02T03:40:00Z,2026-01-02T03:44:00Z,2912.4,10.2,14.9,3.9,86.0
TURB003,FARM03,2026-01-02T03:45:00Z,2026-01-02T03:46:00Z,2751.9,9.8,14.5,3.9,85.6
TURB003,FARM03,2026-01-02T03:50:00Z,2026-01-02T03:53:00Z,2640.4,9.5,14.2,3.9,85.3
TURB003,FARM03,2026-01-02T03:55:00Z,2026-01-02T04:00:00Z,2470.3,9.0,13.7,4.0,84.7
TURB003,FARM03,2026-01-02T04:00:00Z,2026-01-02T04:02:00Z,2348.6,8.6,13.4,4.0,84.2
TURB003,FARM03,2026-01-02T04:05:00Z,2026-01-02T04:09:00Z,2237.0,8.2,13.0,3.9,83.7
TURB003,FARM03,2026-01-02T04:10:00Z,2026-01-02T04:11:00Z,2132.1,7.8,12.6,3.9,83.1
TURB003,FARM03,2026-01-02T04:15:00Z,2026-01-02T04:18:00Z,2065.9,7.5,12.3,3.9,82.7
TURB003,FARM03,2026-01-02T04:20:00Z,2026-01-02T04:25:00Z,1962.0,7.1,11.9,3.8,82.0
TURB003,FARM03,2026-01-02T04:25:00Z,2026-01-02T04:27:00Z,1924.4,6.9,11.7,3.8,81.6
TURB003,FARM03,2026-01-02T04:30:00Z,2026-01-02T04:34:00Z,1877.4,6.7,11.6,3.7,81.1
TURB003,FARM03,2026-01-02T04:35:00Z,2026-01-02T04:36:00Z,1854.4,6.6,11.5,3.6,80.8
TURB003,FARM03,2026-01-02T04:40:00Z,2026-01-02T04:43:00Z,1854.2,6.6,11.5,3.5,80.5
TURB003,FARM03,2026-01-02T04:45:00Z,2026-01-02T04:50:00Z,1876.7,6.7,11.5,3.4,80.2
TURB003,FARM03,2026-01-02T04:50:00Z,2026-01-02T04:52:00Z,1923.4,6.9,11.7,3.3,80.1
TURB003,FARM03,2026-01-02T04:55:00Z,2026-01-02T04:59:00Z,1960.8,7.1,11.9,3.2,80.0
TURB003,FARM03,2026-01-02T05:00:00Z,2026-01-02T05:01:00Z,2028.5,7.4,12.2,3.0,80.0
TURB003,FARM03,2026-01-02T05:05:00Z,2026-01-02T05:08:00Z,2130.8,7.8,12.5,2.9,80.1
TURB003,FARM03,2026-01-02T05:10:00Z,2026-01-02T05:15:00Z,2235.8,8.2,12.9,2.8,80.2
TURB003,FARM03,2026-01-02T05:15:00Z,2026-01-02T05:17:00Z,2383.7,8.7,13.3,2.7,80.4
TURB003,FARM03,2026-01-02T05:20:00Z,2026-01-02T05:24:00Z,2505.8,9.1,13.7,2.6,80.5
TURB003,FARM03,2026-01-02T05:25:00Z,2026-01-02T05:26:00Z,2676.3,9.6,14.2,2.6,80.8
TURB003,FARM03,2026-01-02T05:30:00Z,2026-01-02T05:33:00Z,2860.2,10.1,14.6,2.5,81.0
TURB003,FARM03,2026-01-02T05:35:00Z,2026-01-02T05:40:00Z,3021.1,10.5,15.0,2.5,81.2
TURB003,FARM03,2026-01-02T05:40:00Z,2026-01-02T05:42:00Z,3193.3,10.9,15.4,2.5,81.5
TURB003,FARM03,2026-01-02T05:45:00Z,2026-01-02T05:49:00Z,3337.8,11.2,15.7,2.5,81.6
TURB003,FARM03,2026-01-02T05:50:00Z,2026-01-02T05:51:00Z,3486.9,11.5,15.9,2.6,81.8
TURB003,FARM03,2026-01-02T05:55:00Z,2026-01-02T05:58:00Z,3500.0,11.7,16.1,2.6,81.9
TURB003,FARM03,2026-01-02T06:05:00Z,2026-01-02T06:07:00Z,3500.0,11.8,16.2,2.8,82.0
TURB003,FARM03,2026-01-02T06:10:00Z,2026-01-02T06:14:00Z,3500.0,11.7,16.1,3.0,81.9
TURB003,FARM03,2026-01-02T06:15:00Z,2026-01-02T06:16:00Z,3500.0,11.6,16.0,3.1,81.9
TURB003,FARM03,2026-01-02T06:20:00Z,2026-01-02T06:23:00Z,3500.0,11.4,15.8,3.3,81.8
TURB003,FARM03,2026-01-02T06:25:00Z,2026-01-02T06:30:00Z,3448.2,11.1,15.5,3.5,81.7
TURB003,FARM03,2026-01-02T06:30:00Z,2026-01-02T06:32:00Z,3273.4,10.7,15.2,3.6,81.4
TURB003,FARM03,2026-01-02T06:35:00Z,2026-01-02T06:39:00Z,3091.2,10.3,14.8,3.8,81.2
TURB003,FARM03,2026-01-02T06:40:00Z,2026-01-02T06:41:00Z,2869.6,9.8,14.3,4.0,81.0
TURB003,FARM03,2026-01-02T06:45:00Z,2026-01-02T06:48:00Z,2684.8,9.4,13.9,4.1,80.8
TURB003,FARM03,2026-01-02T06:50:00Z,2026-01-02T06:55:00Z,2469.2,8.9,13.5,4.2,80.6
TURB003,FARM03,2026-01-02T06:55:00Z,2026-01-02T06:57:00Z,2298.3,8.5,13.1,4.3,80.5
TURB003,FARM03,2026-01-02T07:00:00Z,2026-01-02T07:04:00Z,2139.0,8.1,12.7,4.4,80.4
TURB003,FARM03,2026-01-02T07:05:00Z,2026-01-02T07:06:00Z,2028.8,7.8,12.5,4.5,80.4
TURB003,FARM03,2026-01-02T07:10:00Z,2026-01-02T07:28:00Z,1931.9,7.5,12.2,4.5,80.4
TURB003,FARM03,2026-01-02T07:15:00Z,2026-01-02T07:20:00Z,1883.3,7.3,12.0,4.5,80.5
TURB003,FARM03,2026-01-02T07:20:00Z,2026-01-02T07:22:00Z,1844.5,7.1,11.8,4.4,80.6
TURB003,FARM03,2026-01-02T07:25:00Z,2026-01-02T07:29:00Z,1884.0,7.1,11.8,4.3,81.0
TURB003,FARM03,2026-01-02T07:30:00Z,2026-01-02T07:31:00Z,1925.9,7.1,11.8,4.2,81.3
TURB003,FARM03,2026-01-02T07:35:00Z,2026-01-02T07:38:00Z,2001.6,7.2,11.9,4.1,81.6
TURB003,FARM03,2026-01-02T07:40:00Z,2026-01-02T07:45:00Z,2107.2,7.4,12.1,3.9,82.1
TURB003,FARM03,2026-01-02T07:45:00Z,2026-01-02T07:47:00Z,2239.1,7.7,12.4,3.8,82.6
TURB003,FARM03,2026-01-02T07:50:00Z,2026-01-02T07:54:00Z,2359.0,8.0,12.7,3.6,83.2
TURB003,FARM03,2026-01-02T07:55:00Z,2026-01-02T07:56:00Z,2501.5,8.4,13.0,3.3,83.7
TURB003,FARM03,2026-01-02T08:00:00Z,2026-01-02T08:03:00Z,2630.8,8.8,13.4,3.1,84.3
TURB003,FARM03,2026-01-02T08:05:00Z,2026-01-02T08:10:00Z,2748.4,9.2,13.8,2.9,84.8
TURB003,FARM03,2026-01-02T08:10:00Z,2026-01-02T08:12:00Z,2857.1,9.6,14.2,2.8,85.3
TURB003,FARM03,2026-01-02T08:15:00Z,2026-01-02T08:19:00Z,2996.6,10.1,14.6,2.6,85.9
TURB003,FARM03,2026-01-02T08:20:00Z,2026-01-02T08:21:00Z,3098.9,10.5,15.0,2.4,86.3
TURB003,FARM03,2026-01-02T08:25:00Z,2026-01-02T08:28:00Z,3168.4,10.8,15.3,2.3,86.6
TURB003,FARM03,2026-01-02T08:30:00Z,2026-01-02T08:35:00Z,3245.2,11.1,15.6,2.2,86.8
TURB003,FARM03,2026-01-02T08:40:00Z,2026-01-02T08:44:00Z,3360.1,11.5,16.0,2.1,87.0
TURB003,FARM03,2026-01-02T08:45:00Z,2026-01-02T08:46:00Z,3365.3,11.5,16.0,2.1,86.9
TURB003,FARM03,2026-01-02T08:50:00Z,2026-01-02T08:53:00Z,3383.4,11.5,16.0,2.1,86.7
TURB003,FARM03,2026-01-02T08:55:00Z,2026-01-02T09:00:00Z,3376.5,11.4,15.9,2.2,86.4
TURB003,FARM03,2026-01-02T09:00:00Z,2026-01-02T09:02:00Z,3341.6,11.2,15.7,2.3,85.9
TURB003,FARM03,2026-01-02T09:05:00Z,2026-01-02T09:09:00Z,3274.9,10.9,15.4,2.5,85.4
TURB003,FARM03,2026-01-02T09:10:00Z,2026-01-02T09:11:00Z,3208.1,10.6,15.2,2.6,84.8
TURB003,FARM03,2026-01-02T09:15:00Z,2026-01-02T09:18:00Z,3101.0,10.2,14.8,2.8,84.1
TURB003,FARM03,2026-01-02T09:20:00Z,2026-01-02T09:25:00Z,2985.7,9.8,14.4,3.0,83.4
TURB003,FARM03,2026-01-02T09:25:00Z,2026-01-02T09:27:00Z,2823.2,9.3,14.0,3.3,82.6
TURB003,FARM03,2026-01-02T09:30:00Z,2026-01-02T09:34:00Z,2647.8,8.8,13.5,3.5,81.7
TURB003,FARM03,2026-01-02T09:35:00Z,2026-01-02T09:36:00Z,2459.0,8.3,13.1,3.7,80.9
TURB003,FARM03,2026-01-02T09:40:00Z,2026-01-02T09:43:00Z,2257.7,7.8,12.6,4.0,80.1
TURB003,FARM03,2026-01-02T09:45:00Z,2026-01-02T09:50:00Z,2082.0,7.4,12.2,4.2,79.4
TURB003,FARM03,2026-01-02T09:50:00Z,2026-01-02T09:52:00Z,1899.3,7.0,11.9,4.4,78.7
TURB003,FARM03,2026-01-02T09:55:00Z,2026-01-02T09:59:00Z,1749.6,6.7,11.6,4.5,78.1
TURB003,FARM03,2026-01-02T10:00:00Z,2026-01-02T10:01:00Z,1637.2,6.5,11.4,4.6,77.7
TURB003,FARM03,2026-01-02T10:05:00Z,2026-01-02T10:08:00Z,1530.2,6.3,11.2,4.8,77.3
TURB003,FARM03,2026-01-02T10:10:00Z,2026-01-02T10:15:00Z,1468.3,6.2,11.2,4.8,77.0
TURB003,FARM03,2026-01-02T10:15:00Z,2026-01-02T10:17:00Z,1454.2,6.2,11.2,4.9,76.8
TURB003,FARM03,2026-01-02T10:20:00Z,2026-01-02T10:24:00Z,1489.3,6.3,11.3,4.9,76.7
TURB003,FARM03,2026-01-02T10:25:00Z,2026-01-02T10:26:00Z,1573.7,6.5,11.5,4.8,76.8
TURB003,FARM03,2026-01-02T10:30:00Z,2026-01-02T10:33:00Z,1670.1,6.7,11.7,4.7,76.9
TURB003,FARM03,2026-01-02T10:35:00Z,2026-01-02T10:40:00Z,1812.0,7.0,11.9,4.6,77.2
TURB003,FARM03,2026-01-02T10:40:00Z,2026-01-02T10:42:00Z,1996.0,7.4,12.3,4.5,77.6
TURB003,FARM03,2026-01-02T10:45:00Z,2026-01-02T10:49:00Z,2181.8,7.8,12.7,4.3,78.0
TURB003,FARM03,2026-01-02T10:50:00Z,2026-01-02T10:51:00Z,2365.1,8.2,13.1,4.1,78.5
TURB003,FARM03,2026-01-02T10:55:00Z,2026-01-02T10:58:00Z,2541.9,8.6,13.5,3.9,79.0
TURB003,FARM03,2026-01-02T11:00:00Z,2026-01-02T11:05:00Z,2744.8,9.1,13.9,3.7,79.6
TURB003,FARM03,2026-01-02T11:05:00Z,2026-01-02T11:07:00Z,2863.4,9.4,14.2,3.5,80.1
TURB003,FARM03,2026-01-02T11:15:00Z,2026-01-02T11:16:00Z,3096.8,10.1,14.9,3.1,81.2
TURB003,FARM03,2026-01-02T11:20:00Z,2026-01-02T11:23:00Z,3141.4,10.3,15.1,3.0,81.7
TURB003,FARM03,2026-01-02T11:25:00Z,2026-01-02T11:30:00Z,3177.5,10.5,15.2,2.8,82.2
TURB003,FARM03,2026-01-02T11:30:00Z,2026-01-02T11:32:00Z,3172.6,10.6,15.3,2.7,82.5
TURB003,FARM03,2026-01-02T11:35:00Z,2026-01-02T11:53:00Z,3131.0,10.6,15.3,2.6,82.8
TURB003,FARM03,2026-01-02T11:40:00Z,2026-01-02T11:41:00Z,3057.1,10.5,15.2,2.5,83.1
TURB003,FARM03,2026-01-02T11:45:00Z,2026-01-02T11:48:00Z,2954.7,10.3,15.1,2.5,83.2
TURB003,FARM03,2026-01-02T11:50:00Z,2026-01-02T11:55:00Z,2863.0,10.1,14.9,2.5,83.3
TURB003,FARM03,2026-01-02T11:55:00Z,2026-01-02T11:57:00Z,2748.0,9.8,14.6,2.5,83.3
TURB003,FARM03,2026-01-02T12:00:00Z,2026-01-02T12:04:00Z,2610.5,9.4,14.2,2.5,83.2
TURB003,FARM03,2026-01-02T12:05:00Z,2026-01-02T12:06:00Z,2485.7,9.0,13.9,2.6,83.1
TURB003,FARM03,2026-01-02T12:10:00Z,2026-01-02T12:13:00Z,2335.7,8.5,13.4,2.8,82.9
TURB003,FARM03,2026-01-02T12:15:00Z,2026-01-02T12:20:00Z,2229.4,8.1,13.0,2.9,82.8
TURB003,FARM03,2026-01-02T12:20:00Z,2026-01-02T12:22:00Z,2090.9,7.6,12.6,3.0,82.5
TURB003,FARM03,2026-01-02T12:25:00Z,2026-01-02T12:29:00Z,1987.9,7.2,12.2,3.2,82.3
TURB003,FARM03,2026-01-02T12:30:00Z,2026-01-02T12:31:00Z,1880.1,6.8,11.8,3.4,82.1
TURB003,FARM03,2026-01-02T12:35:00Z,2026-01-02T12:38:00Z,1763.9,6.4,11.5,3.6,81.9
TURB003,FARM03,2026-01-02T12:40:00Z,2026-01-02T12:45:00Z,1672.2,6.1,11.2,3.7,81.7
TURB003,FARM03,2026-01-02T12:45:00Z,2026-01-02T12:47:00Z,1603.6,5.9,11.0,3.9,81.6
TURB003,FARM03,2026-01-02T12:50:00Z,2026-01-02T12:54:00Z,1593.5,5.9,11.0,4.0,81.7
TURB003,FARM03,2026-01-02T12:55:00Z,2026-01-02T12:56:00Z,1571.1,5.9,10.9,4.1,81.7
TURB003,FARM03,2026-01-02T13:00:00Z,2026-01-02T13:03:00Z,1538.6,5.9,11.0,4.2,81.7
TURB003,FARM03,2026-01-02T13:05:00Z,2026-01-02T13:10:00Z,1499.4,5.9,11.0,4.4,81.6
TURB003,FARM03,2026-01-02T13:10:00Z,2026-01-02T13:12:00Z,1529.6,6.1,11.2,4.4,81.8
TURB003,FARM03,2026-01-02T13:15:00Z,2026-01-02T13:19:00Z,1597.6,6.4,11.4,4.5,81.9
TURB003,FARM03,2026-01-02T13:20:00Z,2026-01-02T13:21:00Z,1671.3,6.7,11.7,4.5,82.1
TURB003,FARM03,2026-01-02T13:25:00Z,2026-01-02T13:28:00Z,1790.4,7.1,12.1,4.5,82.3
TURB003,FARM03,2026-01-02T13:30:00Z,2026-01-02T13:35:00Z,1957.5,7.6,12.5,4.4,82.6
TURB003,FARM03,2026-01-02T13:35:00Z,2026-01-02T13:37:00Z,2101.9,8.0,12.9,4.4,82.8
TURB003,FARM03,2026-01-02T13:40:00Z,2026-01-02T13:44:00Z,2295.5,8.5,13.4,4.3,83.0
TURB003,FARM03,2026-01-02T13:50:00Z,2026-01-02T13:53:00Z,2679.6,9.4,14.2,4.1,83.3
TURB003,FARM03,2026-01-02T13:55:00Z,2026-01-02T14:00:00Z,2863.9,9.8,14.6,4.0,83.4
TURB003,FARM03,2026-01-02T14:00:00Z,2026-01-02T14:02:00Z,3049.7,10.2,14.9,3.9,83.5
TURB003,FARM03,2026-01-02T14:05:00Z,2026-01-02T14:09:00Z,3196.6,10.5,15.2,3.8,83.5
TURB003,FARM03,2026-01-02T14:10:00Z,2026-01-02T14:11:00Z,3300.6,10.7,15.4,3.7,83.4
TURB003,FARM03,2026-01-02T14:15:00Z,2026-01-02T14:18:00Z,3358.4,10.8,15.5,3.6,83.2
TURB003,FARM03,2026-01-02T14:20:00Z,2026-01-02T14:25:00Z,3403.7,10.9,15.5,3.4,82.9
TURB003,FARM03,2026-01-02T14:25:00Z,2026-01-02T14:27:00Z,3363.7,10.8,15.5,3.4,82.6
TURB003,FARM03,2026-01-02T14:30:00Z,2026-01-02T14:34:00Z,3310.6,10.7,15.4,3.3,82.2
TURB003,FARM03,2026-01-02T14:35:00Z,2026-01-02T14:36:00Z,3210.3,10.5,15.2,3.2,81.7
TURB003,FARM03,2026-01-02T14:40:00Z,2026-01-02T14:43:00Z,3065.7,10.2,14.9,3.1,81.2
TURB003,FARM03,2026-01-02T14:45:00Z,2026-01-02T14:50:00Z,2916.6,9.9,14.6,3.1,80.7
TURB003,FARM03,2026-01-02T14:50:00Z,2026-01-02T14:52:00Z,2731.2,9.5,14.2,3.1,80.1
TURB003,FARM03,2026-01-02T14:55:00Z,2026-01-02T14:59:00Z,2549.8,9.1,13.8,3.0,79.6
TURB003,FARM03,2026-01-02T15:00:00Z,2026-01-02T15:01:00Z,2376.3,8.7,13.5,3.0,79.0
TURB003,FARM03,2026-01-02T15:05:00Z,2026-01-02T15:08:00Z,2213.8,8.3,13.1,3.0,78.6
TURB003,FARM03,2026-01-02T15:10:00Z,2026-01-02T15:15:00Z,2064.0,7.9,12.7,3.0,78.1
TURB003,FARM03,2026-01-02T15:15:00Z,2026-01-02T15:17:00Z,1927.8,7.5,12.3,3.1,77.7
TURB003,FARM03,2026-01-02T15:20:00Z,2026-01-02T15:24:00Z,1840.1,7.2,12.0,3.1,77.4
TURB003,FARM03,2026-01-02T15:25:00Z,2026-01-02T15:26:00Z,1763.0,6.9,11.8,3.1,77.2
TURB003,FARM03,2026-01-02T15:30:00Z,2026-01-02T15:33:00Z,1729.3,6.7,11.6,3.2,77.1
TURB003,FARM03,2026-01-02T15:35:00Z,2026-01-02T15:40:00Z,1734.9,6.6,11.5,3.2,77.1
TURB003,FARM03,2026-01-02T15:40:00Z,2026-01-02T15:42:00Z,1775.6,6.6,11.5,3.2,77.3
TURB003,FARM03,2026-01-02T15:45:00Z,2026-01-02T15:49:00Z,1811.2,6.6,11.5,3.3,77.5
TURB003,FARM03,2026-01-02T15:50:00Z,2026-01-02T15:51:00Z,1909.9,6.8,11.6,3.3,77.9
TURB003,FARM03,2026-01-02T15:55:00Z,2026-01-02T15:58:00Z,1997.1,7.0,11.8,3.3,78.4
TURB003,FARM03,2026-01-02T16:00:00Z,2026-01-02T16:18:00Z,2107.2,7.3,12.1,3.3,78.9
TURB003,FARM03,2026-01-02T16:05:00Z,2026-01-02T16:07:00Z,2203.9,7.6,12.4,3.3,79.5
TURB003,FARM03,2026-01-02T16:10:00Z,2026-01-02T16:14:00Z,2324.4,8.0,12.7,3.4,80.2
TURB003,FARM03,2026-01-02T16:15:00Z,2026-01-02T16:16:00Z,2471.1,8.5,13.2,3.4,81.0
TURB003,FARM03,2026-01-02T16:25:00Z,2026-01-02T16:30:00Z,2749.7,9.5,14.1,3.4,82.7
TURB003,FARM03,2026-01-02T16:30:00Z,2026-01-02T16:32:00Z,2854.0,9.9,14.5,3.4,83.4
TURB003,FARM03,2026-01-02T16:35:00Z,2026-01-02T16:39:00Z,3000.5,10.4,14.9,3.4,84.2
TURB003,FARM03,2026-01-02T16:40:00Z,2026-01-02T16:41:00Z,3120.7,10.8,15.3,3.4,84.9
TURB003,FARM03,2026-01-02T16:45:00Z,2026-01-02T16:48:00Z,3217.0,11.1,15.6,3.5,85.5
TURB003,FARM03,2026-01-02T16:50:00Z,2026-01-02T16:55:00Z,3326.6,11.4,15.8,3.5,86.0
TURB003,FARM03,2026-01-02T16:55:00Z,2026-01-02T16:57:00Z,3413.4,11.6,16.0,3.5,86.5
TURB003,FARM03,2026-01-02T17:00:00Z,2026-01-02T17:04:00Z,3500.0,11.8,16.2,3.5,86.9
TURB003,FARM03,2026-01-02T17:05:00Z,2026-01-02T17:06:00Z,3500.0,11.8,16.2,3.6,87.1
TURB003,FARM03,2026-01-02T17:10:00Z,2026-01-02T17:13:00Z,3500.0,11.8,16.2,3.6,87.3
TURB003,FARM03,2026-01-02T17:15:00Z,2026-01-02T17:20:00Z,3500.0,11.6,16.0,3.6,87.2
TURB003,FARM03,2026-01-02T17:20:00Z,2026-01-02T17:22:00Z,3500.0,11.4,15.8,3.7,87.1
TURB003,FARM03,2026-01-02T17:25:00Z,2026-01-02T17:29:00Z,3447.1,11.1,15.5,3.7,86.9
TURB003,FARM03,2026-01-02T17:30:00Z,2026-01-02T17:31:00Z,3359.8,10.8,15.2,3.7,86.6
TURB003,FARM03,2026-01-02T17:35:00Z,2026-01-02T17:38:00Z,3223.9,10.4,14.9,3.8,86.2
TURB003,FARM03,2026-01-02T17:40:00Z,2026-01-02T17:45:00Z,3074.6,10.0,14.5,3.8,85.7
TURB003,FARM03,2026-01-02T17:45:00Z,2026-01-02T17:47:00Z,2876.4,9.5,14.0,3.8,85.2
TURB003,FARM03,2026-01-02T17:50:00Z,2026-01-02T17:54:00Z,2703.2,9.1,13.7,3.8,84.7
TURB003,FARM03,2026-01-02T17:55:00Z,2026-01-02T17:56:00Z,2486.0,8.6,13.2,3.8,84.0
TURB003,FARM03,2026-01-02T18:00:00Z,2026-01-02T18:03:00Z,2300.6,8.2,12.8,3.8,83.4
TURB003,FARM03,2026-01-02T18:05:00Z,2026-01-02T18:10:00Z,2151.4,7.9,12.5,3.7,82.9
TURB003,FARM03,2026-01-02T18:10:00Z,2026-01-02T18:12:00Z,2006.6,7.6,12.3,3.7,82.4
TURB003,FARM03,2026-01-02T18:15:00Z,2026-01-02T18:19:00Z,1870.1,7.3,12.0,3.6,81.8
TURB003,FARM03,2026-01-02T18:20:00Z,2026-01-02T18:21:00Z,1816.6,7.2,11.9,3.5,81.5
TURB003,FARM03,2026-01-02T18:25:00Z,2026-01-02T18:28:00Z,1776.2,7.1,11.8,3.4,81.1
TURB003,FARM03,2026-01-02T18:30:00Z,2026-01-02T18:35:00Z,1785.2,7.1,11.8,3.3,80.8
TURB003,FARM03,2026-01-02T18:35:00Z,2026-01-02T18:37:00Z,1842.6,7.2,11.9,3.2,80.5
TURB003,FARM03,2026-01-02T18:40:00Z,2026-01-02T18:44:00Z,1946.4,7.4,12.1,3.1,80.4
TURB003,FARM03,2026-01-02T18:45:00Z,2026-01-02T18:46:00Z,2057.1,7.6,12.3,3.0,80.3
TURB003,FARM03,2026-01-02T18:50:00Z,2026-01-02T18:53:00Z,2206.8,7.9,12.6,2.9,80.3
TURB003,FARM03,2026-01-02T19:00:00Z,2026-01-02T19:02:00Z,2570.1,8.7,13.3,2.7,80.5
TURB003,FARM03,2026-01-02T19:05:00Z,2026-01-02T19:09:00Z,2739.9,9.1,13.7,2.6,80.6
TURB003,FARM03,2026-01-02T19:10:00Z,2026-01-02T19:11:00Z,2897.9,9.5,14.1,2.6,80.7
TURB003,FARM03,2026-01-02T19:15:00Z,2026-01-02T19:18:00Z,3078.7,10.0,14.5,2.5,81.0
TURB003,FARM03,2026-01-02T19:20:00Z,2026-01-02T19:25:00Z,3210.1,10.4,14.9,2.5,81.2
TURB003,FARM03,2026-01-02T19:25:00Z,2026-01-02T19:27:00Z,3293.6,10.7,15.2,2.5,81.3
TURB003,FARM03,2026-01-02T19:30:00Z,2026-01-02T19:34:00Z,3403.5,11.1,15.6,2.5,81.6
TURB003,FARM03,2026-01-02T19:35:00Z,2026-01-02T19:36:00Z,3435.6,11.3,15.8,2.6,81.6
TURB003,FARM03,2026-01-02T19:40:00Z,2026-01-02T19:43:00Z,3465.8,11.5,15.9,2.6,81.8
TURB003,FARM03,2026-01-02T19:45:00Z,2026-01-02T19:50:00Z,3462.5,11.6,16.0,2.7,81.8
TURB003,FARM03,2026-01-02T19:50:00Z,2026-01-02T19:52:00Z,3429.8,11.6,16.1,2.9,81.8
TURB003,FARM03,2026-01-02T19:55:00Z,2026-01-02T19:59:00Z,3371.0,11.5,16.0,3.0,81.7
TURB003,FARM03,2026-01-02T20:00:00Z,2026-01-02T20:01:00Z,3288.5,11.3,15.8,3.2,81.6
TURB003,FARM03,2026-01-02T20:05:00Z,2026-01-02T20:08:00Z,3219.5,11.1,15.6,3.3,81.5
TURB003,FARM03,2026-01-02T20:10:00Z,2026-01-02T20:15:00Z,3091.5,10.7,15.3,3.5,81.2
TURB003,FARM03,2026-01-02T20:15:00Z,2026-01-02T20:17:00Z,3010.9,10.4,15.0,3.7,81.1
TURB003,FARM03,2026-01-02T20:20:00Z,2026-01-02T20:24:00Z,2867.0,9.9,14.5,3.9,80.8
TURB003,FARM03,2026-01-02T20:25:00Z,2026-01-02T20:43:00Z,2763.9,9.5,14.1,4.0,80.6
TURB003,FARM03,2026-01-02T20:30:00Z,2026-01-02T20:33:00Z,2625.4,9.0,13.7,4.2,80.3
TURB003,FARM03,2026-01-02T20:35:00Z,2026-01-02T20:40:00Z,2483.3,8.5,13.2,4.3,80.1
TURB003,FARM03,2026-01-02T20:40:00Z,2026-01-02T20:42:00Z,2333.6,8.0,12.8,4.5,79.9
TURB003,FARM03,2026-01-02T20:45:00Z,2026-01-02T20:49:00Z,2209.2,7.6,12.4,4.5,79.8
TURB003,FARM03,2026-01-02T20:50:00Z,2026-01-02T20:51:00Z,2072.0,7.2,12.0,4.6,79.7
TURB003,FARM03,2026-01-02T20:55:00Z,2026-01-02T20:58:00Z,1921.4,6.8,11.7,4.7,79.6
TURB003,FARM03,2026-01-02T21:00:00Z,2026-01-02T21:05:00Z,1830.0,6.6,11.5,4.7,79.7
TURB003,FARM03,2026-01-02T21:05:00Z,2026-01-02T21:07:00Z,1727.9,6.4,11.3,4.6,79.8
TURB003,FARM03,2026-01-02T21:10:00Z,2026-01-02T21:14:00Z,1654.1,6.3,11.2,4.6,80.0
TURB003,FARM03,2026-01-02T21:15:00Z,2026-01-02T21:16:00Z,1576.6,6.2,11.2,4.5,80.2
TURB003,FARM03,2026-01-02T21:20:00Z,2026-01-02T21:23:00Z,1571.7,6.3,11.3,4.3,80.6
TURB003,FARM03,2026-01-02T21:25:00Z,2026-01-02T21:30:00Z,1607.5,6.5,11.4,4.2,81.1
TURB003,FARM03,2026-01-02T21:35:00Z,2026-01-02T21:39:00Z,1743.7,7.0,11.9,3.8,82.1
TURB003,FARM03,2026-01-02T21:40:00Z,2026-01-02T21:41:00Z,1848.5,7.3,12.2,3.6,82.6
TURB003,FARM03,2026-01-02T21:45:00Z,2026-01-02T21:48:00Z,2002.7,7.7,12.6,3.4,83.2
TURB003,FARM03,2026-01-02T21:50:00Z,2026-01-02T21:55:00Z,2169.3,8.1,13.0,3.2,83.7
TURB003,FARM03,2026-01-02T21:55:00Z,2026-01-02T21:57:00Z,2345.8,8.5,13.4,3.0,84.2
TURB003,FARM03,2026-01-02T22:00:00Z,2026-01-02T22:04:00Z,2565.0,9.0,13.8,2.8,84.8
TURB003,FARM03,2026-01-02T22:05:00Z,2026-01-02T22:06:00Z,2750.8,9.4,14.2,2.7,85.2
TURB003,FARM03,2026-01-02T22:10:00Z,2026-01-02T22:13:00Z,2898.9,9.7,14.5,2.5,85.5
TURB003,FARM03,2026-01-02T22:15:00Z,2026-01-02T22:20:00Z,3077.0,10.1,14.8,2.4,85.9
TURB003,FARM03,2026-01-02T22:20:00Z,2026-01-02T22:22:00Z,3173.8,10.3,15.0,2.3,86.0
TURB003,FARM03,2026-01-02T22:25:00Z,2026-01-02T22:29:00Z,3258.6,10.5,15.2,2.3,86.1
TURB003,FARM03,2026-01-02T22:30:00Z,2026-01-02T22:31:00Z,3294.0,10.6,15.3,2.3,86.0
TURB003,FARM03,2026-01-02T22:35:00Z,2026-01-02T22:38:00Z,3280.3,10.6,15.3,2.3,85.9
TURB003,FARM03,2026-01-02T22:40:00Z,2026-01-02T22:45:00Z,3218.7,10.5,15.2,2.4,85.5
TURB003,FARM03,2026-01-02T22:45:00Z,2026-01-02T22:47:00Z,3148.0,10.4,15.1,2.5,85.2
TURB003,FARM03,2026-01-02T22:50:00Z,2026-01-02T22:54:00Z,3035.6,10.2,15.0,2.6,84.8
TURB003,FARM03,2026-01-02T22:55:00Z,2026-01-02T22:56:00Z,2885.9,9.9,14.7,2.7,84.2
TURB003,FARM03,2026-01-02T23:00:00Z,2026-01-02T23:03:00Z,2703.0,9.5,14.3,2.9,83.5
TURB003,FARM03,2026-01-02T23:05:00Z,2026-01-02T23:10:00Z,2527.1,9.1,14.0,3.1,82.8
TURB003,FARM03,2026-01-02T23:10:00Z,2026-01-02T23:12:00Z,2361.5,8.7,13.6,3.4,82.1
TURB003,FARM03,2026-01-02T23:15:00Z,2026-01-02T23:19:00Z,2172.2,8.2,13.1,3.6,81.3
TURB003,FARM03,2026-01-02T23:20:00Z,2026-01-02T23:21:00Z,1996.4,7.7,12.7,3.8,80.4
TURB003,FARM03,2026-01-02T23:25:00Z,2026-01-02T23:28:00Z,1869.6,7.3,12.3,4.0,79.7
TURB003,FARM03,2026-01-02T23:30:00Z,2026-01-02T23:35:00Z,1754.0,6.9,11.9,4.2,79.0
TURB003,FARM03,2026-01-02T23:35:00Z,2026-01-02T23:37:00Z,1646.7,6.5,11.5,4.4,78.3
TURB003,FARM03,2026-01-02T23:40:00Z,2026-01-02T23:44:00Z,1579.8,6.2,11.3,4.6,77.7
TURB003,FARM03,2026-01-02T23:45:00Z,2026-01-02T23:46:00Z,1549.2,6.0,11.1,4.7,77.3
TURB003,FARM03,2026-01-02T23:50:00Z,2026-01-02T23:53:00Z,1550.5,5.9,11.0,4.8,76.9
TURB003,FARM03,2026-01-02T23:55:00Z,2026-01-03T00:00:00Z,1579.9,5.9,10.9,4.9,76.7
TURB004,FARM04,2026-01-01T00:00:00Z,2026-01-01T00:03:00Z,2392.1,8.8,13.6,4.1,84.6
TURB004,FARM04,2026-01-01T00:05:00Z,2026-01-01T00:10:00Z,2228.9,8.3,13.2,4.1,84.0
TURB004,FARM04,2026-01-01T00:10:00Z,2026-01-01T00:12:00Z,2112.9,7.9,12.8,4.1,83.5
TURB004,FARM04,2026-01-01T00:15:00Z,2026-01-01T00:19:00Z,1969.4,7.4,12.4,4.1,82.8
TURB004,FARM04,2026-01-01T00:20:00Z,2026-01-01T00:38:00Z,1866.5,7.0,12.0,4.0,82.3
TURB004,FARM04,2026-01-01T00:25:00Z,2026-01-01T00:28:00Z,1763.9,6.6,11.6,4.0,81.6
TURB004,FARM04,2026-01-01T00:30:00Z,2026-01-01T00:35:00Z,1693.4,6.3,11.3,4.0,81.1
TURB004,FARM04,2026-01-01T00:35:00Z,2026-01-01T00:37:00Z,1615.1,6.0,11.1,3.9,80.6
TURB004,FARM04,2026-01-01T00:40:00Z,2026-01-01T00:44:00Z,1598.0,5.9,11.0,3.8,80.2
TURB004,FARM04,2026-01-01T00:50:00Z,2026-01-01T00:53:00Z,1596.6,5.9,11.0,3.6,79.6
TURB004,FARM04,2026-01-01T00:55:00Z,2026-01-01T01:00:00Z,1576.5,5.9,11.0,3.5,79.3
TURB004,FARM04,2026-01-01T01:00:00Z,2026-01-01T01:02:00Z,1581.8,6.0,11.1,3.4,79.1
TURB004,FARM04,2026-01-01T01:05:00Z,2026-01-01T01:09:00Z,1615.6,6.2,11.3,3.3,78.9
TURB004,FARM04,2026-01-01T01:10:00Z,2026-01-01T01:11:00Z,1682.0,6.5,11.6,3.2,78.9
TURB004,FARM04,2026-01-01T01:15:00Z,2026-01-01T01:18:00Z,1785.3,6.9,11.9,3.1,79.0
TURB004,FARM04,2026-01-01T01:20:00Z,2026-01-01T01:25:00Z,1893.5,7.3,12.3,3.0,79.1
TURB004,FARM04,2026-01-01T01:25:00Z,2026-01-01T01:27:00Z,2046.5,7.8,12.7,2.9,79.3
TURB004,FARM04,2026-01-01T01:30:00Z,2026-01-01T01:34:00Z,2175.1,8.2,13.1,2.9,79.5
TURB004,FARM04,2026-01-01T01:35:00Z,2026-01-01T01:36:00Z,2352.7,8.7,13.6,2.8,79.7
TURB004,FARM04,2026-01-01T01:40:00Z,2026-01-01T01:43:00Z,2507.7,9.1,14.0,2.8,79.9
TURB004,FARM04,2026-01-01T01:45:00Z,2026-01-01T01:50:00Z,2675.0,9.5,14.3,2.8,80.1
TURB004,FARM04,2026-01-01T01:50:00Z,2026-01-01T01:52:00Z,2852.1,9.9,14.7,2.8,80.4
TURB004,FARM04,2026-01-01T01:55:00Z,2026-01-01T01:59:00Z,2999.6,10.2,15.0,2.8,80.6
TURB004,FARM04,2026-01-01T02:00:00Z,2026-01-01T02:01:00Z,3113.4,10.4,15.2,2.9,80.7
TURB004,FARM04,2026-01-01T02:05:00Z,2026-01-01T02:08:00Z,3189.2,10.5,15.3,3.0,80.7
TURB004,FARM04,2026-01-01T02:10:00Z,2026-01-01T02:15:00Z,3258.9,10.6,15.3,3.1,80.8
TURB004,FARM04,2026-01-01T02:15:00Z,2026-01-01T02:17:00Z,3282.9,10.6,15.3,3.2,80.8
TURB004,FARM04,2026-01-01T02:20:00Z,2026-01-01T02:24:00Z,3222.9,10.4,15.2,3.4,80.7
TURB004,FARM04,2026-01-01T02:25:00Z,2026-01-01T02:26:00Z,3185.6,10.3,15.0,3.5,80.7
TURB004,FARM04,2026-01-01T02:30:00Z,2026-01-01T02:33:00Z,3063.0,10.0,14.8,3.7,80.5
TURB004,FARM04,2026-01-01T02:35:00Z,2026-01-01T02:40:00Z,2928.8,9.7,14.5,3.8,80.3
TURB004,FARM04,2026-01-01T02:40:00Z,2026-01-01T02:42:00Z,2749.6,9.3,14.1,4.0,80.1
TURB004,FARM04,2026-01-01T02:45:00Z,2026-01-01T02:49:00Z,2565.0,8.9,13.7,4.2,80.0
TURB004,FARM04,2026-01-01T02:50:00Z,2026-01-01T02:51:00Z,2379.3,8.5,13.3,4.3,79.8
TURB004,FARM04,2026-01-01T02:55:00Z,2026-01-01T02:58:00Z,2160.8,8.0,12.9,4.4,79.6
TURB004,FARM04,2026-01-01T03:00:00Z,2026-01-01T03:05:00Z,1985.5,7.6,12.5,4.6,79.4
TURB004,FARM04,2026-01-01T03:05:00Z,2026-01-01T03:07:00Z,1820.5,7.2,12.1,4.6,79.3
TURB004,FARM04,2026-01-01T03:10:00Z,2026-01-01T03:14:00Z,1704.1,6.9,11.8,4.7,79.3
TURB004,FARM04,2026-01-01T03:15:00Z,2026-01-01T03:16:00Z,1601.1,6.6,11.6,4.7,79.4
TURB004,FARM04,2026-01-01T03:25:00Z,2026-01-01T03:30:00Z,1540.1,6.3,11.3,4.7,79.7
TURB004,FARM04,2026-01-01T03:30:00Z,2026-01-01T03:32:00Z,1541.2,6.2,11.2,4.6,79.9
TURB004,FARM04,2026-01-01T03:35:00Z,2026-01-01T03:39:00Z,1582.4,6.2,11.2,4.5,80.2
TURB004,FARM04,2026-01-01T03:40:00Z,2026-01-01T03:41:00Z,1659.7,6.3,11.3,4.4,80.6
TURB004,FARM04,2026-01-01T03:45:00Z,2026-01-01T03:48:00Z,1768.6,6.5,11.4,4.2,81.1
TURB004,FARM04,2026-01-01T03:50:00Z,2026-01-01T03:55:00Z,1905.4,6.8,11.7,4.0,81.6
TURB004,FARM04,2026-01-01T03:55:00Z,2026-01-01T03:57:00Z,2067.1,7.2,12.1,3.8,82.3
TURB004,FARM04,2026-01-01T04:00:00Z,2026-01-01T04:04:00Z,2215.9,7.6,12.4,3.6,82.9
TURB004,FARM04,2026-01-01T04:05:00Z,2026-01-01T04:06:00Z,2351.2,8.0,12.8,3.4,83.4
TURB004,FARM04,2026-01-01T04:10:00Z,2026-01-01T04:13:00Z,2510.0,8.5,13.2,3.2,84.1
TURB004,FARM04,2026-01-01T04:15:00Z,2026-01-01T04:20:00Z,2658.4,9.0,13.7,2.9,84.7
TURB004,FARM04,2026-01-01T04:20:00Z,2026-01-01T04:22:00Z,2799.8,9.5,14.2,2.7,85.3
TURB004,FARM04,2026-01-01T04:25:00Z,2026-01-01T04:29:00Z,2902.1,9.9,14.5,2.6,85.7
TURB004,FARM04,2026-01-01T04:30:00Z,2026-01-01T04:31:00Z,3041.6,10.4,15.0,2.4,86.2
TURB004,FARM04,2026-01-01T04:35:00Z,2026-01-01T04:38:00Z,3114.5,10.7,15.3,2.3,86.5
TURB004,FARM04,2026-01-01T04:40:00Z,2026-01-01T04:45:00Z,3232.5,11.1,15.6,2.2,86.8
TURB004,FARM04,2026-01-01T04:45:00Z,2026-01-01T05:03:00Z,3290.3,11.3,15.8,2.1,86.9
TURB004,FARM04,2026-01-01T04:50:00Z,2026-01-01T04:54:00Z,3361.2,11.5,16.0,2.1,86.9
TURB004,FARM04,2026-01-01T04:55:00Z,2026-01-01T04:56:00Z,3373.5,11.5,16.0,2.1,86.8
TURB004,FARM04,2026-01-01T05:00:00Z,2026-01-01T05:03:00Z,3397.8,11.5,16.0,2.1,86.6
TURB004,FARM04,2026-01-01T05:05:00Z,2026-01-01T05:10:00Z,3395.6,11.4,15.9,2.2,86.2
TURB004,FARM04,2026-01-01T05:10:00Z,2026-01-01T05:12:00Z,3363.5,11.2,15.7,2.3,85.8
TURB004,FARM04,2026-01-01T05:15:00Z,2026-01-01T05:19:00Z,3333.3,11.0,15.5,2.5,85.3
TURB004,FARM04,2026-01-01T05:20:00Z,2026-01-01T05:21:00Z,3264.7,10.7,15.2,2.7,84.7
TURB004,FARM04,2026-01-01T05:25:00Z,2026-01-01T05:28:00Z,3153.6,10.3,14.8,2.9,84.0
TURB004,FARM04,2026-01-01T05:30:00Z,2026-01-01T05:35:00Z,3032.6,9.9,14.5,3.1,83.3
TURB004,FARM04,2026-01-01T05:35:00Z,2026-01-01T05:37:00Z,2899.4,9.5,14.1,3.3,82.6
TURB004,FARM04,2026-01-01T05:40:00Z,2026-01-01T05:44:00Z,2716.7,9.0,13.6,3.5,81.8
TURB004,FARM04,2026-01-01T05:45:00Z,2026-01-01T05:46:00Z,2557.0,8.6,13.2,3.7,81.1
TURB004,FARM04,2026-01-01T05:50:00Z,2026-01-01T05:53:00Z,2385.8,8.2,12.9,3.9,80.4
TURB004,FARM04,2026-01-01T05:55:00Z,2026-01-01T06:00:00Z,2241.9,7.9,12.6,4.1,79.8
TURB004,FARM04,2026-01-01T06:00:00Z,2026-01-01T06:02:00Z,2093.1,7.6,12.3,4.3,79.2
TURB004,FARM04,2026-01-01T06:05:00Z,2026-01-01T06:09:00Z,1943.5,7.3,12.0,4.4,78.6
TURB004,FARM04,2026-01-01T06:10:00Z,2026-01-01T06:11:00Z,1869.5,7.2,11.9,4.5,78.3
TURB004,FARM04,2026-01-01T06:15:00Z,2026-01-01T06:18:00Z,1803.0,7.1,11.8,4.6,77.9
TURB004,FARM04,2026-01-01T06:20:00Z,2026-01-01T06:25:00Z,1783.1,7.1,11.8,4.6,77.8
TURB004,FARM04,2026-01-01T06:25:00Z,2026-01-01T06:27:00Z,1812.0,7.2,11.9,4.6,77.7
TURB004,FARM04,2026-01-01T06:30:00Z,2026-01-01T06:34:00Z,1854.3,7.3,12.0,4.6,77.7
TURB004,FARM04,2026-01-01T06:35:00Z,2026-01-01T06:36:00Z,1981.4,7.6,12.3,4.5,77.9
TURB004,FARM04,2026-01-01T06:40:00Z,2026-01-01T06:43:00Z,2119.3,7.9,12.6,4.4,78.1
TURB004,FARM04,2026-01-01T06:45:00Z,2026-01-01T06:50:00Z,2301.0,8.3,12.9,4.3,78.5
TURB004,FARM04,2026-01-01T06:50:00Z,2026-01-01T06:52:00Z,2486.4,8.7,13.3,4.1,78.9
TURB004,FARM04,2026-01-01T06:55:00Z,2026-01-01T06:59:00Z,2671.4,9.1,13.7,4.0,79.4
TURB004,FARM04,2026-01-01T07:00:00Z,2026-01-01T07:01:00Z,2887.8,9.6,14.1,3.7,80.0
TURB004,FARM04,2026-01-01T07:05:00Z,2026-01-01T07:08:00Z,3059.6,10.0,14.5,3.5,80.5
TURB004,FARM04,2026-01-01T07:10:00Z,2026-01-01T07:15:00Z,3220.1,10.4,14.9,3.3,81.0
TURB004,FARM04,2026-01-01T07:15:00Z,2026-01-01T07:17:00Z,3367.6,10.8,15.3,3.1,81.6
TURB004,FARM04,2026-01-01T07:20:00Z,2026-01-01T07:24:00Z,3500.0,11.2,15.6,2.9,82.2
TURB004,FARM04,2026-01-01T07:25:00Z,2026-01-01T07:26:00Z,3500.0,11.5,15.9,2.7,82.8
TURB004,FARM04,2026-01-01T07:30:00Z,2026-01-01T07:33:00Z,3500.0,11.7,16.1,2.6,83.2
TURB004,FARM04,2026-01-01T07:35:00Z,2026-01-01T07:40:00Z,3500.0,11.8,16.2,2.4,83.6
TURB004,FARM04,2026-01-01T07:40:00Z,2026-01-01T07:42:00Z,3500.0,11.8,16.2,2.3,83.9
TURB004,FARM04,2026-01-01T07:45:00Z,2026-01-01T07:49:00Z,3500.0,11.8,16.2,2.2,84.2
TURB004,FARM04,2026-01-01T07:50:00Z,2026-01-01T07:51:00Z,3435.6,11.6,16.0,2.2,84.3
TURB004,FARM04,2026-01-01T07:55:00Z,2026-01-01T07:58:00Z,3338.6,11.4,15.8,2.2,84.4
TURB004,FARM04,2026-01-01T08:00:00Z,2026-01-01T08:05:00Z,3217.6,11.1,15.6,2.2,84.5
TURB004,FARM04,2026-01-01T08:05:00Z,2026-01-01T08:07:00Z,3109.8,10.8,15.3,2.2,84.5
TURB004,FARM04,2026-01-01T08:10:00Z,2026-01-01T08:14:00Z,2979.3,10.4,14.9,2.3,84.4
TURB004,FARM04,2026-01-01T08:15:00Z,2026-01-01T08:16:00Z,2824.6,9.9,14.5,2.4,84.2
TURB004,FARM04,2026-01-01T08:20:00Z,2026-01-01T08:23:00Z,2679.2,9.4,14.0,2.6,83.9
TURB004,FARM04,2026-01-01T08:25:00Z,2026-01-01T08:30:00Z,2575.5,9.0,13.6,2.7,83.8
TURB004,FARM04,2026-01-01T08:30:00Z,2026-01-01T08:32:00Z,2437.2,8.5,13.2,2.9,83.5
TURB004,FARM04,2026-01-01T08:35:00Z,2026-01-01T08:39:00Z,2296.2,8.0,12.7,3.1,83.2
TURB004,FARM04,2026-01-01T08:40:00Z,2026-01-01T08:41:00Z,2184.3,7.6,12.4,3.2,83.0
TURB004,FARM04,2026-01-01T08:45:00Z,2026-01-01T08:48:00Z,2098.2,7.3,12.1,3.4,82.9
TURB004,FARM04,2026-01-01T08:50:00Z,2026-01-01T08:55:00Z,1999.7,7.0,11.8,3.6,82.7
TURB004,FARM04,2026-01-01T08:55:00Z,2026-01-01T08:57:00Z,1923.8,6.8,11.6,3.7,82.6
TURB004,FARM04,2026-01-01T09:00:00Z,2026-01-01T09:04:00Z,1870.9,6.7,11.5,3.9,82.5
TURB004,FARM04,2026-01-01T09:05:00Z,2026-01-01T09:06:00Z,1806.7,6.6,11.5,4.0,82.4
TURB004,FARM04,2026-01-01T09:10:00Z,2026-01-01T09:28:00Z,1806.2,6.7,11.5,4.1,82.5
TURB004,FARM04,2026-01-01T09:15:00Z,2026-01-01T09:20:00Z,1801.1,6.8,11.6,4.2,82.5
TURB004,FARM04,2026-01-01T09:20:00Z,2026-01-01T09:22:00Z,1831.7,7.0,11.8,4.3,82.6
TURB004,FARM04,2026-01-01T09:25:00Z,2026-01-01T09:29:00Z,1902.2,7.3,12.1,4.3,82.8
TURB004,FARM04,2026-01-01T09:30:00Z,2026-01-01T09:31:00Z,1980.6,7.6,12.4,4.3,82.9
TURB004,FARM04,2026-01-01T09:35:00Z,2026-01-01T09:38:00Z,2105.9,8.0,12.8,4.3,83.1
TURB004,FARM04,2026-01-01T09:40:00Z,2026-01-01T09:45:00Z,2244.0,8.4,13.2,4.3,83.3
TURB004,FARM04,2026-01-01T09:45:00Z,2026-01-01T09:47:00Z,2395.6,8.8,13.5,4.2,83.4
TURB004,FARM04,2026-01-01T09:50:00Z,2026-01-01T09:54:00Z,2559.8,9.2,13.9,4.2,83.6
TURB004,FARM04,2026-01-01T09:55:00Z,2026-01-01T09:56:00Z,2734.6,9.6,14.3,4.1,83.7
TURB004,FARM04,2026-01-01T10:00:00Z,2026-01-01T10:03:00Z,2916.8,10.0,14.7,4.0,83.8
TURB004,FARM04,2026-01-01T10:05:00Z,2026-01-01T10:10:00Z,3066.4,10.3,15.0,3.9,83.8
TURB004,FARM04,2026-01-01T10:10:00Z,2026-01-01T10:12:00Z,3215.1,10.6,15.2,3.8,83.7
TURB004,FARM04,2026-01-01T10:15:00Z,2026-01-01T10:19:00Z,3322.8,10.8,15.4,3.7,83.6
TURB004,FARM04,2026-01-01T10:20:00Z,2026-01-01T10:21:00Z,3385.7,10.9,15.5,3.6,83.4
TURB004,FARM04,2026-01-01T10:25:00Z,2026-01-01T10:28:00Z,3401.0,10.9,15.5,3.5,83.1
TURB004,FARM04,2026-01-01T10:30:00Z,2026-01-01T10:35:00Z,3367.2,10.8,15.5,3.4,82.7
TURB004,FARM04,2026-01-01T10:35:00Z,2026-01-01T10:37:00Z,3320.1,10.7,15.4,3.3,82.3
TURB004,FARM04,2026-01-01T10:40:00Z,2026-01-01T10:44:00Z,3224.7,10.5,15.2,3.2,81.8
TURB004,FARM04,2026-01-01T10:45:00Z,2026-01-01T10:46:00Z,3083.5,10.2,14.9,3.2,81.3
TURB004,FARM04,2026-01-01T10:50:00Z,2026-01-01T10:53:00Z,2900.0,9.8,14.6,3.2,80.7
TURB004,FARM04,2026-01-01T10:55:00Z,2026-01-01T11:00:00Z,2714.2,9.4,14.2,3.1,80.1
TURB004,FARM04,2026-01-01T11:00:00Z,2026-01-01T11:02:00Z,2530.4,9.0,13.8,3.1,79.5
TURB004,FARM04,2026-01-01T11:05:00Z,2026-01-01T11:09:00Z,2316.8,8.5,13.4,3.1,78.9
TURB004,FARM04,2026-01-01T11:10:00Z,2026-01-01T11:11:00Z,2112.9,8.0,12.9,3.1,78.3
TURB004,FARM04,2026-01-01T11:15:00Z,2026-01-01T11:18:00Z,1921.0,7.5,12.5,3.2,77.7
TURB004,FARM04,2026-01-01T11:20:00Z,2026-01-01T11:25:00Z,1778.5,7.1,12.1,3.2,77.3
TURB004,FARM04,2026-01-01T11:25:00Z,2026-01-01T11:27:00Z,1649.2,6.7,11.7,3.2,76.9
TURB004,FARM04,2026-01-01T11:30:00Z,2026-01-01T11:34:00Z,1567.6,6.4,11.4,3.3,76.7
TURB004,FARM04,2026-01-01T11:35:00Z,2026-01-01T11:36:00Z,1494.8,6.1,11.2,3.3,76.4
TURB004,FARM04,2026-01-01T11:40:00Z,2026-01-01T11:43:00Z,1463.4,5.9,11.0,3.3,76.4
TURB004,FARM04,2026-01-01T11:45:00Z,2026-01-01T11:50:00Z,1505.1,5.9,11.0,3.4,76.5
TURB004,FARM04,2026-01-01T11:50:00Z,2026-01-01T11:52:00Z,1543.6,5.9,10.9,3.4,76.7
TURB004,FARM04,2026-01-01T11:55:00Z,2026-01-01T11:59:00Z,1574.8,5.9,11.0,3.4,76.9
TURB004,FARM04,2026-01-01T12:00:00Z,2026-01-01T12:01:00Z,1595.7,5.9,11.0,3.5,77.1
TURB004,FARM04,2026-01-01T12:05:00Z,2026-01-01T12:08:00Z,1711.9,6.2,11.3,3.5,77.7
TURB004,FARM04,2026-01-01T12:10:00Z,2026-01-01T12:15:00Z,1814.7,6.5,11.5,3.6,78.3
TURB004,FARM04,2026-01-01T12:15:00Z,2026-01-01T12:17:00Z,1904.6,6.8,11.8,3.6,78.9
TURB004,FARM04,2026-01-01T12:20:00Z,2026-01-01T12:24:00Z,2019.5,7.2,12.2,3.6,79.6
TURB004,FARM04,2026-01-01T12:30:00Z,2026-01-01T12:33:00Z,2265.1,8.1,13.0,3.6,81.1
TURB004,FARM04,2026-01-01T12:35:00Z,2026-01-01T12:40:00Z,2403.9,8.6,13.5,3.6,81.9
TURB004,FARM04,2026-01-01T12:40:00Z,2026-01-01T12:42:00Z,2511.0,9.0,13.9,3.7,82.6
TURB004,FARM04,2026-01-01T12:45:00Z,2026-01-01T12:49:00Z,2626.3,9.4,14.2,3.7,83.3
TURB004,FARM04,2026-01-01T12:50:00Z,2026-01-01T12:51:00Z,2752.8,9.8,14.6,3.7,84.0
TURB004,FARM04,2026-01-01T12:55:00Z,2026-01-01T12:58:00Z,2856.2,10.1,14.9,3.7,84.6
TURB004,FARM04,2026-01-01T13:00:00Z,2026-01-01T13:05:00Z,2937.0,10.3,15.1,3.8,85.1
TURB004,FARM04,2026-01-01T13:05:00Z,2026-01-01T13:07:00Z,3030.3,10.5,15.2,3.8,85.5
TURB004,FARM04,2026-01-01T13:10:00Z,2026-01-01T13:14:00Z,3098.0,10.6,15.3,3.8,85.8
TURB004,FARM04,2026-01-01T13:15:00Z,2026-01-01T13:16:00Z,3136.7,10.6,15.3,3.8,86.0
TURB004,FARM04,2026-01-01T13:20:00Z,2026-01-01T13:23:00Z,3142.4,10.5,15.2,3.9,86.0
TURB004,FARM04,2026-01-01T13:25:00Z,2026-01-01T13:30:00Z,3110.8,10.3,15.0,3.9,86.0
TURB004,FARM04,2026-01-01T13:30:00Z,2026-01-01T13:32:00Z,3037.8,10.0,14.8,4.0,85.7
TURB004,FARM04,2026-01-01T13:35:00Z,2026-01-01T13:53:00Z,2955.7,9.7,14.5,4.0,85.5
TURB004,FARM04,2026-01-01T13:40:00Z,2026-01-01T13:41:00Z,2861.8,9.4,14.2,4.0,85.2
TURB004,FARM04,2026-01-01T13:45:00Z,2026-01-01T13:48:00Z,2718.7,9.0,13.8,4.0,84.8
TURB004,FARM04,2026-01-01T13:50:00Z,2026-01-01T13:55:00Z,2526.3,8.5,13.4,4.1,84.2
TURB004,FARM04,2026-01-01T13:55:00Z,2026-01-01T13:57:00Z,2357.9,8.1,13.0,4.1,83.7
TURB004,FARM04,2026-01-01T14:00:00Z,2026-01-01T14:04:00Z,2180.0,7.7,12.6,4.0,83.2
TURB004,FARM04,2026-01-01T14:05:00Z,2026-01-01T14:06:00Z,1996.0,7.3,12.2,4.0,82.6
TURB004,FARM04,2026-01-01T14:10:00Z,2026-01-01T14:13:00Z,1810.2,6.9,11.9,4.0,82.0
TURB004,FARM04,2026-01-01T14:15:00Z,2026-01-01T14:20:00Z,1662.9,6.6,11.6,3.9,81.5
TURB004,FARM04,2026-01-01T14:20:00Z,2026-01-01T14:22:00Z,1558.1,6.4,11.4,3.9,81.1
TURB004,FARM04,2026-01-01T14:25:00Z,2026-01-01T14:29:00Z,1463.2,6.2,11.2,3.8,80.6
TURB004,FARM04,2026-01-01T14:30:00Z,2026-01-01T14:31:00Z,1452.6,6.2,11.2,3.7,80.3
TURB004,FARM04,2026-01-01T14:35:00Z,2026-01-01T14:38:00Z,1455.4,6.2,11.2,3.6,80.0
TURB004,FARM04,2026-01-01T14:40:00Z,2026-01-01T14:45:00Z,1507.2,6.3,11.2,3.5,79.8
TURB004,FARM04,2026-01-01T14:45:00Z,2026-01-01T14:47:00Z,1570.6,6.4,11.4,3.4,79.6
TURB004,FARM04,2026-01-01T14:50:00Z,2026-01-01T14:54:00Z,1714.5,6.7,11.6,3.2,79.6
TURB004,FARM04,2026-01-01T14:55:00Z,2026-01-01T14:56:00Z,1863.4,7.0,11.9,3.1,79.5
TURB004,FARM04,2026-01-01T15:05:00Z,2026-01-01T15:10:00Z,2230.9,7.8,12.6,2.9,79.7
TURB004,FARM04,2026-01-01T15:10:00Z,2026-01-01T15:12:00Z,2441.3,8.3,13.1,2.8,79.9
TURB004,FARM04,2026-01-01T15:15:00Z,2026-01-01T15:19:00Z,2641.0,8.8,13.5,2.7,80.2
TURB004,FARM04,2026-01-01T15:20:00Z,2026-01-01T15:21:00Z,2828.0,9.3,14.0,2.6,80.4
TURB004,FARM04,2026-01-01T15:25:00Z,2026-01-01T15:28:00Z,3001.5,9.8,14.4,2.6,80.7
TURB004,FARM04,2026-01-01T15:30:00Z,2026-01-01T15:35:00Z,3126.3,10.2,14.8,2.6,80.9
TURB004,FARM04,2026-01-01T15:35:00Z,2026-01-01T15:37:00Z,3240.3,10.6,15.2,2.6,81.1
TURB004,FARM04,2026-01-01T15:40:00Z,2026-01-01T15:44:00Z,3310.6,10.9,15.5,2.6,81.3
TURB004,FARM04,2026-01-01T15:45:00Z,2026-01-01T15:46:00Z,3377.1,11.2,15.7,2.6,81.5
TURB004,FARM04,2026-01-01T15:50:00Z,2026-01-01T15:53:00Z,3408.1,11.4,15.9,2.7,81.6
TURB004,FARM04,2026-01-01T15:55:00Z,2026-01-01T16:00:00Z,3407.9,11.5,16.0,2.8,81.7
TURB004,FARM04,2026-01-01T16:00:00Z,2026-01-01T16:02:00Z,3380.2,11.5,16.0,2.9,81.7
TURB004,FARM04,2026-01-01T16:05:00Z,2026-01-01T16:09:00Z,3327.8,11.4,15.9,3.1,81.7
TURB004,FARM04,2026-01-01T16:10:00Z,2026-01-01T16:11:00Z,3288.4,11.3,15.8,3.2,81.6
TURB004,FARM04,2026-01-01T16:15:00Z,2026-01-01T16:18:00Z,3190.5,11.0,15.5,3.4,81.4
TURB004,FARM04,2026-01-01T16:20:00Z,2026-01-01T16:25:00Z,3104.9,10.7,15.2,3.6,81.3
TURB004,FARM04,2026-01-01T16:25:00Z,2026-01-01T16:27:00Z,3029.4,10.4,14.9,3.7,81.2
TURB004,FARM04,2026-01-01T16:30:00Z,2026-01-01T16:34:00Z,2924.6,10.0,14.5,3.9,81.0
TURB004,FARM04,2026-01-01T16:35:00Z,2026-01-01T16:36:00Z,2822.3,9.6,14.2,4.0,80.8
TURB004,FARM04,2026-01-01T16:40:00Z,2026-01-01T16:43:00Z,2682.4,9.1,13.7,4.2,80.6
TURB004,FARM04,2026-01-01T16:45:00Z,2026-01-01T16:50:00Z,2572.7,8.7,13.3,4.3,80.4
TURB004,FARM04,2026-01-01T16:50:00Z,2026-01-01T16:52:00Z,2453.6,8.3,13.0,4.4,80.3
TURB004,FARM04,2026-01-01T16:55:00Z,2026-01-01T16:59:00Z,2322.5,7.9,12.6,4.5,80.2
TURB004,FARM04,2026-01-01T17:00:00Z,2026-01-01T17:01:00Z,2214.1,7.6,12.3,4.5,80.3
TURB004,FARM04,2026-01-01T17:05:00Z,2026-01-01T17:08:00Z,2128.5,7.4,12.1,4.5,80.4
TURB004,FARM04,2026-01-01T17:10:00Z,2026-01-01T17:15:00Z,2031.1,7.2,11.9,4.5,80.5
TURB004,FARM04,2026-01-01T17:15:00Z,2026-01-01T17:17:00Z,1960.4,7.1,11.8,4.4,80.7
TURB004,FARM04,2026-01-01T17:20:00Z,2026-01-01T17:24:00Z,1920.1,7.1,11.8,4.3,81.0
TURB004,FARM04,2026-01-01T17:25:00Z,2026-01-01T17:26:00Z,1878.3,7.1,11.8,4.2,81.3
TURB004,FARM04,2026-01-01T17:30:00Z,2026-01-01T17:33:00Z,1911.5,7.3,12.0,4.1,81.8
TURB004,FARM04,2026-01-01T17:40:00Z,2026-01-01T17:42:00Z,2037.6,7.8,12.5,3.7,82.8
TURB004,FARM04,2026-01-01T17:45:00Z,2026-01-01T17:49:00Z,2172.3,8.2,12.8,3.5,83.4
TURB004,FARM04,2026-01-01T17:50:00Z,2026-01-01T17:51:00Z,2320.3,8.6,13.2,3.3,84.0
TURB004,FARM04,2026-01-01T17:55:00Z,2026-01-01T17:58:00Z,2481.4,9.0,13.6,3.1,84.5
TURB004,FARM04,2026-01-01T18:00:00Z,2026-01-01T18:18:00Z,2653.7,9.4,14.0,2.9,85.1
TURB004,FARM04,2026-01-01T18:05:00Z,2026-01-01T18:07:00Z,2870.3,9.9,14.4,2.7,85.6
TURB004,FARM04,2026-01-01T18:10:00Z,2026-01-01T18:14:00Z,3055.4,10.3,14.8,2.5,86.1
TURB004,FARM04,2026-01-01T18:15:00Z,2026-01-01T18:16:00Z,3240.8,10.7,15.2,2.3,86.5
TURB004,FARM04,2026-01-01T18:20:00Z,2026-01-01T18:23:00Z,3422.1,11.1,15.5,2.2,86.9
TURB004,FARM04,2026-01-01T18:25:00Z,2026-01-01T18:30:00Z,3500.0,11.4,15.8,2.1,87.1
TURB004,FARM04,2026-01-01T18:30:00Z,2026-01-01T18:32:00Z,3500.0,11.6,16.0,2.0,87.2
TURB004,FARM04,2026-01-01T18:35:00Z,2026-01-01T18:39:00Z,3500.0,11.8,16.2,2.0,87.3
TURB004,FARM04,2026-01-01T18:40:00Z,2026-01-01T18:41:00Z,3500.0,11.8,16.2,2.0,87.1
TURB004,FARM04,2026-01-01T18:45:00Z,2026-01-01T18:48:00Z,3500.0,11.8,16.2,2.1,86.9
TURB004,FARM04,2026-01-01T18:50:00Z,2026-01-01T18:55:00Z,3500.0,11.7,16.1,2.1,86.6
TURB004,FARM04,2026-01-01T18:55:00Z,2026-01-01T18:57:00Z,3500.0,11.5,15.9,2.2,86.2
TURB004,FARM04,2026-01-01T19:00:00Z,2026-01-01T19:04:00Z,3373.1,11.2,15.7,2.4,85.6
TURB004,FARM04,2026-01-01T19:05:00Z,2026-01-01T19:06:00Z,3224.4,10.9,15.4,2.6,85.0
TURB004,FARM04,2026-01-01T19:10:00Z,2026-01-01T19:13:00Z,3044.8,10.5,15.0,2.8,84.3
TURB004,FARM04,2026-01-01T19:15:00Z,2026-01-01T19:20:00Z,2874.1,10.1,14.6,3.0,83.6
TURB004,FARM04,2026-01-01T19:20:00Z,2026-01-01T19:22:00Z,2678.9,9.6,14.2,3.2,82.8
TURB004,FARM04,2026-01-01T19:25:00Z,2026-01-01T19:29:00Z,2496.8,9.1,13.7,3.4,82.0
TURB004,FARM04,2026-01-01T19:30:00Z,2026-01-01T19:31:00Z,2328.1,8.6,13.3,3.7,81.2
TURB004,FARM04,2026-01-01T19:35:00Z,2026-01-01T19:38:00Z,2207.6,8.2,12.9,3.9,80.5
TURB004,FARM04,2026-01-01T19:40:00Z,2026-01-01T19:45:00Z,2096.9,7.8,12.5,4.1,79.8
TURB004,FARM04,2026-01-01T19:45:00Z,2026-01-01T19:47:00Z,1992.5,7.4,12.2,4.3,79.1
TURB004,FARM04,2026-01-01T19:50:00Z,2026-01-01T19:54:00Z,1926.3,7.1,11.9,4.4,78.5
TURB004,FARM04,2026-01-01T19:55:00Z,2026-01-01T19:56:00Z,1894.0,6.9,11.7,4.6,78.0
TURB004,FARM04,2026-01-01T20:00:00Z,2026-01-01T20:03:00Z,1855.5,6.7,11.5,4.7,77.6
TURB004,FARM04,2026-01-01T20:05:00Z,2026-01-01T20:10:00Z,1879.3,6.7,11.5,4.7,77.4
TURB004,FARM04,2026-01-01T20:15:00Z,2026-01-01T20:19:00Z,1925.4,6.8,11.6,4.7,77.2
TURB004,FARM04,2026-01-01T20:20:00Z,2026-01-01T20:21:00Z,1982.6,7.0,11.8,4.7,77.3
TURB004,FARM04,2026-01-01T20:25:00Z,2026-01-01T20:28:00Z,2028.1,7.2,12.0,4.6,77.4
TURB004,FARM04,2026-01-01T20:30:00Z,2026-01-01T20:35:00Z,2100.7,7.5,12.3,4.5,77.7
TURB004,FARM04,2026-01-01T20:35:00Z,2026-01-01T20:37:00Z,2204.1,7.9,12.7,4.3,78.1
TURB004,FARM04,2026-01-01T20:40:00Z,2026-01-01T20:44:00Z,2306.5,8.3,13.1,4.2,78.5
TURB004,FARM04,2026-01-01T20:45:00Z,2026-01-01T20:46:00Z,2412.1,8.7,13.4,4.0,79.0
TURB004,FARM04,2026-01-01T20:50:00Z,2026-01-01T20:53:00Z,2524.9,9.1,13.8,3.8,79.5
TURB004,FARM04,2026-01-01T20:55:00Z,2026-01-01T21:00:00Z,2648.2,9.5,14.2,3.6,80.1
TURB004,FARM04,2026-01-01T21:00:00Z,2026-01-01T21:02:00Z,2784.1,9.9,14.6,3.4,80.6
TURB004,FARM04,2026-01-01T21:05:00Z,2026-01-01T21:09:00Z,2933.4,10.3,14.9,3.2,81.2
TURB004,FARM04,2026-01-01T21:10:00Z,2026-01-01T21:11:00Z,3023.6,10.5,15.2,3.0,81.7
TURB004,FARM04,2026-01-01T21:15:00Z,2026-01-01T21:18:00Z,3160.8,10.8,15.4,2.8,82.2
TURB004,FARM04,2026-01-01T21:20:00Z,2026-01-01T21:25:00Z,3234.0,10.9,15.5,2.7,82.6
TURB004,FARM04,2026-01-01T21:25:00Z,2026-01-01T21:27:00Z,3275.4,10.9,15.5,2.6,82.9
TURB004,FARM04,2026-01-01T21:30:00Z,2026-01-01T21:34:00Z,3316.5,10.9,15.5,2.5,83.2
TURB004,FARM04,2026-01-01T21:35:00Z,2026-01-01T21:36:00Z,3317.3,10.8,15.5,2.4,83.4
TURB004,FARM04,2026-01-01T21:40:00Z,2026-01-01T21:43:00Z,3273.9,10.6,15.3,2.4,83.5
TURB004,FARM04,2026-01-01T21:45:00Z,2026-01-01T21:50:00Z,3183.3,10.3,15.0,2.4,83.6
TURB004,FARM04,2026-01-01T21:50:00Z,2026-01-01T21:52:00Z,3079.8,10.0,14.7,2.4,83.6
TURB004,FARM04,2026-01-01T21:55:00Z,2026-01-01T21:59:00Z,2926.8,9.6,14.4,2.5,83.5
TURB004,FARM04,2026-01-01T22:00:00Z,2026-01-01T22:01:00Z,2725.4,9.1,13.9,2.6,83.3
TURB004,FARM04,2026-01-01T22:05:00Z,2026-01-01T22:08:00Z,2549.6,8.7,13.5,2.7,83.2
TURB004,FARM04,2026-01-01T22:10:00Z,2026-01-01T22:15:00Z,2330.9,8.2,13.1,2.9,82.9
TURB004,FARM04,2026-01-01T22:15:00Z,2026-01-01T22:17:00Z,2109.2,7.7,12.6,3.0,82.7
TURB004,FARM04,2026-01-01T22:20:00Z,2026-01-01T22:24:00Z,1924.8,7.3,12.2,3.2,82.5
TURB004,FARM04,2026-01-01T22:25:00Z,2026-01-01T22:43:00Z,1709.9,6.8,11.8,3.4,82.2
TURB004,FARM04,2026-01-01T22:30:00Z,2026-01-01T22:33:00Z,1576.1,6.5,11.5,3.5,82.0
TURB004,FARM04,2026-01-01T22:35:00Z,2026-01-01T22:40:00Z,1454.1,6.2,11.2,3.7,81.8
TURB004,FARM04,2026-01-01T22:40:00Z,2026-01-01T22:42:00Z,1381.3,6.0,11.1,3.9,81.7
TURB004,FARM04,2026-01-01T22:50:00Z,2026-01-01T22:51:00Z,1382.4,5.9,10.9,4.1,81.7
TURB004,FARM04,2026-01-01T22:55:00Z,2026-01-01T22:58:00Z,1416.4,5.9,11.0,4.3,81.7
TURB004,FARM04,2026-01-01T23:00:00Z,2026-01-01T23:05:00Z,1456.4,5.9,11.0,4.4,81.6
TURB004,FARM04,2026-01-01T23:05:00Z,2026-01-01T23:07:00Z,1570.2,6.1,11.2,4.5,81.7
TURB004,FARM04,2026-01-01T23:10:00Z,2026-01-01T23:14:00Z,1717.5,6.4,11.4,4.5,81.9
TURB004,FARM04,2026-01-01T23:15:00Z,2026-01-01T23:16:00Z,1858.2,6.7,11.7,4.5,82.1
TURB004,FARM04,2026-01-01T23:20:00Z,2026-01-01T23:23:00Z,2025.0,7.1,12.1,4.5,82.3
TURB004,FARM04,2026-01-01T23:25:00Z,2026-01-01T23:30:00Z,2179.5,7.5,12.5,4.5,82.5
TURB004,FARM04,2026-01-01T23:30:00Z,2026-01-01T23:32:00Z,2356.5,8.0,12.9,4.4,82.7
TURB004,FARM04,2026-01-01T23:35:00Z,2026-01-01T23:39:00Z,2484.5,8.4,13.3,4.4,82.8
TURB004,FARM04,2026-01-01T23:40:00Z,2026-01-01T23:41:00Z,2637.1,8.9,13.8,4.3,83.1
TURB004,FARM04,2026-01-01T23:45:00Z,2026-01-01T23:48:00Z,2745.1,9.3,14.1,4.2,83.2
TURB004,FARM04,2026-01-01T23:50:00Z,2026-01-01T23:55:00Z,2848.2,9.7,14.5,4.0,83.3
TURB004,FARM04,2026-01-01T23:55:00Z,2026-01-01T23:57:00Z,2914.6,10.0,14.8,3.9,83.2
TURB004,FARM04,2026-01-02T00:00:00Z,2026-01-02T00:04:00Z,2984.7,10.3,15.1,3.8,83.2
TURB004,FARM04,2026-01-02T00:05:00Z,2026-01-02T00:06:00Z,2990.4,10.4,15.2,3.7,83.0
TURB004,FARM04,2026-01-02T00:10:00Z,2026-01-02T00:13:00Z,3006.9,10.5,15.3,3.6,82.8
TURB004,FARM04,2026-01-02T00:15:00Z,2026-01-02T00:20:00Z,3000.0,10.5,15.3,3.5,82.5
TURB004,FARM04,2026-01-02T00:20:00Z,2026-01-02T00:22:00Z,3006.6,10.5,15.2,3.4,82.2
TURB004,FARM04,2026-01-02T00:25:00Z,2026-01-02T00:29:00Z,2953.9,10.3,15.1,3.3,81.7
TURB004,FARM04,2026-01-02T00:30:00Z,2026-01-02T00:31:00Z,2912.1,10.1,14.9,3.3,81.3
TURB004,FARM04,2026-01-02T00:35:00Z,2026-01-02T00:38:00Z,2841.8,9.8,14.6,3.2,80.7
TURB004,FARM04,2026-01-02T00:40:00Z,2026-01-02T00:45:00Z,2739.3,9.4,14.2,3.2,80.1
TURB004,FARM04,2026-01-02T00:45:00Z,2026-01-02T00:47:00Z,2672.3,9.1,13.9,3.1,79.7
TURB004,FARM04,2026-01-02T00:50:00Z,2026-01-02T00:54:00Z,2528.5,8.6,13.5,3.1,79.0
TURB004,FARM04,2026-01-02T00:55:00Z,2026-01-02T00:56:00Z,2412.1,8.2,13.1,3.1,78.5
TURB004,FARM04,2026-01-02T01:00:00Z,2026-01-02T01:03:00Z,2284.3,7.8,12.7,3.1,78.0
TURB004,FARM04,2026-01-02T01:05:00Z,2026-01-02T01:10:00Z,2143.5,7.4,12.3,3.1,77.6
TURB004,FARM04,2026-01-02T01:10:00Z,2026-01-02T01:12:00Z,1989.3,7.0,12.0,3.2,77.2
TURB004,FARM04,2026-01-02T01:15:00Z,2026-01-02T01:19:00Z,1858.8,6.7,11.7,3.2,76.9
TURB004,FARM04,2026-01-02T01:25:00Z,2026-01-02T01:28:00Z,1607.0,6.2,11.2,3.3,76.6
TURB004,FARM04,2026-01-02T01:30:00Z,2026-01-02T01:35:00Z,1529.2,6.1,11.1,3.3,76.7
TURB004,FARM04,2026-01-02T01:35:00Z,2026-01-02T01:37:00Z,1489.2,6.1,11.1,3.3,76.8
TURB004,FARM04,2026-01-02T01:40:00Z,2026-01-02T01:44:00Z,1491.0,6.2,11.2,3.4,77.1
TURB004,FARM04,2026-01-02T01:45:00Z,2026-01-02T01:46:00Z,1502.2,6.3,11.3,3.4,77.5
TURB004,FARM04,2026-01-02T01:50:00Z,2026-01-02T01:53:00Z,1597.4,6.6,11.5,3.4,78.0
TURB004,FARM04,2026-01-02T01:55:00Z,2026-01-02T02:00:00Z,1706.0,6.9,11.8,3.4,78.6
TURB004,FARM04,2026-01-02T02:00:00Z,2026-01-02T02:02:00Z,1863.7,7.3,12.2,3.4,79.3
TURB004,FARM04,2026-01-02T02:05:00Z,2026-01-02T02:09:00Z,2033.3,7.7,12.5,3.5,80.0
TURB004,FARM04,2026-01-02T02:10:00Z,2026-01-02T02:11:00Z,2212.0,8.1,12.9,3.5,80.7
TURB004,FARM04,2026-01-02T02:15:00Z,2026-01-02T02:18:00Z,2432.4,8.6,13.4,3.5,81.5
TURB004,FARM04,2026-01-02T02:20:00Z,2026-01-02T02:25:00Z,2654.1,9.1,13.8,3.5,82.3
TURB004,FARM04,2026-01-02T02:25:00Z,2026-01-02T02:27:00Z,2872.9,9.6,14.3,3.5,83.1
TURB004,FARM04,2026-01-02T02:30:00Z,2026-01-02T02:34:00Z,3048.8,10.0,14.6,3.5,83.8
TURB004,FARM04,2026-01-02T02:35:00Z,2026-01-02T02:36:00Z,3214.5,10.4,15.0,3.5,84.5
TURB004,FARM04,2026-01-02T02:40:00Z,2026-01-02T02:43:00Z,3367.8,10.8,15.4,3.5,85.2
TURB004,FARM04,2026-01-02T02:45:00Z,2026-01-02T02:50:00Z,3471.6,11.1,15.6,3.6,85.8
TURB004,FARM04,2026-01-02T02:50:00Z,2026-01-02T03:08:00Z,3500.0,11.3,15.8,3.6,86.2
TURB004,FARM04,2026-01-02T02:55:00Z,2026-01-02T02:59:00Z,3500.0,11.4,15.9,3.6,86.5
TURB004,FARM04,2026-01-02T03:00:00Z,2026-01-02T03:01:00Z,3500.0,11.5,16.0,3.6,86.8
TURB004,FARM04,2026-01-02T03:05:00Z,2026-01-02T03:08:00Z,3456.2,11.4,15.9,3.7,86.9
TURB004,FARM04,2026-01-02T03:10:00Z,2026-01-02T03:15:00Z,3378.8,11.3,15.8,3.7,86.9
TURB004,FARM04,2026-01-02T03:15:00Z,2026-01-02T03:17:00Z,3269.5,11.1,15.6,3.7,86.8
TURB004,FARM04,2026-01-02T03:20:00Z,2026-01-02T03:24:00Z,3132.1,10.8,15.3,3.8,86.6
TURB004,FARM04,2026-01-02T03:25:00Z,2026-01-02T03:26:00Z,2969.6,10.4,14.9,3.8,86.2
TURB004,FARM04,2026-01-02T03:30:00Z,2026-01-02T03:33:00Z,2856.0,10.1,14.6,3.8,85.9
TURB004,FARM04,2026-01-02T03:35:00Z,2026-01-02T03:40:00Z,2683.9,9.6,14.2,3.8,85.3
TURB004,FARM04,2026-01-02T03:40:00Z,2026-01-02T03:42:00Z,2560.4,9.2,13.8,3.8,84.8
TURB004,FARM04,2026-01-02T03:45:00Z,2026-01-02T03:49:00Z,2447.4,8.8,13.4,3.8,84.3
TURB004,FARM04,2026-01-02T03:50:00Z,2026-01-02T03:51:00Z,2341.7,8.4,13.1,3.8,83.8
TURB004,FARM04,2026-01-02T04:00:00Z,2026-01-02T04:05:00Z,2172.0,7.7,12.4,3.7,82.7
TURB004,FARM04,2026-01-02T04:05:00Z,2026-01-02T04:07:00Z,2099.5,7.4,12.1,3.7,82.1
TURB004,FARM04,2026-01-02T04:10:00Z,2026-01-02T04:14:00Z,2054.2,7.2,11.9,3.6,81.7
TURB004,FARM04,2026-01-02T04:15:00Z,2026-01-02T04:16:00Z,2033.2,7.1,11.8,3.5,81.3
TURB004,FARM04,2026-01-02T04:20:00Z,2026-01-02T04:23:00Z,1999.1,7.0,11.7,3.4,80.9
TURB004,FARM04,2026-01-02T04:25:00Z,2026-01-02T04:30:00Z,2023.7,7.1,11.8,3.3,80.7
TURB004,FARM04,2026-01-02T04:30:00Z,2026-01-02T04:32:00Z,2036.1,7.2,11.9,3.2,80.5
TURB004,FARM04,2026-01-02T04:35:00Z,2026-01-02T04:39:00Z,2074.7,7.4,12.1,3.1,80.4
TURB004,FARM04,2026-01-02T04:40:00Z,2026-01-02T04:41:00Z,2143.1,7.7,12.4,3.0,80.3
TURB004,FARM04,2026-01-02T04:45:00Z,2026-01-02T04:48:00Z,2209.3,8.0,12.7,2.9,80.3
TURB004,FARM04,2026-01-02T04:50:00Z,2026-01-02T04:55:00Z,2313.6,8.4,13.0,2.8,80.4
TURB004,FARM04,2026-01-02T04:55:00Z,2026-01-02T04:57:00Z,2460.2,8.9,13.5,2.7,80.6
TURB004,FARM04,2026-01-02T05:00:00Z,2026-01-02T05:04:00Z,2580.5,9.3,13.9,2.6,80.8
TURB004,FARM04,2026-01-02T05:05:00Z,2026-01-02T05:06:00Z,2748.9,9.8,14.3,2.5,81.0
TURB004,FARM04,2026-01-02T05:10:00Z,2026-01-02T05:13:00Z,2894.7,10.2,14.7,2.5,81.2
TURB004,FARM04,2026-01-02T05:15:00Z,2026-01-02T05:20:00Z,3053.7,10.6,15.1,2.5,81.4
TURB004,FARM04,2026-01-02T05:20:00Z,2026-01-02T05:22:00Z,3224.2,11.0,15.4,2.4,81.6
TURB004,FARM04,2026-01-02T05:25:00Z,2026-01-02T05:29:00Z,3367.7,11.3,15.7,2.5,81.7
TURB004,FARM04,2026-01-02T05:30:00Z,2026-01-02T05:31:00Z,3500.0,11.6,16.0,2.5,81.9
TURB004,FARM04,2026-01-02T05:35:00Z,2026-01-02T05:38:00Z,3500.0,11.8,16.2,2.6,82.1
TURB004,FARM04,2026-01-02T05:40:00Z,2026-01-02T05:45:00Z,3500.0,11.8,16.2,2.7,82.0
TURB004,FARM04,2026-01-02T05:45:00Z,2026-01-02T05:47:00Z,3500.0,11.9,16.3,2.8,82.1
TURB004,FARM04,2026-01-02T05:50:00Z,2026-01-02T05:54:00Z,3500.0,11.8,16.2,2.9,82.0
TURB004,FARM04,2026-01-02T05:55:00Z,2026-01-02T05:56:00Z,3500.0,11.6,16.0,3.1,81.9
TURB004,FARM04,2026-01-02T06:00:00Z,2026-01-02T06:03:00Z,3500.0,11.3,15.7,3.3,81.7
TURB004,FARM04,2026-01-02T06:05:00Z,2026-01-02T06:10:00Z,3416.1,11.0,15.5,3.5,81.5
TURB004,FARM04,2026-01-02T06:10:00Z,2026-01-02T06:12:00Z,3242.8,10.6,15.1,3.6,81.3
TURB004,FARM04,2026-01-02T06:15:00Z,2026-01-02T06:19:00Z,3061.5,10.2,14.7,3.8,81.1
TURB004,FARM04,2026-01-02T06:20:00Z,2026-01-02T06:21:00Z,2876.2,9.8,14.3,4.0,80.9
TURB004,FARM04,2026-01-02T06:25:00Z,2026-01-02T06:28:00Z,2655.0,9.3,13.9,4.1,80.7
TURB004,FARM04,2026-01-02T06:35:00Z,2026-01-02T06:37:00Z,2265.8,8.4,13.1,4.4,80.3
TURB004,FARM04,2026-01-02T06:40:00Z,2026-01-02T06:44:00Z,2068.5,7.9,12.6,4.5,80.1
TURB004,FARM04,2026-01-02T06:45:00Z,2026-01-02T06:46:00Z,1920.2,7.5,12.3,4.5,80.0
TURB004,FARM04,2026-01-02T06:50:00Z,2026-01-02T06:53:00Z,1821.3,7.2,12.0,4.6,80.1
TURB004,FARM04,2026-01-02T06:55:00Z,2026-01-02T07:00:00Z,1770.9,7.0,11.8,4.5,80.2
TURB004,FARM04,2026-01-02T07:00:00Z,2026-01-02T07:02:00Z,1730.7,6.8,11.6,4.5,80.3
TURB004,FARM04,2026-01-02T07:05:00Z,2026-01-02T07:09:00Z,1733.5,6.7,11.5,4.4,80.5
TURB004,FARM04,2026-01-02T07:10:00Z,2026-01-02T07:11:00Z,1775.3,6.7,11.5,4.3,80.8
TURB004,FARM04,2026-01-02T07:15:00Z,2026-01-02T07:33:00Z,1851.6,6.8,11.6,4.2,81.2
TURB004,FARM04,2026-01-02T07:20:00Z,2026-01-02T07:25:00Z,1958.5,7.0,11.8,4.1,81.7
TURB004,FARM04,2026-01-02T07:25:00Z,2026-01-02T07:27:00Z,2056.1,7.2,12.0,3.9,82.1
TURB004,FARM04,2026-01-02T07:30:00Z,2026-01-02T07:34:00Z,2178.0,7.5,12.3,3.7,82.6
TURB004,FARM04,2026-01-02T07:35:00Z,2026-01-02T07:36:00Z,2286.6,7.8,12.6,3.5,83.1
TURB004,FARM04,2026-01-02T07:40:00Z,2026-01-02T07:43:00Z,2417.9,8.2,13.0,3.3,83.7
TURB004,FARM04,2026-01-02T07:45:00Z,2026-01-02T07:50:00Z,2537.3,8.6,13.3,3.1,84.2
TURB004,FARM04,2026-01-02T07:50:00Z,2026-01-02T07:52:00Z,2683.2,9.1,13.8,2.9,84.8
TURB004,FARM04,2026-01-02T07:55:00Z,2026-01-02T07:59:00Z,2787.1,9.5,14.2,2.7,85.3
TURB004,FARM04,2026-01-02T08:00:00Z,2026-01-02T08:01:00Z,2889.4,9.9,14.6,2.5,85.7
TURB004,FARM04,2026-01-02T08:05:00Z,2026-01-02T08:08:00Z,2958.1,10.2,14.9,2.4,86.0
TURB004,FARM04,2026-01-02T08:10:00Z,2026-01-02T08:15:00Z,3033.5,10.5,15.1,2.3,86.2
TURB004,FARM04,2026-01-02T08:15:00Z,2026-01-02T08:17:00Z,3082.8,10.7,15.3,2.2,86.4
TURB004,FARM04,2026-01-02T08:20:00Z,2026-01-02T08:24:00Z,3144.5,10.9,15.5,2.2,86.4
TURB004,FARM04,2026-01-02T08:25:00Z,2026-01-02T08:26:00Z,3183.6,11.0,15.6,2.2,86.4
TURB004,FARM04,2026-01-02T08:30:00Z,2026-01-02T08:33:00Z,3199.7,11.0,15.6,2.2,86.2
TURB004,FARM04,2026-01-02T08:35:00Z,2026-01-02T08:40:00Z,3191.3,10.9,15.5,2.3,85.9
TURB004,FARM04,2026-01-02T08:40:00Z,2026-01-02T08:42:00Z,3155.4,10.7,15.4,2.4,85.5
TURB004,FARM04,2026-01-02T08:45:00Z,2026-01-02T08:49:00Z,3088.3,10.4,15.1,2.6,84.9
TURB004,FARM04,2026-01-02T08:50:00Z,2026-01-02T08:51:00Z,3021.8,10.1,14.8,2.7,84.3
TURB004,FARM04,2026-01-02T08:55:00Z,2026-01-02T08:58:00Z,2915.6,9.7,14.5,2.9,83.6
TURB004,FARM04,2026-01-02T09:00:00Z,2026-01-02T09:05:00Z,2801.8,9.3,14.1,3.1,82.9
TURB004,FARM04,2026-01-02T09:10:00Z,2026-01-02T09:14:00Z,2468.0,8.3,13.2,3.6,81.3
TURB004,FARM04,2026-01-02T09:15:00Z,2026-01-02T09:16:00Z,2317.3,7.9,12.8,3.8,80.6
TURB004,FARM04,2026-01-02T09:20:00Z,2026-01-02T09:23:00Z,2117.8,7.4,12.3,4.0,79.8
TURB004,FARM04,2026-01-02T09:25:00Z,2026-01-02T09:30:00Z,1943.6,7.0,12.0,4.2,79.1
TURB004,FARM04,2026-01-02T09:30:00Z,2026-01-02T09:32:00Z,1761.7,6.6,11.6,4.4,78.4
TURB004,FARM04,2026-01-02T09:35:00Z,2026-01-02T09:39:00Z,1612.2,6.3,11.3,4.6,77.8
TURB004,FARM04,2026-01-02T09:40:00Z,2026-01-02T09:41:00Z,1463.3,6.0,11.1,4.8,77.2
TURB004,FARM04,2026-01-02T09:45:00Z,2026-01-02T09:48:00Z,1391.2,5.9,11.0,4.8,76.9
TURB004,FARM04,2026-01-02T09:50:00Z,2026-01-02T09:55:00Z,1363.7,5.9,10.9,4.9,76.7
TURB004,FARM04,2026-01-02T09:55:00Z,2026-01-02T09:57:00Z,1347.6,5.9,11.0,4.9,76.5
TURB004,FARM04,2026-01-02T10:00:00Z,2026-01-02T10:04:00Z,1344.5,5.9,11.0,4.9,76.4
TURB004,FARM04,2026-01-02T10:05:00Z,2026-01-02T10:06:00Z,1426.9,6.1,11.2,4.9,76.4
TURB004,FARM04,2026-01-02T10:10:00Z,2026-01-02T10:13:00Z,1521.5,6.3,11.4,4.8,76.6
TURB004,FARM04,2026-01-02T10:15:00Z,2026-01-02T10:20:00Z,1662.2,6.6,11.6,4.7,76.8
TURB004,FARM04,2026-01-02T10:20:00Z,2026-01-02T10:22:00Z,1845.4,7.0,12.0,4.6,77.2
TURB004,FARM04,2026-01-02T10:25:00Z,2026-01-02T10:29:00Z,2031.2,7.4,12.4,4.4,77.6
TURB004,FARM04,2026-01-02T10:30:00Z,2026-01-02T10:31:00Z,2251.2,7.9,12.8,4.2,78.2
TURB004,FARM04,2026-01-02T10:35:00Z,2026-01-02T10:38:00Z,2429.3,8.3,13.2,4.0,78.7
TURB004,FARM04,2026-01-02T10:40:00Z,2026-01-02T10:45:00Z,2634.0,8.8,13.7,3.8,79.3
TURB004,FARM04,2026-01-02T10:45:00Z,2026-01-02T10:47:00Z,2790.6,9.2,14.0,3.6,79.9
TURB004,FARM04,2026-01-02T10:50:00Z,2026-01-02T10:54:00Z,2934.0,9.6,14.4,3.4,80.5
TURB004,FARM04,2026-01-02T10:55:00Z,2026-01-02T10:56:00Z,3028.1,9.9,14.7,3.2,81.0
TURB004,FARM04,2026-01-02T11:00:00Z,2026-01-02T11:03:00Z,3110.4,10.2,15.0,3.0,81.5
TURB004,FARM04,2026-01-02T11:05:00Z,2026-01-02T11:10:00Z,3147.6,10.4,15.2,2.8,82.0
TURB004,FARM04,2026-01-02T11:10:00Z,2026-01-02T11:12:00Z,3143.2,10.5,15.3,2.7,82.4
TURB004,FARM04,2026-01-02T11:15:00Z,2026-01-02T11:19:00Z,3101.5,10.5,15.3,2.6,82.7
TURB004,FARM04,2026-01-02T11:20:00Z,2026-01-02T11:21:00Z,3062.7,10.5,15.2,2.5,83.0
TURB004,FARM04,2026-01-02T11:25:00Z,2026-01-02T11:28:00Z,2994.9,10.4,15.1,2.5,83.2
TURB004,FARM04,2026-01-02T11:30:00Z,2026-01-02T11:35:00Z,2865.3,10.1,14.9,2.5,83.2
TURB004,FARM04,2026-01-02T11:35:00Z,2026-01-02T11:37:00Z,2784.2,9.9,14.7,2.5,83.4
TURB004,FARM04,2026-01-02T11:45:00Z,2026-01-02T11:46:00Z,2517.9,9.1,13.9,2.6,83.2
TURB004,FARM04,2026-01-02T11:50:00Z,2026-01-02T11:53:00Z,2402.4,8.7,13.6,2.7,83.1
TURB004,FARM04,2026-01-02T11:55:00Z,2026-01-02T12:00:00Z,2295.1,8.3,13.2,2.8,82.9
TURB004,FARM04,2026-01-02T12:00:00Z,2026-01-02T12:02:00Z,2192.3,7.9,12.8,3.0,82.8
TURB004,FARM04,2026-01-02T12:05:00Z,2026-01-02T12:09:00Z,2053.6,7.4,12.3,3.1,82.5
TURB004,FARM04,2026-01-02T12:10:00Z,2026-01-02T12:11:00Z,1982.9,7.1,12.0,3.3,82.4
TURB004,FARM04,2026-01-02T12:15:00Z,2026-01-02T12:18:00Z,1868.2,6.7,11.7,3.5,82.2
TURB004,FARM04,2026-01-02T12:20:00Z,2026-01-02T12:25:00Z,1778.5,6.4,11.4,3.6,82.0
TURB004,FARM04,2026-01-02T12:25:00Z,2026-01-02T12:27:00Z,1711.9,6.2,11.2,3.8,81.9
TURB004,FARM04,2026-01-02T12:30:00Z,2026-01-02T12:34:00Z,1667.9,6.1,11.1,3.9,81.9
TURB004,FARM04,2026-01-02T12:35:00Z,2026-01-02T12:36:00Z,1647.3,6.1,11.1,4.1,81.9
TURB004,FARM04,2026-01-02T12:40:00Z,2026-01-02T12:43:00Z,1616.2,6.1,11.1,4.2,81.9
TURB004,FARM04,2026-01-02T12:45:00Z,2026-01-02T12:50:00Z,1613.9,6.2,11.2,4.3,81.9
TURB004,FARM04,2026-01-02T12:50:00Z,2026-01-02T12:52:00Z,1680.2,6.5,11.4,4.3,82.2
TURB004,FARM04,2026-01-02T12:55:00Z,2026-01-02T12:59:00Z,1711.6,6.7,11.6,4.4,82.3
TURB004,FARM04,2026-01-02T13:00:00Z,2026-01-02T13:01:00Z,1820.2,7.1,12.0,4.4,82.5
TURB004,FARM04,2026-01-02T13:05:00Z,2026-01-02T13:08:00Z,1937.6,7.5,12.4,4.4,82.7
TURB004,FARM04,2026-01-02T13:10:00Z,2026-01-02T13:15:00Z,2102.7,8.0,12.8,4.3,83.0
TURB004,FARM04,2026-01-02T13:15:00Z,2026-01-02T13:17:00Z,2244.9,8.4,13.2,4.3,83.2
TURB004,FARM04,2026-01-02T13:20:00Z,2026-01-02T13:24:00Z,2436.5,8.9,13.6,4.2,83.4
TURB004,FARM04,2026-01-02T13:25:00Z,2026-01-02T13:26:00Z,2640.3,9.4,14.1,4.1,83.7
TURB004,FARM04,2026-01-02T13:30:00Z,2026-01-02T13:33:00Z,2853.7,9.9,14.5,4.0,83.9
TURB004,FARM04,2026-01-02T13:35:00Z,2026-01-02T13:40:00Z,3037.4,10.3,14.9,3.9,84.0
TURB004,FARM04,2026-01-02T13:40:00Z,2026-01-02T13:42:00Z,3223.2,10.7,15.3,3.8,84.1
TURB004,FARM04,2026-01-02T13:45:00Z,2026-01-02T13:49:00Z,3370.8,11.0,15.5,3.7,84.0
TURB004,FARM04,2026-01-02T13:50:00Z,2026-01-02T13:51:00Z,3476.1,11.2,15.7,3.6,83.9
TURB004,FARM04,2026-01-02T13:55:00Z,2026-01-02T13:58:00Z,3500.0,11.3,15.8,3.5,83.7
TURB004,FARM04,2026-01-02T14:00:00Z,2026-01-02T14:05:00Z,3500.0,11.4,15.9,3.3,83.5
TURB004,FARM04,2026-01-02T14:05:00Z,2026-01-02T14:07:00Z,3500.0,11.4,15.9,3.2,83.2
TURB004,FARM04,2026-01-02T14:10:00Z,2026-01-02T14:14:00Z,3500.0,11.3,15.8,3.1,82.8
TURB004,FARM04,2026-01-02T14:20:00Z,2026-01-02T14:23:00Z,3287.9,10.8,15.3,3.0,81.8
TURB004,FARM04,2026-01-02T14:25:00Z,2026-01-02T14:30:00Z,3139.2,10.5,15.0,3.0,81.3
TURB004,FARM04,2026-01-02T14:30:00Z,2026-01-02T14:32:00Z,2953.6,10.1,14.7,2.9,80.7
TURB004,FARM04,2026-01-02T14:35:00Z,2026-01-02T14:39:00Z,2771.3,9.7,14.3,2.9,80.2
TURB004,FARM04,2026-01-02T14:40:00Z,2026-01-02T14:41:00Z,2596.3,9.3,13.9,2.9,79.7
TURB004,FARM04,2026-01-02T14:45:00Z,2026-01-02T14:48:00Z,2431.9,8.9,13.5,2.9,79.2
TURB004,FARM04,2026-01-02T14:50:00Z,2026-01-02T14:55:00Z,2280.0,8.5,13.1,2.9,78.7
TURB004,FARM04,2026-01-02T14:55:00Z,2026-01-02T14:57:00Z,2141.7,8.1,12.8,2.9,78.3
TURB004,FARM04,2026-01-02T15:00:00Z,2026-01-02T15:04:00Z,2016.1,7.7,12.4,3.0,77.9
TURB004,FARM04,2026-01-02T15:05:00Z,2026-01-02T15:06:00Z,1937.6,7.4,12.1,3.0,77.7
TURB004,FARM04,2026-01-02T15:10:00Z,2026-01-02T15:13:00Z,1902.9,7.2,11.9,3.0,77.6
TURB004,FARM04,2026-01-02T15:15:00Z,2026-01-02T15:20:00Z,1908.3,7.1,11.8,3.1,77.6
TURB004,FARM04,2026-01-02T15:20:00Z,2026-01-02T15:22:00Z,1913.4,7.0,11.7,3.1,77.7
TURB004,FARM04,2026-01-02T15:25:00Z,2026-01-02T15:29:00Z,1950.1,7.0,11.7,3.2,77.9
TURB004,FARM04,2026-01-02T15:30:00Z,2026-01-02T15:31:00Z,2014.4,7.1,11.8,3.2,78.2
TURB004,FARM04,2026-01-02T15:35:00Z,2026-01-02T15:38:00Z,2103.6,7.3,12.0,3.2,78.6
TURB004,FARM04,2026-01-02T15:40:00Z,2026-01-02T15:45:00Z,2215.8,7.6,12.3,3.2,79.2
TURB004,FARM04,2026-01-02T15:45:00Z,2026-01-02T15:47:00Z,2314.5,7.9,12.6,3.3,79.8
TURB004,FARM04,2026-01-02T15:50:00Z,2026-01-02T15:54:00Z,2436.8,8.3,12.9,3.3,80.5
TURB004,FARM04,2026-01-02T15:55:00Z,2026-01-02T15:56:00Z,2548.9,8.7,13.3,3.3,81.2
TURB004,FARM04,2026-01-02T16:00:00Z,2026-01-02T16:03:00Z,2690.0,9.2,13.8,3.3,82.0
TURB004,FARM04,2026-01-02T16:05:00Z,2026-01-02T16:23:00Z,2792.3,9.6,14.1,3.3,82.7
TURB004,FARM04,2026-01-02T16:10:00Z,2026-01-02T16:12:00Z,2932.0,10.1,14.6,3.3,83.5
TURB004,FARM04,2026-01-02T16:15:00Z,2026-01-02T16:19:00Z,3041.2,10.5,15.0,3.4,84.2
TURB004,FARM04,2026-01-02T16:20:00Z,2026-01-02T16:21:00Z,3159.7,10.9,15.3,3.4,84.9
TURB004,FARM04,2026-01-02T16:25:00Z,2026-01-02T16:28:00Z,3289.9,11.3,15.7,3.4,85.6
TURB004,FARM04,2026-01-02T16:30:00Z,2026-01-02T16:35:00Z,3361.5,11.5,15.9,3.4,86.1
TURB004,FARM04,2026-01-02T16:35:00Z,2026-01-02T16:37:00Z,3446.3,11.7,16.1,3.5,86.5
TURB004,FARM04,2026-01-02T16:40:00Z,2026-01-02T16:44:00Z,3500.0,11.8,16.2,3.5,86.9
TURB004,FARM04,2026-01-02T16:45:00Z,2026-01-02T16:46:00Z,3500.0,11.9,16.3,3.5,87.2
TURB004,FARM04,2026-01-02T16:55:00Z,2026-01-02T17:00:00Z,3500.0,11.7,16.1,3.6,87.3
TURB004,FARM04,2026-01-02T17:00:00Z,2026-01-02T17:02:00Z,3500.0,11.4,15.8,3.7,87.1
TURB004,FARM04,2026-01-02T17:05:00Z,2026-01-02T17:09:00Z,3442.8,11.1,15.6,3.7,86.9
TURB004,FARM04,2026-01-02T17:10:00Z,2026-01-02T17:11:00Z,3357.3,10.8,15.3,3.7,86.6
TURB004,FARM04,2026-01-02T17:15:00Z,2026-01-02T17:18:00Z,3223.5,10.4,14.9,3.8,86.2
TURB004,FARM04,2026-01-02T17:20:00Z,2026-01-02T17:25:00Z,3040.3,9.9,14.4,3.8,85.7
TURB004,FARM04,2026-01-02T17:25:00Z,2026-01-02T17:27:00Z,2844.0,9.4,14.0,3.8,85.1
TURB004,FARM04,2026-01-02T17:30:00Z,2026-01-02T17:34:00Z,2672.4,9.0,13.6,3.8,84.6
TURB004,FARM04,2026-01-02T17:35:00Z,2026-01-02T17:36:00Z,2456.2,8.5,13.2,3.8,83.9
TURB004,FARM04,2026-01-02T17:40:00Z,2026-01-02T17:43:00Z,2271.3,8.1,12.8,3.8,83.4
TURB004,FARM04,2026-01-02T17:45:00Z,2026-01-02T17:50:00Z,2085.8,7.7,12.4,3.8,82.8
TURB004,FARM04,2026-01-02T17:50:00Z,2026-01-02T17:52:00Z,1904.0,7.3,12.1,3.7,82.1
TURB004,FARM04,2026-01-02T17:55:00Z,2026-01-02T17:59:00Z,1801.9,7.1,11.9,3.7,81.7
TURB004,FARM04,2026-01-02T18:00:00Z,2026-01-02T18:01:00Z,1710.6,6.9,11.7,3.6,81.2
TURB004,FARM04,2026-01-02T18:05:00Z,2026-01-02T18:08:00Z,1668.0,6.8,11.6,3.5,80.8
TURB004,FARM04,2026-01-02T18:10:00Z,2026-01-02T18:15:00Z,1638.9,6.7,11.5,3.4,80.4
TURB004,FARM04,2026-01-02T18:15:00Z,2026-01-02T18:17:00Z,1694.5,6.8,11.6,3.3,80.2
TURB004,FARM04,2026-01-02T18:20:00Z,2026-01-02T18:24:00Z,1760.8,6.9,11.7,3.2,80.0
TURB004,FARM04,2026-01-02T18:25:00Z,2026-01-02T18:26:00Z,1906.7,7.2,12.0,3.1,80.0
TURB004,FARM04,2026-01-02T18:30:00Z,2026-01-02T18:33:00Z,2020.2,7.4,12.2,3.0,79.8
TURB004,FARM04,2026-01-02T18:35:00Z,2026-01-02T18:40:00Z,2205.1,7.8,12.6,2.9,79.9
TURB004,FARM04,2026-01-02T18:40:00Z,2026-01-02T18:42:00Z,2385.1,8.2,12.9,2.8,80.0
TURB004,FARM04,2026-01-02T18:45:00Z,2026-01-02T18:49:00Z,2556.6,8.6,13.3,2.7,80.2
TURB004,FARM04,2026-01-02T18:50:00Z,2026-01-02T18:51:00Z,2716.6,9.0,13.7,2.7,80.3
TURB004,FARM04,2026-01-02T18:55:00Z,2026-01-02T18:58:00Z,2863.4,9.4,14.1,2.6,80.4
TURB004,FARM04,2026-01-02T19:00:00Z,2026-01-02T19:05:00Z,2997.0,9.8,14.5,2.6,80.6
TURB004,FARM04,2026-01-02T19:05:00Z,2026-01-02T19:07:00Z,3118.2,10.2,14.8,2.6,80.8
TURB004,FARM04,2026-01-02T19:10:00Z,2026-01-02T19:14:00Z,3193.4,10.5,15.1,2.6,81.0
TURB004,FARM04,2026-01-02T19:15:00Z,2026-01-02T19:16:00Z,3226.1,10.7,15.3,2.7,81.1
TURB004,FARM04,2026-01-02T19:20:00Z,2026-01-02T19:23:00Z,3256.3,10.9,15.5,2.8,81.2
TURB004,FARM04,2026-01-02T19:30:00Z,2026-01-02T19:32:00Z,3218.4,11.0,15.6,3.0,81.2
TURB004,FARM04,2026-01-02T19:35:00Z,2026-01-02T19:39:00Z,3157.8,10.9,15.5,3.1,81.1
TURB004,FARM04,2026-01-02T19:40:00Z,2026-01-02T19:41:00Z,3109.3,10.8,15.4,3.3,81.1
TURB004,FARM04,2026-01-02T19:45:00Z,2026-01-02T19:48:00Z,3002.1,10.5,15.2,3.4,80.9
TURB004,FARM04,2026-01-02T19:50:00Z,2026-01-02T19:55:00Z,2908.1,10.2,14.9,3.6,80.7
TURB004,FARM04,2026-01-02T19:55:00Z,2026-01-02T19:57:00Z,2825.9,9.9,14.6,3.8,80.5
TURB004,FARM04,2026-01-02T20:00:00Z,2026-01-02T20:04:00Z,2680.9,9.4,14.2,4.0,80.2
TURB004,FARM04,2026-01-02T20:05:00Z,2026-01-02T20:06:00Z,2577.3,9.0,13.8,4.1,80.0
TURB004,FARM04,2026-01-02T20:10:00Z,2026-01-02T20:13:00Z,2439.0,8.5,13.3,4.3,79.8
TURB004,FARM04,2026-01-02T20:15:00Z,2026-01-02T20:20:00Z,2297.7,8.0,12.9,4.4,79.5
TURB004,FARM04,2026-01-02T20:20:00Z,2026-01-02T20:22:00Z,2185.4,7.6,12.5,4.6,79.4
TURB004,FARM04,2026-01-02T20:25:00Z,2026-01-02T20:29:00Z,2026.9,7.1,12.1,4.7,79.2
TURB004,FARM04,2026-01-02T20:30:00Z,2026-01-02T20:48:00Z,1891.8,6.7,11.7,4.7,79.1
TURB004,FARM04,2026-01-02T20:35:00Z,2026-01-02T20:38:00Z,1779.3,6.4,11.4,4.8,79.1
TURB004,FARM04,2026-01-02T20:40:00Z,2026-01-02T20:45:00Z,1653.9,6.1,11.1,4.8,79.2
TURB004,FARM04,2026-01-02T20:45:00Z,2026-01-02T20:47:00Z,1553.3,5.9,11.0,4.8,79.3
TURB004,FARM04,2026-01-02T20:50:00Z,2026-01-02T20:54:00Z,1516.5,5.9,11.0,4.7,79.6
TURB004,FARM04,2026-01-02T20:55:00Z,2026-01-02T20:56:00Z,1475.3,5.9,10.9,4.6,79.9
TURB004,FARM04,2026-01-02T21:00:00Z,2026-01-02T21:03:00Z,1433.9,5.9,11.0,4.5,80.2
TURB004,FARM04,2026-01-02T21:05:00Z,2026-01-02T21:10:00Z,1432.8,6.0,11.1,4.3,80.6
TURB004,FARM04,2026-01-02T21:10:00Z,2026-01-02T21:12:00Z,1475.6,6.2,11.3,4.2,81.0
TURB004,FARM04,2026-01-02T21:15:00Z,2026-01-02T21:19:00Z,1565.4,6.5,11.5,4.0,81.6
TURB004,FARM04,2026-01-02T21:20:00Z,2026-01-02T21:21:00Z,1704.1,6.9,11.9,3.8,82.2
TURB004,FARM04,2026-01-02T21:25:00Z,2026-01-02T21:28:00Z,1856.2,7.3,12.3,3.5,82.7
TURB004,FARM04,2026-01-02T21:30:00Z,2026-01-02T21:35:00Z,2021.0,7.7,12.7,3.3,83.3
TURB004,FARM04,2026-01-02T21:35:00Z,2026-01-02T21:37:00Z,2232.1,8.2,13.1,3.1,83.9
TURB004,FARM04,2026-01-02T21:40:00Z,2026-01-02T21:44:00Z,2414.5,8.6,13.5,2.9,84.4
TURB004,FARM04,2026-01-02T21:45:00Z,2026-01-02T21:46:00Z,2636.2,9.1,14.0,2.8,84.9
TURB004,FARM04,2026-01-02T21:50:00Z,2026-01-02T21:53:00Z,2820.8,9.5,14.3,2.6,85.3
TURB004,FARM04,2026-01-02T21:55:00Z,2026-01-02T22:00:00Z,2964.2,9.8,14.6,2.5,85.6
TURB004,FARM04,2026-01-02T22:05:00Z,2026-01-02T22:09:00Z,3185.4,10.3,15.1,2.3,85.9
TURB004,FARM04,2026-01-02T22:10:00Z,2026-01-02T22:11:00Z,3259.0,10.5,15.2,2.3,86.0
TURB004,FARM04,2026-01-02T22:15:00Z,2026-01-02T22:18:00Z,3247.3,10.5,15.3,2.3,85.8
TURB004,FARM04,2026-01-02T22:20:00Z,2026-01-02T22:25:00Z,3223.4,10.5,15.3,2.4,85.6
TURB004,FARM04,2026-01-02T22:25:00Z,2026-01-02T22:27:00Z,3153.9,10.4,15.2,2.5,85.3
TURB004,FARM04,2026-01-02T22:30:00Z,2026-01-02T22:34:00Z,3042.2,10.2,15.0,2.6,84.8
TURB004,FARM04,2026-01-02T22:35:00Z,2026-01-02T22:36:00Z,2892.4,9.9,14.7,2.7,84.2
TURB004,FARM04,2026-01-02T22:40:00Z,2026-01-02T22:43:00Z,2744.8,9.6,14.4,2.9,83.6
TURB004,FARM04,2026-01-02T22:45:00Z,2026-01-02T22:50:00Z,2567.6,9.2,14.0,3.1,82.9
TURB004,FARM04,2026-01-02T22:50:00Z,2026-01-02T22:52:00Z,2400.1,8.8,13.7,3.3,82.2
TURB004,FARM04,2026-01-02T22:55:00Z,2026-01-02T22:59:00Z,2244.8,8.4,13.3,3.5,81.5
TURB004,FARM04,2026-01-02T23:00:00Z,2026-01-02T23:01:00Z,2102.9,8.0,12.9,3.7,80.8
TURB004,FARM04,2026-01-02T23:05:00Z,2026-01-02T23:08:00Z,1938.1,7.5,12.4,4.0,80.0
TURB004,FARM04,2026-01-02T23:10:00Z,2026-01-02T23:15:00Z,1820.9,7.1,12.1,4.2,79.3
TURB004,FARM04,2026-01-02T23:15:00Z,2026-01-02T23:17:00Z,1748.5,6.8,11.8,4.4,78.7
TURB004,FARM04,2026-01-02T23:20:00Z,2026-01-02T23:24:00Z,1681.2,6.5,11.5,4.5,78.1
TURB004,FARM04,2026-01-02T23:25:00Z,2026-01-02T23:26:00Z,1650.8,6.3,11.3,4.7,77.6
TURB004,FARM04,2026-01-02T23:30:00Z,2026-01-02T23:33:00Z,1617.1,6.1,11.1,4.8,77.2
TURB004,FARM04,2026-01-02T23:35:00Z,2026-01-02T23:40:00Z,1611.9,6.0,11.0,4.9,76.9
TURB004,FARM04,2026-01-02T23:40:00Z,2026-01-02T23:42:00Z,1668.3,6.1,11.1,4.9,76.8
TURB004,FARM04,2026-01-02T23:45:00Z,2026-01-02T23:49:00Z,1712.0,6.2,11.2,4.9,76.7
TURB004,FARM04,2026-01-02T23:50:00Z,2026-01-02T23:51:00Z,1742.2,6.3,11.3,4.9,76.7
TURB004,FARM04,2026-01-02T23:55:00Z,2026-01-02T23:58:00Z,1831.6,6.6,11.6,4.8,76.9
TURB005,FARM05,2026-01-01T00:00:00Z,2026-01-01T00:01:00Z,1859.8,7.0,12.0,4.1,82.3
TURB005,FARM05,2026-01-01T00:05:00Z,2026-01-01T00:08:00Z,1757.5,6.6,11.6,4.0,81.7
TURB005,FARM05,2026-01-01T00:10:00Z,2026-01-01T00:15:00Z,1687.9,6.3,11.3,4.0,81.2
TURB005,FARM05,2026-01-01T00:15:00Z,2026-01-01T00:17:00Z,1611.1,6.0,11.1,3.9,80.6
TURB005,FARM05,2026-01-01T00:20:00Z,2026-01-01T00:24:00Z,1595.8,5.9,11.0,3.8,80.2
TURB005,FARM05,2026-01-01T00:25:00Z,2026-01-01T00:43:00Z,1603.9,5.9,11.0,3.7,79.9
TURB005,FARM05,2026-01-01T00:30:00Z,2026-01-01T00:33:00Z,1598.6,5.9,10.9,3.6,79.6
TURB005,FARM05,2026-01-01T00:35:00Z,2026-01-01T00:40:00Z,1580.4,5.9,11.0,3.5,79.3
TURB005,FARM05,2026-01-01T00:40:00Z,2026-01-01T00:42:00Z,1623.2,6.1,11.1,3.4,79.2
TURB005,FARM05,2026-01-01T00:45:00Z,2026-01-01T00:49:00Z,1694.0,6.4,11.4,3.3,79.2
TURB005,FARM05,2026-01-01T00:50:00Z,2026-01-01T00:51:00Z,1760.7,6.7,11.7,3.2,79.2
TURB005,FARM05,2026-01-01T00:55:00Z,2026-01-01T00:58:00Z,1863.5,7.1,12.1,3.1,79.3
TURB005,FARM05,2026-01-01T01:00:00Z,2026-01-01T01:05:00Z,1970.7,7.5,12.4,3.0,79.4
TURB005,FARM05,2026-01-01T01:05:00Z,2026-01-01T01:07:00Z,2122.1,8.0,12.9,2.9,79.6
TURB005,FARM05,2026-01-01T01:10:00Z,2026-01-01T01:14:00Z,2284.7,8.5,13.3,2.8,79.8
TURB005,FARM05,2026-01-01T01:20:00Z,2026-01-01T01:23:00Z,2613.1,9.4,14.2,2.7,80.3
TURB005,FARM05,2026-01-01T01:25:00Z,2026-01-01T01:30:00Z,2778.6,9.8,14.5,2.7,80.5
TURB005,FARM05,2026-01-01T01:30:00Z,2026-01-01T01:32:00Z,2954.3,10.2,14.9,2.7,80.7
TURB005,FARM05,2026-01-01T01:35:00Z,2026-01-01T01:39:00Z,3101.1,10.5,15.2,2.7,80.9
TURB005,FARM05,2026-01-01T01:40:00Z,2026-01-01T01:41:00Z,3250.8,10.8,15.4,2.8,81.1
TURB005,FARM05,2026-01-01T01:45:00Z,2026-01-01T01:48:00Z,3327.2,10.9,15.5,2.9,81.1
TURB005,FARM05,2026-01-01T01:50:00Z,2026-01-01T01:55:00Z,3398.1,11.0,15.6,3.0,81.2
TURB005,FARM05,2026-01-01T01:55:00Z,2026-01-01T01:57:00Z,3423.9,11.0,15.6,3.1,81.2
TURB005,FARM05,2026-01-01T02:00:00Z,2026-01-01T02:04:00Z,3401.9,10.9,15.5,3.2,81.2
TURB005,FARM05,2026-01-01T02:05:00Z,2026-01-01T02:06:00Z,3366.7,10.8,15.4,3.4,81.1
TURB005,FARM05,2026-01-01T02:10:00Z,2026-01-01T02:13:00Z,3246.1,10.5,15.1,3.5,81.0
TURB005,FARM05,2026-01-01T02:15:00Z,2026-01-01T02:20:00Z,3113.6,10.2,14.8,3.7,80.8
TURB005,FARM05,2026-01-01T02:20:00Z,2026-01-01T02:22:00Z,2971.6,9.9,14.5,3.8,80.7
TURB005,FARM05,2026-01-01T02:25:00Z,2026-01-01T02:29:00Z,2787.6,9.5,14.2,4.0,80.5
TURB005,FARM05,2026-01-01T02:30:00Z,2026-01-01T02:31:00Z,2601.8,9.1,13.8,4.2,80.4
TURB005,FARM05,2026-01-01T02:35:00Z,2026-01-01T02:38:00Z,2382.5,8.6,13.3,4.3,80.1
TURB005,FARM05,2026-01-01T02:40:00Z,2026-01-01T02:45:00Z,2205.8,8.2,13.0,4.4,80.0
TURB005,FARM05,2026-01-01T02:45:00Z,2026-01-01T02:47:00Z,2039.0,7.8,12.6,4.5,79.9
TURB005,FARM05,2026-01-01T02:50:00Z,2026-01-01T02:54:00Z,1920.5,7.5,12.3,4.6,79.9
TURB005,FARM05,2026-01-01T02:55:00Z,2026-01-01T02:56:00Z,1815.5,7.2,12.0,4.6,79.9
TURB005,FARM05,2026-01-01T03:00:00Z,2026-01-01T03:03:00Z,1759.5,7.0,11.8,4.6,80.0
TURB005,FARM05,2026-01-01T03:05:00Z,2026-01-01T03:10:00Z,1714.9,6.8,11.6,4.6,80.1
TURB005,FARM05,2026-01-01T03:10:00Z,2026-01-01T03:12:00Z,1750.9,6.8,11.6,4.5,80.5
TURB005,FARM05,2026-01-01T03:15:00Z,2026-01-01T03:19:00Z,1791.8,6.8,11.6,4.4,80.8
TURB005,FARM05,2026-01-01T03:20:00Z,2026-01-01T03:21:00Z,1869.4,6.9,11.7,4.2,81.2
TURB005,FARM05,2026-01-01T03:25:00Z,2026-01-01T03:28:00Z,1979.2,7.1,11.9,4.1,81.6
TURB005,FARM05,2026-01-01T03:30:00Z,2026-01-01T03:35:00Z,2081.5,7.3,12.1,3.9,82.1
TURB005,FARM05,2026-01-01T03:35:00Z,2026-01-01T03:37:00Z,2209.1,7.6,12.3,3.7,82.6
TURB005,FARM05,2026-01-01T03:40:00Z,2026-01-01T03:44:00Z,2360.0,8.0,12.7,3.5,83.2
TURB005,FARM05,2026-01-01T03:45:00Z,2026-01-01T03:46:00Z,2533.4,8.5,13.1,3.3,83.9
TURB005,FARM05,2026-01-01T03:55:00Z,2026-01-01T04:00:00Z,2808.0,9.4,14.0,2.9,85.1
TURB005,FARM05,2026-01-01T04:00:00Z,2026-01-01T04:02:00Z,2950.2,9.9,14.4,2.7,85.6
TURB005,FARM05,2026-01-01T04:05:00Z,2026-01-01T04:09:00Z,3052.7,10.3,14.8,2.5,86.1
TURB005,FARM05,2026-01-01T04:10:00Z,2026-01-01T04:11:00Z,3155.7,10.7,15.2,2.3,86.5
TURB005,FARM05,2026-01-01T04:15:00Z,2026-01-01T04:18:00Z,3263.6,11.1,15.5,2.2,86.9
TURB005,FARM05,2026-01-01T04:20:00Z,2026-01-01T04:25:00Z,3343.9,11.4,15.8,2.1,87.1
TURB005,FARM05,2026-01-01T04:25:00Z,2026-01-01T04:27:00Z,3399.7,11.6,16.0,2.0,87.2
TURB005,FARM05,2026-01-01T04:30:00Z,2026-01-01T04:34:00Z,3468.5,11.8,16.2,2.0,87.3
TURB005,FARM05,2026-01-01T04:35:00Z,2026-01-01T04:36:00Z,3500.0,11.9,16.3,2.0,87.2
TURB005,FARM05,2026-01-01T04:40:00Z,2026-01-01T04:43:00Z,3500.0,11.9,16.3,2.0,87.0
TURB005,FARM05,2026-01-01T04:45:00Z,2026-01-01T04:50:00Z,3497.8,11.7,16.1,2.1,86.6
TURB005,FARM05,2026-01-01T04:50:00Z,2026-01-01T05:08:00Z,3500.0,11.6,16.0,2.2,86.2
TURB005,FARM05,2026-01-01T04:55:00Z,2026-01-01T04:59:00Z,3434.8,11.3,15.7,2.4,85.7
TURB005,FARM05,2026-01-01T05:00:00Z,2026-01-01T05:01:00Z,3366.8,11.0,15.4,2.6,85.1
TURB005,FARM05,2026-01-01T05:05:00Z,2026-01-01T05:08:00Z,3257.0,10.6,15.1,2.8,84.4
TURB005,FARM05,2026-01-01T05:10:00Z,2026-01-01T05:15:00Z,3137.8,10.2,14.7,3.0,83.7
TURB005,FARM05,2026-01-01T05:15:00Z,2026-01-01T05:17:00Z,2970.5,9.7,14.2,3.2,82.8
TURB005,FARM05,2026-01-01T05:20:00Z,2026-01-01T05:24:00Z,2790.0,9.2,13.8,3.4,82.0
TURB005,FARM05,2026-01-01T05:25:00Z,2026-01-01T05:26:00Z,2632.3,8.8,13.4,3.7,81.3
TURB005,FARM05,2026-01-01T05:30:00Z,2026-01-01T05:33:00Z,2462.7,8.4,13.0,3.9,80.6
TURB005,FARM05,2026-01-01T05:35:00Z,2026-01-01T05:40:00Z,2284.0,8.0,12.6,4.1,79.9
TURB005,FARM05,2026-01-01T05:40:00Z,2026-01-01T05:42:00Z,2099.7,7.6,12.3,4.3,79.2
TURB005,FARM05,2026-01-01T05:45:00Z,2026-01-01T05:49:00Z,1985.9,7.4,12.1,4.4,78.7
TURB005,FARM05,2026-01-01T05:50:00Z,2026-01-01T05:51:00Z,1875.1,7.2,11.9,4.5,78.3
TURB005,FARM05,2026-01-01T05:55:00Z,2026-01-01T05:58:00Z,1771.2,7.0,11.7,4.6,77.9
TURB005,FARM05,2026-01-01T06:00:00Z,2026-01-01T06:05:00Z,1749.5,7.0,11.7,4.7,77.7
TURB005,FARM05,2026-01-01T06:05:00Z,2026-01-01T06:07:00Z,1776.2,7.1,11.8,4.7,77.6
TURB005,FARM05,2026-01-01T06:10:00Z,2026-01-01T06:14:00Z,1816.4,7.2,11.9,4.6,77.6
TURB005,FARM05,2026-01-01T06:15:00Z,2026-01-01T06:16:00Z,1905.6,7.4,12.1,4.6,77.7
TURB005,FARM05,2026-01-01T06:20:00Z,2026-01-01T06:23:00Z,2042.0,7.7,12.4,4.5,77.9
TURB005,FARM05,2026-01-01T06:30:00Z,2026-01-01T06:32:00Z,2371.8,8.4,13.1,4.2,78.6
TURB005,FARM05,2026-01-01T06:35:00Z,2026-01-01T06:39:00Z,2557.2,8.8,13.4,4.0,79.1
TURB005,FARM05,2026-01-01T06:40:00Z,2026-01-01T06:41:00Z,2738.5,9.2,13.8,3.9,79.5
TURB005,FARM05,2026-01-01T06:45:00Z,2026-01-01T06:48:00Z,2947.9,9.7,14.3,3.6,80.2
TURB005,FARM05,2026-01-01T06:50:00Z,2026-01-01T06:55:00Z,3110.4,10.1,14.7,3.4,80.7
TURB005,FARM05,2026-01-01T06:55:00Z,2026-01-01T06:57:00Z,3224.0,10.4,15.0,3.2,81.2
TURB005,FARM05,2026-01-01T07:00:00Z,2026-01-01T07:04:00Z,3360.1,10.8,15.3,3.0,81.8
TURB005,FARM05,2026-01-01T07:05:00Z,2026-01-01T07:06:00Z,3411.6,11.0,15.5,2.9,82.2
TURB005,FARM05,2026-01-01T07:10:00Z,2026-01-01T07:13:00Z,3452.6,11.2,15.7,2.7,82.7
TURB005,FARM05,2026-01-01T07:15:00Z,2026-01-01T07:20:00Z,3486.4,11.4,15.9,2.5,83.2
TURB005,FARM05,2026-01-01T07:20:00Z,2026-01-01T07:22:00Z,3444.7,11.4,15.9,2.4,83.5
TURB005,FARM05,2026-01-01T07:25:00Z,2026-01-01T07:29:00Z,3368.0,11.3,15.8,2.4,83.7
TURB005,FARM05,2026-01-01T07:30:00Z,2026-01-01T07:31:00Z,3296.5,11.2,15.7,2.3,83.9
TURB005,FARM05,2026-01-01T07:35:00Z,2026-01-01T07:38:00Z,3197.9,11.0,15.6,2.3,84.0
TURB005,FARM05,2026-01-01T07:40:00Z,2026-01-01T07:45:00Z,3074.8,10.7,15.3,2.3,84.0
TURB005,FARM05,2026-01-01T07:45:00Z,2026-01-01T07:47:00Z,2928.9,10.3,14.9,2.4,83.9
TURB005,FARM05,2026-01-01T07:50:00Z,2026-01-01T07:54:00Z,2796.3,9.9,14.6,2.4,83.8
TURB005,FARM05,2026-01-01T07:55:00Z,2026-01-01T07:56:00Z,2675.9,9.5,14.2,2.5,83.7
TURB005,FARM05,2026-01-01T08:00:00Z,2026-01-01T08:03:00Z,2529.3,9.0,13.7,2.7,83.5
TURB005,FARM05,2026-01-01T08:05:00Z,2026-01-01T08:10:00Z,2388.9,8.5,13.3,2.8,83.3
TURB005,FARM05,2026-01-01T08:10:00Z,2026-01-01T08:12:00Z,2250.7,8.0,12.8,3.0,83.0
TURB005,FARM05,2026-01-01T08:15:00Z,2026-01-01T08:19:00Z,2146.4,7.6,12.4,3.1,82.8
TURB005,FARM05,2026-01-01T08:20:00Z,2026-01-01T08:21:00Z,1999.8,7.1,12.0,3.3,82.5
TURB005,FARM05,2026-01-01T08:25:00Z,2026-01-01T08:28:00Z,1915.5,6.8,11.7,3.5,82.3
TURB005,FARM05,2026-01-01T08:30:00Z,2026-01-01T08:35:00Z,1819.1,6.5,11.4,3.7,82.2
TURB005,FARM05,2026-01-01T08:35:00Z,2026-01-01T08:37:00Z,1745.3,6.3,11.3,3.8,82.0
TURB005,FARM05,2026-01-01T08:40:00Z,2026-01-01T08:44:00Z,1658.4,6.1,11.1,4.0,81.9
TURB005,FARM05,2026-01-01T08:45:00Z,2026-01-01T08:46:00Z,1631.8,6.1,11.1,4.1,81.9
TURB005,FARM05,2026-01-01T08:50:00Z,2026-01-01T08:53:00Z,1596.3,6.1,11.1,4.2,81.9
TURB005,FARM05,2026-01-01T08:55:00Z,2026-01-01T09:00:00Z,1591.7,6.2,11.2,4.3,81.9
TURB005,FARM05,2026-01-01T09:00:00Z,2026-01-01T09:02:00Z,1622.1,6.4,11.4,4.4,82.0
TURB005,FARM05,2026-01-01T09:05:00Z,2026-01-01T09:09:00Z,1691.7,6.7,11.7,4.4,82.2
TURB005,FARM05,2026-01-01T09:10:00Z,2026-01-01T09:11:00Z,1768.6,7.0,12.0,4.5,82.3
TURB005,FARM05,2026-01-01T09:15:00Z,2026-01-01T09:33:00Z,1892.0,7.4,12.3,4.4,82.5
TURB005,FARM05,2026-01-01T09:20:00Z,2026-01-01T09:25:00Z,2028.1,7.8,12.7,4.4,82.7
TURB005,FARM05,2026-01-01T09:25:00Z,2026-01-01T09:27:00Z,2177.5,8.2,13.1,4.4,82.9
TURB005,FARM05,2026-01-01T09:30:00Z,2026-01-01T09:34:00Z,2375.9,8.7,13.6,4.3,83.1
TURB005,FARM05,2026-01-01T09:35:00Z,2026-01-01T09:36:00Z,2549.2,9.1,13.9,4.2,83.2
TURB005,FARM05,2026-01-01T09:40:00Z,2026-01-01T09:43:00Z,2730.4,9.5,14.3,4.1,83.3
TURB005,FARM05,2026-01-01T09:45:00Z,2026-01-01T09:50:00Z,2879.8,9.8,14.6,4.0,83.3
TURB005,FARM05,2026-01-01T09:50:00Z,2026-01-01T09:52:00Z,3028.9,10.1,14.9,3.9,83.3
TURB005,FARM05,2026-01-01T09:55:00Z,2026-01-01T09:59:00Z,3137.7,10.3,15.1,3.8,83.2
TURB005,FARM05,2026-01-01T10:00:00Z,2026-01-01T10:01:00Z,3238.2,10.5,15.2,3.7,83.0
TURB005,FARM05,2026-01-01T10:05:00Z,2026-01-01T10:08:00Z,3255.5,10.5,15.3,3.6,82.7
TURB005,FARM05,2026-01-01T10:10:00Z,2026-01-01T10:15:00Z,3259.8,10.5,15.3,3.5,82.4
TURB005,FARM05,2026-01-01T10:15:00Z,2026-01-01T10:17:00Z,3214.7,10.4,15.2,3.4,82.0
TURB005,FARM05,2026-01-01T10:20:00Z,2026-01-01T10:24:00Z,3121.1,10.2,15.0,3.3,81.6
TURB005,FARM05,2026-01-01T10:25:00Z,2026-01-01T10:26:00Z,2981.3,9.9,14.7,3.3,81.0
TURB005,FARM05,2026-01-01T10:30:00Z,2026-01-01T10:33:00Z,2834.5,9.6,14.4,3.2,80.5
TURB005,FARM05,2026-01-01T10:35:00Z,2026-01-01T10:40:00Z,2648.7,9.2,14.1,3.2,79.9
TURB005,FARM05,2026-01-01T10:40:00Z,2026-01-01T10:42:00Z,2464.4,8.8,13.7,3.2,79.3
TURB005,FARM05,2026-01-01T10:45:00Z,2026-01-01T10:49:00Z,2285.6,8.4,13.3,3.2,78.8
TURB005,FARM05,2026-01-01T10:50:00Z,2026-01-01T10:51:00Z,2079.9,7.9,12.9,3.2,78.2
TURB005,FARM05,2026-01-01T10:55:00Z,2026-01-01T10:58:00Z,1922.0,7.5,12.5,3.2,77.7
TURB005,FARM05,2026-01-01T11:00:00Z,2026-01-01T11:05:00Z,1777.4,7.1,12.1,3.2,77.3
TURB005,FARM05,2026-01-01T11:05:00Z,2026-01-01T11:07:00Z,1646.1,6.7,11.7,3.2,76.9
TURB005,FARM05,2026-01-01T11:10:00Z,2026-01-01T11:14:00Z,1562.7,6.4,11.4,3.3,76.6
TURB005,FARM05,2026-01-01T11:15:00Z,2026-01-01T11:16:00Z,1488.8,6.1,11.2,3.3,76.4
TURB005,FARM05,2026-01-01T11:20:00Z,2026-01-01T11:23:00Z,1456.8,5.9,11.0,3.3,76.3
TURB005,FARM05,2026-01-01T11:25:00Z,2026-01-01T11:30:00Z,1498.6,5.9,11.0,3.4,76.5
TURB005,FARM05,2026-01-01T11:30:00Z,2026-01-01T11:32:00Z,1537.9,5.9,10.9,3.4,76.7
TURB005,FARM05,2026-01-01T11:35:00Z,2026-01-01T11:39:00Z,1570.5,5.9,11.0,3.4,76.9
TURB005,FARM05,2026-01-01T11:40:00Z,2026-01-01T11:41:00Z,1629.2,6.0,11.1,3.5,77.2
TURB005,FARM05,2026-01-01T11:45:00Z,2026-01-01T11:48:00Z,1711.5,6.2,11.2,3.5,77.7
TURB005,FARM05,2026-01-01T11:50:00Z,2026-01-01T11:55:00Z,1852.4,6.6,11.6,3.5,78.3
TURB005,FARM05,2026-01-01T11:55:00Z,2026-01-01T11:57:00Z,1944.3,6.9,11.9,3.5,78.9
TURB005,FARM05,2026-01-01T12:00:00Z,2026-01-01T12:04:00Z,2096.8,7.4,12.3,3.5,79.7
TURB005,FARM05,2026-01-01T12:05:00Z,2026-01-01T12:06:00Z,2204.7,7.8,12.7,3.6,80.4
TURB005,FARM05,2026-01-01T12:10:00Z,2026-01-01T12:13:00Z,2343.7,8.3,13.2,3.6,81.3
TURB005,FARM05,2026-01-01T12:15:00Z,2026-01-01T12:20:00Z,2482.2,8.8,13.6,3.6,82.1
TURB005,FARM05,2026-01-01T12:20:00Z,2026-01-01T12:22:00Z,2588.4,9.2,14.0,3.6,82.8
TURB005,FARM05,2026-01-01T12:25:00Z,2026-01-01T12:29:00Z,2738.2,9.7,14.4,3.6,83.6
TURB005,FARM05,2026-01-01T12:30:00Z,2026-01-01T12:31:00Z,2862.7,10.1,14.8,3.6,84.3
TURB005,FARM05,2026-01-01T12:35:00Z,2026-01-01T12:38:00Z,2964.0,10.4,15.1,3.6,84.9
TURB005,FARM05,2026-01-01T12:40:00Z,2026-01-01T12:45:00Z,3078.7,10.7,15.4,3.7,85.4
TURB005,FARM05,2026-01-01T12:45:00Z,2026-01-01T12:47:00Z,3170.2,10.9,15.5,3.7,85.9
TURB005,FARM05,2026-01-01T12:50:00Z,2026-01-01T12:54:00Z,3236.4,11.0,15.6,3.7,86.2
TURB005,FARM05,2026-01-01T12:55:00Z,2026-01-01T12:56:00Z,3274.2,11.0,15.6,3.8,86.4
TURB005,FARM05,2026-01-01T13:00:00Z,2026-01-01T13:03:00Z,3279.8,10.9,15.5,3.8,86.4
TURB005,FARM05,2026-01-01T13:05:00Z,2026-01-01T13:10:00Z,3284.7,10.8,15.4,3.8,86.4
TURB005,FARM05,2026-01-01T13:10:00Z,2026-01-01T13:12:00Z,3248.8,10.6,15.2,3.8,86.3
TURB005,FARM05,2026-01-01T13:15:00Z,2026-01-01T13:19:00Z,3168.3,10.3,14.9,3.9,86.1
TURB005,FARM05,2026-01-01T13:20:00Z,2026-01-01T13:21:00Z,3040.4,9.9,14.6,3.9,85.7
TURB005,FARM05,2026-01-01T13:25:00Z,2026-01-01T13:28:00Z,2899.5,9.5,14.2,3.9,85.3
TURB005,FARM05,2026-01-01T13:30:00Z,2026-01-01T13:35:00Z,2745.1,9.1,13.8,3.9,84.8
TURB005,FARM05,2026-01-01T13:35:00Z,2026-01-01T13:37:00Z,2578.5,8.7,13.4,3.9,84.3
TURB005,FARM05,2026-01-01T13:40:00Z,2026-01-01T13:58:00Z,2401.8,8.3,13.1,3.9,83.8
TURB005,FARM05,2026-01-01T13:45:00Z,2026-01-01T13:46:00Z,2218.6,7.9,12.7,3.9,83.2
TURB005,FARM05,2026-01-01T13:50:00Z,2026-01-01T13:53:00Z,2032.8,7.5,12.3,3.9,82.7
TURB005,FARM05,2026-01-01T13:55:00Z,2026-01-01T14:00:00Z,1884.8,7.2,12.0,3.8,82.1
TURB005,FARM05,2026-01-01T14:00:00Z,2026-01-01T14:02:00Z,1778.7,7.0,11.8,3.7,81.7
TURB005,FARM05,2026-01-01T14:05:00Z,2026-01-01T14:09:00Z,1682.0,6.8,11.6,3.7,81.2
TURB005,FARM05,2026-01-01T14:10:00Z,2026-01-01T14:11:00Z,1633.4,6.7,11.5,3.6,80.8
TURB005,FARM05,2026-01-01T14:15:00Z,2026-01-01T14:18:00Z,1634.0,6.7,11.5,3.5,80.5
TURB005,FARM05,2026-01-01T14:20:00Z,2026-01-01T14:25:00Z,1683.9,6.8,11.6,3.4,80.3
TURB005,FARM05,2026-01-01T14:25:00Z,2026-01-01T14:27:00Z,1781.6,7.0,11.8,3.2,80.2
TURB005,FARM05,2026-01-01T14:30:00Z,2026-01-01T14:34:00Z,1888.4,7.2,12.0,3.1,80.1
TURB005,FARM05,2026-01-01T14:35:00Z,2026-01-01T14:36:00Z,2036.8,7.5,12.2,3.0,80.1
TURB005,FARM05,2026-01-01T14:40:00Z,2026-01-01T14:43:00Z,2222.5,7.9,12.6,2.9,80.2
TURB005,FARM05,2026-01-01T14:45:00Z,2026-01-01T14:50:00Z,2405.3,8.3,13.0,2.8,80.3
TURB005,FARM05,2026-01-01T14:50:00Z,2026-01-01T14:52:00Z,2617.1,8.8,13.4,2.7,80.5
TURB005,FARM05,2026-01-01T14:55:00Z,2026-01-01T14:59:00Z,2782.7,9.2,13.8,2.6,80.6
TURB005,FARM05,2026-01-01T15:00:00Z,2026-01-01T15:01:00Z,2971.8,9.7,14.3,2.5,80.9
TURB005,FARM05,2026-01-01T15:05:00Z,2026-01-01T15:08:00Z,3147.5,10.2,14.7,2.5,81.1
TURB005,FARM05,2026-01-01T15:10:00Z,2026-01-01T15:15:00Z,3274.1,10.6,15.1,2.5,81.3
TURB005,FARM05,2026-01-01T15:15:00Z,2026-01-01T15:17:00Z,3389.6,11.0,15.5,2.5,81.6
TURB005,FARM05,2026-01-01T15:20:00Z,2026-01-01T15:24:00Z,3460.9,11.3,15.7,2.5,81.7
TURB005,FARM05,2026-01-01T15:25:00Z,2026-01-01T15:26:00Z,3500.0,11.6,16.0,2.5,81.9
TURB005,FARM05,2026-01-01T15:35:00Z,2026-01-01T15:40:00Z,3500.0,11.8,16.2,2.7,82.0
TURB005,FARM05,2026-01-01T15:40:00Z,2026-01-01T15:42:00Z,3500.0,11.9,16.3,2.8,82.1
TURB005,FARM05,2026-01-01T15:45:00Z,2026-01-01T15:49:00Z,3473.5,11.8,16.2,3.0,82.0
TURB005,FARM05,2026-01-01T15:50:00Z,2026-01-01T15:51:00Z,3396.1,11.6,16.0,3.1,81.9
TURB005,FARM05,2026-01-01T15:55:00Z,2026-01-01T15:58:00Z,3332.0,11.4,15.8,3.3,81.8
TURB005,FARM05,2026-01-01T16:00:00Z,2026-01-01T16:05:00Z,3244.7,11.1,15.5,3.5,81.7
TURB005,FARM05,2026-01-01T16:05:00Z,2026-01-01T16:07:00Z,3131.7,10.7,15.2,3.6,81.4
TURB005,FARM05,2026-01-01T16:10:00Z,2026-01-01T16:14:00Z,3026.1,10.3,14.8,3.8,81.2
TURB005,FARM05,2026-01-01T16:15:00Z,2026-01-01T16:16:00Z,2887.7,9.8,14.3,4.0,81.0
TURB005,FARM05,2026-01-01T16:20:00Z,2026-01-01T16:23:00Z,2784.4,9.4,13.9,4.1,80.8
TURB005,FARM05,2026-01-01T16:25:00Z,2026-01-01T16:30:00Z,2639.8,8.9,13.5,4.2,80.6
TURB005,FARM05,2026-01-01T16:30:00Z,2026-01-01T16:32:00Z,2522.4,8.5,13.1,4.3,80.5
TURB005,FARM05,2026-01-01T16:35:00Z,2026-01-01T16:39:00Z,2393.3,8.1,12.7,4.4,80.4
TURB005,FARM05,2026-01-01T16:40:00Z,2026-01-01T16:41:00Z,2251.1,7.7,12.4,4.5,80.3
TURB005,FARM05,2026-01-01T16:45:00Z,2026-01-01T16:48:00Z,2131.5,7.4,12.1,4.5,80.3
TURB005,FARM05,2026-01-01T16:50:00Z,2026-01-01T16:55:00Z,2035.8,7.2,11.9,4.5,80.4
TURB005,FARM05,2026-01-01T16:55:00Z,2026-01-01T16:57:00Z,1966.3,7.1,11.8,4.4,80.7
TURB005,FARM05,2026-01-01T17:00:00Z,2026-01-01T17:04:00Z,1890.7,7.0,11.7,4.4,80.9
TURB005,FARM05,2026-01-01T17:05:00Z,2026-01-01T17:06:00Z,1884.9,7.1,11.8,4.2,81.3
TURB005,FARM05,2026-01-01T17:10:00Z,2026-01-01T17:13:00Z,1881.2,7.2,11.9,4.1,81.6
TURB005,FARM05,2026-01-01T17:15:00Z,2026-01-01T17:20:00Z,1919.9,7.4,12.1,3.9,82.1
TURB005,FARM05,2026-01-01T17:20:00Z,2026-01-01T17:22:00Z,1968.3,7.6,12.3,3.8,82.5
TURB005,FARM05,2026-01-01T17:25:00Z,2026-01-01T17:29:00Z,2064.9,7.9,12.6,3.6,83.1
TURB005,FARM05,2026-01-01T17:30:00Z,2026-01-01T17:31:00Z,2210.8,8.3,13.0,3.4,83.7
TURB005,FARM05,2026-01-01T17:35:00Z,2026-01-01T17:38:00Z,2369.9,8.7,13.3,3.2,84.2
TURB005,FARM05,2026-01-01T17:40:00Z,2026-01-01T17:45:00Z,2540.6,9.1,13.7,3.0,84.7
TURB005,FARM05,2026-01-01T17:45:00Z,2026-01-01T17:47:00Z,2756.1,9.6,14.2,2.8,85.3
TURB005,FARM05,2026-01-01T17:50:00Z,2026-01-01T17:54:00Z,2940.7,10.0,14.6,2.6,85.8
TURB005,FARM05,2026-01-01T17:55:00Z,2026-01-01T17:56:00Z,3126.4,10.4,14.9,2.4,86.2
TURB005,FARM05,2026-01-01T18:00:00Z,2026-01-01T18:03:00Z,3272.7,10.7,15.2,2.3,86.5
TURB005,FARM05,2026-01-01T18:10:00Z,2026-01-01T18:12:00Z,3500.0,11.2,15.7,2.1,86.8
TURB005,FARM05,2026-01-01T18:15:00Z,2026-01-01T18:19:00Z,3500.0,11.4,15.9,2.1,86.9
TURB005,FARM05,2026-01-01T18:20:00Z,2026-01-01T18:21:00Z,3500.0,11.4,15.9,2.1,86.8
TURB005,FARM05,2026-01-01T18:25:00Z,2026-01-01T18:28:00Z,3500.0,11.4,15.9,2.1,86.6
TURB005,FARM05,2026-01-01T18:30:00Z,2026-01-01T18:35:00Z,3494.5,11.3,15.8,2.2,86.3
TURB005,FARM05,2026-01-01T18:35:00Z,2026-01-01T18:37:00Z,3385.1,11.1,15.6,2.3,85.8
TURB005,FARM05,2026-01-01T18:40:00Z,2026-01-01T18:44:00Z,3235.8,10.8,15.4,2.5,85.3
TURB005,FARM05,2026-01-01T18:45:00Z,2026-01-01T18:46:00Z,3086.6,10.5,15.1,2.6,84.7
TURB005,FARM05,2026-01-01T18:50:00Z,2026-01-01T18:53:00Z,2906.0,10.1,14.7,2.8,84.0
TURB005,FARM05,2026-01-01T18:55:00Z,2026-01-01T19:00:00Z,2697.6,9.6,14.3,3.1,83.2
TURB005,FARM05,2026-01-01T19:00:00Z,2026-01-01T19:02:00Z,2536.4,9.2,13.9,3.3,82.5
TURB005,FARM05,2026-01-01T19:05:00Z,2026-01-01T19:09:00Z,2352.2,8.7,13.4,3.5,81.6
TURB005,FARM05,2026-01-01T19:10:00Z,2026-01-01T19:11:00Z,2181.5,8.2,13.0,3.8,80.8
TURB005,FARM05,2026-01-01T19:15:00Z,2026-01-01T19:18:00Z,2023.2,7.7,12.5,4.0,80.0
TURB005,FARM05,2026-01-01T19:20:00Z,2026-01-01T19:25:00Z,1911.1,7.3,12.2,4.2,79.3
TURB005,FARM05,2026-01-01T19:25:00Z,2026-01-01T19:27:00Z,1806.0,6.9,11.8,4.4,78.6
TURB005,FARM05,2026-01-01T19:30:00Z,2026-01-01T19:34:00Z,1739.7,6.6,11.5,4.5,78.0
TURB005,FARM05,2026-01-01T19:35:00Z,2026-01-01T19:36:00Z,1708.0,6.4,11.3,4.7,77.6
TURB005,FARM05,2026-01-01T19:40:00Z,2026-01-01T19:43:00Z,1670.8,6.2,11.2,4.8,77.2
TURB005,FARM05,2026-01-01T19:45:00Z,2026-01-01T19:50:00Z,1660.3,6.1,11.1,4.9,76.8
TURB005,FARM05,2026-01-01T19:50:00Z,2026-01-01T19:52:00Z,1674.1,6.1,11.1,4.9,76.7
TURB005,FARM05,2026-01-01T19:55:00Z,2026-01-01T19:59:00Z,1710.5,6.2,11.2,4.9,76.6
TURB005,FARM05,2026-01-01T20:00:00Z,2026-01-01T20:01:00Z,1769.7,6.4,11.4,4.8,76.7
TURB005,FARM05,2026-01-01T20:05:00Z,2026-01-01T20:08:00Z,1817.0,6.6,11.6,4.8,76.8
TURB005,FARM05,2026-01-01T20:10:00Z,2026-01-01T20:15:00Z,1890.8,6.9,11.9,4.6,77.1
TURB005,FARM05,2026-01-01T20:15:00Z,2026-01-01T20:17:00Z,1994.7,7.3,12.2,4.5,77.5
TURB005,FARM05,2026-01-01T20:20:00Z,2026-01-01T20:24:00Z,2096.9,7.7,12.6,4.3,77.9
TURB005,FARM05,2026-01-01T20:25:00Z,2026-01-01T20:26:00Z,2201.7,8.1,13.0,4.1,78.4
TURB005,FARM05,2026-01-01T20:30:00Z,2026-01-01T20:33:00Z,2349.2,8.6,13.5,3.9,79.0
TURB005,FARM05,2026-01-01T20:35:00Z,2026-01-01T20:40:00Z,2470.7,9.0,13.8,3.7,79.5
TURB005,FARM05,2026-01-01T20:45:00Z,2026-01-01T20:49:00Z,2715.7,9.7,14.5,3.3,80.6
TURB005,FARM05,2026-01-01T20:50:00Z,2026-01-01T20:51:00Z,2875.9,10.1,14.9,3.1,81.2
TURB005,FARM05,2026-01-01T20:55:00Z,2026-01-01T20:58:00Z,2975.6,10.3,15.1,2.9,81.7
TURB005,FARM05,2026-01-01T21:00:00Z,2026-01-01T21:05:00Z,3083.8,10.5,15.2,2.8,82.2
TURB005,FARM05,2026-01-01T21:05:00Z,2026-01-01T21:07:00Z,3124.7,10.5,15.3,2.7,82.5
TURB005,FARM05,2026-01-01T21:10:00Z,2026-01-01T21:14:00Z,3166.2,10.5,15.3,2.6,82.8
TURB005,FARM05,2026-01-01T21:15:00Z,2026-01-01T21:16:00Z,3168.0,10.4,15.2,2.5,83.0
TURB005,FARM05,2026-01-01T21:20:00Z,2026-01-01T21:23:00Z,3162.1,10.3,15.1,2.5,83.2
TURB005,FARM05,2026-01-01T21:25:00Z,2026-01-01T21:30:00Z,3073.4,10.0,14.8,2.5,83.2
TURB005,FARM05,2026-01-01T21:30:00Z,2026-01-01T21:32:00Z,2972.0,9.7,14.5,2.5,83.2
TURB005,FARM05,2026-01-01T21:35:00Z,2026-01-01T21:39:00Z,2857.1,9.4,14.2,2.5,83.2
TURB005,FARM05,2026-01-01T21:40:00Z,2026-01-01T21:41:00Z,2657.5,8.9,13.8,2.7,83.0
TURB005,FARM05,2026-01-01T21:45:00Z,2026-01-01T21:48:00Z,2483.2,8.5,13.4,2.8,82.9
TURB005,FARM05,2026-01-01T21:50:00Z,2026-01-01T21:55:00Z,2265.3,8.0,12.9,2.9,82.7
TURB005,FARM05,2026-01-01T21:55:00Z,2026-01-01T21:57:00Z,2079.8,7.6,12.6,3.0,82.5
TURB005,FARM05,2026-01-01T22:00:00Z,2026-01-01T22:04:00Z,1894.9,7.2,12.2,3.2,82.3
TURB005,FARM05,2026-01-01T22:05:00Z,2026-01-01T22:06:00Z,1714.9,6.8,11.8,3.4,82.1
TURB005,FARM05,2026-01-01T22:10:00Z,2026-01-01T22:13:00Z,1543.4,6.4,11.5,3.6,81.9
TURB005,FARM05,2026-01-01T22:15:00Z,2026-01-01T22:20:00Z,1419.5,6.1,11.2,3.7,81.7
TURB005,FARM05,2026-01-01T22:20:00Z,2026-01-01T22:22:00Z,1344.5,5.9,11.0,3.9,81.6
TURB005,FARM05,2026-01-01T22:25:00Z,2026-01-01T22:29:00Z,1355.0,5.9,11.0,4.0,81.7
TURB005,FARM05,2026-01-01T22:30:00Z,2026-01-01T22:48:00Z,1377.8,5.9,10.9,4.1,81.7
TURB005,FARM05,2026-01-01T22:35:00Z,2026-01-01T22:38:00Z,1410.6,5.9,11.0,4.2,81.7
TURB005,FARM05,2026-01-01T22:40:00Z,2026-01-01T22:45:00Z,1449.9,5.9,11.0,4.4,81.6
TURB005,FARM05,2026-01-01T22:45:00Z,2026-01-01T22:47:00Z,1563.7,6.1,11.2,4.4,81.8
TURB005,FARM05,2026-01-01T22:50:00Z,2026-01-01T22:54:00Z,1711.6,6.4,11.4,4.5,81.9
TURB005,FARM05,2026-01-01T22:55:00Z,2026-01-01T22:56:00Z,1889.6,6.8,11.8,4.5,82.2
TURB005,FARM05,2026-01-01T23:00:00Z,2026-01-01T23:03:00Z,2058.2,7.2,12.2,4.5,82.4
TURB005,FARM05,2026-01-01T23:05:00Z,2026-01-01T23:10:00Z,2214.7,7.6,12.5,4.4,82.6
TURB005,FARM05,2026-01-01T23:10:00Z,2026-01-01T23:12:00Z,2393.9,8.1,13.0,4.4,82.9
TURB005,FARM05,2026-01-01T23:20:00Z,2026-01-01T23:21:00Z,2714.1,9.1,13.9,4.2,83.3
TURB005,FARM05,2026-01-01T23:25:00Z,2026-01-01T23:28:00Z,2823.2,9.5,14.3,4.1,83.4
TURB005,FARM05,2026-01-01T23:30:00Z,2026-01-01T23:35:00Z,2926.8,9.9,14.6,4.0,83.5
TURB005,FARM05,2026-01-01T23:35:00Z,2026-01-01T23:37:00Z,3029.0,10.3,15.0,3.9,83.6
TURB005,FARM05,2026-01-01T23:40:00Z,2026-01-01T23:44:00Z,3098.3,10.6,15.3,3.8,83.6
TURB005,FARM05,2026-01-01T23:45:00Z,2026-01-01T23:46:00Z,3138.6,10.8,15.5,3.6,83.5
TURB005,FARM05,2026-01-01T23:50:00Z,2026-01-01T23:53:00Z,3153.1,10.9,15.5,3.5,83.2
TURB005,FARM05,2026-01-01T23:55:00Z,2026-01-02T00:00:00Z,3144.2,10.9,15.5,3.4,82.9
TURB005,FARM05,2026-01-02T00:00:00Z,2026-01-02T00:02:00Z,3148.7,10.9,15.5,3.3,82.6
TURB005,FARM05,2026-01-02T00:05:00Z,2026-01-02T00:09:00Z,3130.1,10.8,15.4,3.2,82.3
TURB005,FARM05,2026-01-02T00:10:00Z,2026-01-02T00:11:00Z,3086.7,10.6,15.2,3.2,81.8
TURB005,FARM05,2026-01-02T00:15:00Z,2026-01-02T00:18:00Z,3015.5,10.3,15.0,3.1,81.3
TURB005,FARM05,2026-01-02T00:20:00Z,2026-01-02T00:25:00Z,2948.7,10.0,14.7,3.1,80.8
TURB005,FARM05,2026-01-02T00:25:00Z,2026-01-02T00:27:00Z,2846.0,9.6,14.3,3.0,80.2
TURB005,FARM05,2026-01-02T00:30:00Z,2026-01-02T00:34:00Z,2739.2,9.2,13.9,3.0,79.6
TURB005,FARM05,2026-01-02T00:35:00Z,2026-01-02T00:36:00Z,2624.4,8.8,13.5,3.0,79.1
TURB005,FARM05,2026-01-02T00:40:00Z,2026-01-02T00:43:00Z,2498.6,8.4,13.1,3.0,78.7
TURB005,FARM05,2026-01-02T00:45:00Z,2026-01-02T00:50:00Z,2359.9,8.0,12.8,3.0,78.2
TURB005,FARM05,2026-01-02T00:50:00Z,2026-01-02T00:52:00Z,2207.8,7.6,12.4,3.0,77.8
TURB005,FARM05,2026-01-02T00:55:00Z,2026-01-02T00:59:00Z,2079.1,7.3,12.1,3.1,77.5
TURB005,FARM05,2026-01-02T01:00:00Z,2026-01-02T01:01:00Z,1939.9,7.0,11.8,3.1,77.3
TURB005,FARM05,2026-01-02T01:05:00Z,2026-01-02T01:08:00Z,1829.5,6.8,11.6,3.1,77.2
TURB005,FARM05,2026-01-02T01:10:00Z,2026-01-02T01:15:00Z,1751.8,6.7,11.5,3.2,77.2
TURB005,FARM05,2026-01-02T01:15:00Z,2026-01-02T01:17:00Z,1711.2,6.7,11.5,3.2,77.4
TURB005,FARM05,2026-01-02T01:20:00Z,2026-01-02T01:24:00Z,1675.8,6.7,11.5,3.2,77.6
TURB005,FARM05,2026-01-02T01:25:00Z,2026-01-02T01:26:00Z,1721.4,6.9,11.7,3.2,78.0
TURB005,FARM05,2026-01-02T01:30:00Z,2026-01-02T01:33:00Z,1778.6,7.1,11.9,3.3,78.5
TURB005,FARM05,2026-01-02T01:35:00Z,2026-01-02T01:40:00Z,1885.0,7.4,12.2,3.3,79.0
TURB005,FARM05,2026-01-02T01:40:00Z,2026-01-02T01:42:00Z,2004.7,7.7,12.4,3.3,79.6
TURB005,FARM05,2026-01-02T01:45:00Z,2026-01-02T01:49:00Z,2172.5,8.1,12.8,3.3,80.3
TURB005,FARM05,2026-01-02T01:55:00Z,2026-01-02T01:58:00Z,2605.8,9.1,13.7,3.3,81.9
TURB005,FARM05,2026-01-02T02:00:00Z,2026-01-02T02:05:00Z,2791.6,9.5,14.1,3.4,82.7
TURB005,FARM05,2026-01-02T02:05:00Z,2026-01-02T02:07:00Z,3011.2,10.0,14.5,3.4,83.5
TURB005,FARM05,2026-01-02T02:10:00Z,2026-01-02T02:14:00Z,3224.4,10.5,15.0,3.4,84.3
TURB005,FARM05,2026-01-02T02:15:00Z,2026-01-02T02:16:00Z,3391.9,10.9,15.4,3.4,85.0
TURB005,FARM05,2026-01-02T02:20:00Z,2026-01-02T02:23:00Z,3500.0,11.2,15.6,3.4,85.6
TURB005,FARM05,2026-01-02T02:25:00Z,2026-01-02T02:30:00Z,3500.0,11.5,15.9,3.4,86.1
TURB005,FARM05,2026-01-02T02:30:00Z,2026-01-02T02:32:00Z,3500.0,11.7,16.1,3.5,86.6
TURB005,FARM05,2026-01-02T02:35:00Z,2026-01-02T02:39:00Z,3500.0,11.8,16.2,3.5,86.9
TURB005,FARM05,2026-01-02T02:40:00Z,2026-01-02T02:41:00Z,3500.0,11.8,16.2,3.6,87.1
TURB005,FARM05,2026-01-02T02:45:00Z,2026-01-02T02:48:00Z,3500.0,11.8,16.2,3.6,87.3
TURB005,FARM05,2026-01-02T02:50:00Z,2026-01-02T02:55:00Z,3500.0,11.7,16.1,3.6,87.3
TURB005,FARM05,2026-01-02T02:55:00Z,2026-01-02T03:13:00Z,3382.9,11.4,15.8,3.7,87.1
TURB005,FARM05,2026-01-02T03:00:00Z,2026-01-02T03:04:00Z,3244.1,11.1,15.5,3.7,86.9
TURB005,FARM05,2026-01-02T03:05:00Z,2026-01-02T03:06:00Z,3115.7,10.8,15.2,3.7,86.6
TURB005,FARM05,2026-01-02T03:10:00Z,2026-01-02T03:13:00Z,2964.0,10.4,14.9,3.8,86.2
TURB005,FARM05,2026-01-02T03:15:00Z,2026-01-02T03:20:00Z,2825.8,10.0,14.5,3.8,85.7
TURB005,FARM05,2026-01-02T03:20:00Z,2026-01-02T03:22:00Z,2664.4,9.5,14.0,3.8,85.2
TURB005,FARM05,2026-01-02T03:25:00Z,2026-01-02T03:29:00Z,2549.9,9.1,13.7,3.8,84.6
TURB005,FARM05,2026-01-02T03:30:00Z,2026-01-02T03:31:00Z,2407.3,8.6,13.2,3.8,84.0
TURB005,FARM05,2026-01-02T03:35:00Z,2026-01-02T03:38:00Z,2304.7,8.2,12.8,3.8,83.4
TURB005,FARM05,2026-01-02T03:40:00Z,2026-01-02T03:45:00Z,2201.8,7.8,12.5,3.7,82.8
TURB005,FARM05,2026-01-02T03:45:00Z,2026-01-02T03:47:00Z,2130.4,7.5,12.2,3.7,82.3
TURB005,FARM05,2026-01-02T03:50:00Z,2026-01-02T03:54:00Z,2086.7,7.3,12.0,3.6,81.8
TURB005,FARM05,2026-01-02T03:55:00Z,2026-01-02T03:56:00Z,2031.7,7.1,11.8,3.5,81.3
TURB005,FARM05,2026-01-02T04:00:00Z,2026-01-02T04:03:00Z,2035.7,7.1,11.8,3.4,81.1
TURB005,FARM05,2026-01-02T04:05:00Z,2026-01-02T04:10:00Z,2026.3,7.1,11.8,3.3,80.7
TURB005,FARM05,2026-01-02T04:10:00Z,2026-01-02T04:12:00Z,2040.5,7.2,11.9,3.2,80.5
TURB005,FARM05,2026-01-02T04:15:00Z,2026-01-02T04:19:00Z,2044.5,7.3,12.0,3.1,80.3
TURB005,FARM05,2026-01-02T04:20:00Z,2026-01-02T04:21:00Z,2113.6,7.6,12.3,3.0,80.3
TURB005,FARM05,2026-01-02T04:30:00Z,2026-01-02T04:35:00Z,2247.6,8.2,12.9,2.8,80.3
TURB005,FARM05,2026-01-02T04:35:00Z,2026-01-02T04:37:00Z,2356.9,8.6,13.2,2.7,80.4
TURB005,FARM05,2026-01-02T04:40:00Z,2026-01-02T04:44:00Z,2511.5,9.1,13.7,2.6,80.6
TURB005,FARM05,2026-01-02T04:45:00Z,2026-01-02T04:46:00Z,2641.9,9.5,14.1,2.6,80.7
TURB005,FARM05,2026-01-02T04:50:00Z,2026-01-02T04:53:00Z,2785.5,9.9,14.5,2.5,80.9
TURB005,FARM05,2026-01-02T04:55:00Z,2026-01-02T05:00:00Z,2942.5,10.3,14.8,2.5,81.1
TURB005,FARM05,2026-01-02T05:00:00Z,2026-01-02T05:02:00Z,3111.4,10.7,15.2,2.5,81.3
TURB005,FARM05,2026-01-02T05:05:00Z,2026-01-02T05:09:00Z,3253.6,11.0,15.5,2.5,81.5
TURB005,FARM05,2026-01-02T05:10:00Z,2026-01-02T05:11:00Z,3365.7,11.2,15.7,2.6,81.5
TURB005,FARM05,2026-01-02T05:15:00Z,2026-01-02T05:18:00Z,3479.5,11.4,15.9,2.7,81.7
TURB005,FARM05,2026-01-02T05:20:00Z,2026-01-02T05:25:00Z,3500.0,11.5,16.0,2.8,81.7
TURB005,FARM05,2026-01-02T05:25:00Z,2026-01-02T05:27:00Z,3500.0,11.5,16.0,2.9,81.7
TURB005,FARM05,2026-01-02T05:30:00Z,2026-01-02T05:34:00Z,3500.0,11.4,15.9,3.0,81.6
TURB005,FARM05,2026-01-02T05:35:00Z,2026-01-02T05:36:00Z,3500.0,11.2,15.7,3.2,81.5
TURB005,FARM05,2026-01-02T05:40:00Z,2026-01-02T05:43:00Z,3436.2,11.0,15.5,3.3,81.4
TURB005,FARM05,2026-01-02T05:45:00Z,2026-01-02T05:50:00Z,3275.8,10.6,15.2,3.5,81.1
TURB005,FARM05,2026-01-02T05:50:00Z,2026-01-02T05:52:00Z,3104.1,10.2,14.8,3.7,80.9
TURB005,FARM05,2026-01-02T05:55:00Z,2026-01-02T05:59:00Z,2923.8,9.8,14.4,3.9,80.7
TURB005,FARM05,2026-01-02T06:00:00Z,2026-01-02T06:01:00Z,2702.8,9.3,14.0,4.1,80.4
TURB005,FARM05,2026-01-02T06:05:00Z,2026-01-02T06:08:00Z,2517.3,8.9,13.6,4.2,80.2
TURB005,FARM05,2026-01-02T06:10:00Z,2026-01-02T06:15:00Z,2299.6,8.4,13.2,4.4,80.0
TURB005,FARM05,2026-01-02T06:15:00Z,2026-01-02T06:17:00Z,2089.6,7.9,12.7,4.5,79.8
TURB005,FARM05,2026-01-02T06:20:00Z,2026-01-02T06:24:00Z,1926.4,7.5,12.3,4.6,79.7
TURB005,FARM05,2026-01-02T06:25:00Z,2026-01-02T06:26:00Z,1776.0,7.1,12.0,4.6,79.6
TURB005,FARM05,2026-01-02T06:30:00Z,2026-01-02T06:33:00Z,1639.0,6.7,11.6,4.7,79.5
TURB005,FARM05,2026-01-02T06:35:00Z,2026-01-02T06:40:00Z,1586.8,6.5,11.4,4.7,79.6
TURB005,FARM05,2026-01-02T06:40:00Z,2026-01-02T06:42:00Z,1545.2,6.3,11.3,4.6,79.7
TURB005,FARM05,2026-01-02T06:45:00Z,2026-01-02T06:49:00Z,1547.1,6.2,11.2,4.6,80.0
TURB005,FARM05,2026-01-02T06:50:00Z,2026-01-02T06:51:00Z,1552.7,6.1,11.1,4.5,80.2
TURB005,FARM05,2026-01-02T06:55:00Z,2026-01-02T06:58:00Z,1629.5,6.2,11.2,4.4,80.5
TURB005,FARM05,2026-01-02T07:05:00Z,2026-01-02T07:07:00Z,1836.8,6.6,11.6,4.0,81.5
TURB005,FARM05,2026-01-02T07:10:00Z,2026-01-02T07:14:00Z,1960.7,6.9,11.9,3.9,82.0
TURB005,FARM05,2026-01-02T07:15:00Z,2026-01-02T07:16:00Z,2071.4,7.2,12.1,3.7,82.5
TURB005,FARM05,2026-01-02T07:20:00Z,2026-01-02T07:38:00Z,2204.8,7.6,12.5,3.5,83.1
TURB005,FARM05,2026-01-02T07:25:00Z,2026-01-02T07:30:00Z,2361.9,8.1,13.0,3.2,83.7
TURB005,FARM05,2026-01-02T07:30:00Z,2026-01-02T07:32:00Z,2473.0,8.5,13.4,3.0,84.2
TURB005,FARM05,2026-01-02T07:35:00Z,2026-01-02T07:39:00Z,2577.7,8.9,13.7,2.9,84.7
TURB005,FARM05,2026-01-02T07:40:00Z,2026-01-02T07:41:00Z,2679.9,9.3,14.1,2.7,85.1
TURB005,FARM05,2026-01-02T07:45:00Z,2026-01-02T07:48:00Z,2784.0,9.7,14.5,2.5,85.5
TURB005,FARM05,2026-01-02T07:50:00Z,2026-01-02T07:55:00Z,2858.0,10.0,14.8,2.4,85.8
TURB005,FARM05,2026-01-02T07:55:00Z,2026-01-02T07:57:00Z,2941.6,10.3,15.0,2.3,86.0
TURB005,FARM05,2026-01-02T08:00:00Z,2026-01-02T08:04:00Z,2965.3,10.4,15.2,2.3,86.0
TURB005,FARM05,2026-01-02T08:05:00Z,2026-01-02T08:06:00Z,3002.2,10.5,15.3,2.3,85.9
TURB005,FARM05,2026-01-02T08:10:00Z,2026-01-02T08:13:00Z,3052.3,10.6,15.3,2.3,85.8
TURB005,FARM05,2026-01-02T08:15:00Z,2026-01-02T08:20:00Z,3042.3,10.5,15.2,2.4,85.5
TURB005,FARM05,2026-01-02T08:20:00Z,2026-01-02T08:22:00Z,3005.2,10.3,15.1,2.5,85.1
TURB005,FARM05,2026-01-02T08:25:00Z,2026-01-02T08:29:00Z,2973.7,10.1,14.9,2.6,84.7
TURB005,FARM05,2026-01-02T08:30:00Z,2026-01-02T08:31:00Z,2907.4,9.8,14.6,2.8,84.1
TURB005,FARM05,2026-01-02T08:35:00Z,2026-01-02T08:38:00Z,2838.1,9.5,14.3,2.9,83.5
TURB005,FARM05,2026-01-02T08:40:00Z,2026-01-02T08:45:00Z,2725.7,9.1,14.0,3.1,82.8
TURB005,FARM05,2026-01-02T08:45:00Z,2026-01-02T08:47:00Z,2567.0,8.6,13.5,3.4,82.0
TURB005,FARM05,2026-01-02T08:50:00Z,2026-01-02T08:54:00Z,2431.8,8.2,13.1,3.6,81.3
TURB005,FARM05,2026-01-02T08:55:00Z,2026-01-02T08:56:00Z,2247.2,7.7,12.7,3.8,80.4
TURB005,FARM05,2026-01-02T09:00:00Z,2026-01-02T09:03:00Z,2085.6,7.3,12.3,4.0,79.7
TURB005,FARM05,2026-01-02T09:05:00Z,2026-01-02T09:10:00Z,1912.9,6.9,11.9,4.2,79.0
TURB005,FARM05,2026-01-02T09:10:00Z,2026-01-02T09:12:00Z,1732.1,6.5,11.5,4.4,78.3
TURB005,FARM05,2026-01-02T09:15:00Z,2026-01-02T09:19:00Z,1582.8,6.2,11.3,4.6,77.7
TURB005,FARM05,2026-01-02T09:20:00Z,2026-01-02T09:21:00Z,1469.5,6.0,11.1,4.7,77.3
TURB005,FARM05,2026-01-02T09:25:00Z,2026-01-02T09:28:00Z,1396.4,5.9,11.0,4.8,76.9
TURB005,FARM05,2026-01-02T09:30:00Z,2026-01-02T09:35:00Z,1367.3,5.9,10.9,4.9,76.7
TURB005,FARM05,2026-01-02T09:40:00Z,2026-01-02T09:44:00Z,1344.1,5.9,11.0,4.9,76.4
TURB005,FARM05,2026-01-02T09:45:00Z,2026-01-02T09:46:00Z,1424.4,6.1,11.2,4.9,76.5
TURB005,FARM05,2026-01-02T09:50:00Z,2026-01-02T09:53:00Z,1517.2,6.3,11.3,4.8,76.6
TURB005,FARM05,2026-01-02T09:55:00Z,2026-01-02T10:00:00Z,1692.5,6.7,11.7,4.7,76.9
TURB005,FARM05,2026-01-02T10:00:00Z,2026-01-02T10:02:00Z,1875.0,7.1,12.1,4.6,77.3
TURB005,FARM05,2026-01-02T10:05:00Z,2026-01-02T10:09:00Z,2060.6,7.5,12.4,4.4,77.7
TURB005,FARM05,2026-01-02T10:10:00Z,2026-01-02T10:11:00Z,2281.2,8.0,12.9,4.2,78.3
TURB005,FARM05,2026-01-02T10:15:00Z,2026-01-02T10:18:00Z,2460.5,8.4,13.3,4.0,78.8
TURB005,FARM05,2026-01-02T10:20:00Z,2026-01-02T10:25:00Z,2666.8,8.9,13.7,3.8,79.4
TURB005,FARM05,2026-01-02T10:25:00Z,2026-01-02T10:27:00Z,2861.5,9.4,14.2,3.6,80.1
TURB005,FARM05,2026-01-02T10:30:00Z,2026-01-02T10:34:00Z,3007.0,9.8,14.6,3.3,80.6
TURB005,FARM05,2026-01-02T10:35:00Z,2026-01-02T10:36:00Z,3103.1,10.1,14.8,3.2,81.2
TURB005,FARM05,2026-01-02T10:40:00Z,2026-01-02T10:43:00Z,3187.1,10.4,15.1,3.0,81.7
TURB005,FARM05,2026-01-02T10:45:00Z,2026-01-02T10:50:00Z,3261.5,10.7,15.4,2.8,82.3
TURB005,FARM05,2026-01-02T10:50:00Z,2026-01-02T10:52:00Z,3257.8,10.8,15.5,2.6,82.6
TURB005,FARM05,2026-01-02T10:55:00Z,2026-01-02T10:59:00Z,3252.0,10.9,15.5,2.5,83.0
TURB005,FARM05,2026-01-02T11:00:00Z,2026-01-02T11:01:00Z,3212.4,10.9,15.5,2.4,83.4
TURB005,FARM05,2026-01-02T11:05:00Z,2026-01-02T11:08:00Z,3143.3,10.8,15.4,2.4,83.6
TURB005,FARM05,2026-01-02T11:10:00Z,2026-01-02T11:15:00Z,3047.9,10.6,15.3,2.4,83.7
TURB005,FARM05,2026-01-02T11:15:00Z,2026-01-02T11:17:00Z,2964.8,10.4,15.0,2.4,83.8
TURB005,FARM05,2026-01-02T11:20:00Z,2026-01-02T11:24:00Z,2823.0,10.0,14.7,2.4,83.7
TURB005,FARM05,2026-01-02T11:25:00Z,2026-01-02T11:26:00Z,2730.3,9.7,14.4,2.5,83.7
TURB005,FARM05,2026-01-02T11:30:00Z,2026-01-02T11:33:00Z,2613.2,9.3,14.0,2.6,83.6
TURB005,FARM05,2026-01-02T11:35:00Z,2026-01-02T11:40:00Z,2504.9,8.9,13.6,2.7,83.5
TURB005,FARM05,2026-01-02T11:40:00Z,2026-01-02T11:42:00Z,2365.7,8.4,13.2,2.8,83.2
TURB005,FARM05,2026-01-02T11:45:00Z,2026-01-02T12:03:00Z,2263.3,8.0,12.8,3.0,83.1
TURB005,FARM05,2026-01-02T11:50:00Z,2026-01-02T11:51:00Z,2157.4,7.6,12.4,3.2,82.9
TURB005,FARM05,2026-01-02T11:55:00Z,2026-01-02T11:58:00Z,2080.2,7.3,12.1,3.3,82.7
TURB005,FARM05,2026-01-02T12:00:00Z,2026-01-02T12:05:00Z,1992.4,7.0,11.8,3.5,82.6
TURB005,FARM05,2026-01-02T12:05:00Z,2026-01-02T12:07:00Z,1928.0,6.8,11.7,3.6,82.5
TURB005,FARM05,2026-01-02T12:15:00Z,2026-01-02T12:16:00Z,1831.4,6.6,11.5,3.9,82.4
TURB005,FARM05,2026-01-02T12:20:00Z,2026-01-02T12:23:00Z,1837.7,6.7,11.5,4.0,82.5
TURB005,FARM05,2026-01-02T12:25:00Z,2026-01-02T12:30:00Z,1836.3,6.8,11.6,4.1,82.6
TURB005,FARM05,2026-01-02T12:30:00Z,2026-01-02T12:32:00Z,1866.9,7.0,11.8,4.2,82.7
TURB005,FARM05,2026-01-02T12:35:00Z,2026-01-02T12:39:00Z,1897.8,7.2,12.0,4.3,82.8
TURB005,FARM05,2026-01-02T12:40:00Z,2026-01-02T12:41:00Z,2005.3,7.6,12.3,4.3,83.0
TURB005,FARM05,2026-01-02T12:45:00Z,2026-01-02T12:48:00Z,2121.1,8.0,12.7,4.3,83.3
TURB005,FARM05,2026-01-02T12:50:00Z,2026-01-02T12:55:00Z,2248.2,8.4,13.1,4.2,83.5
TURB005,FARM05,2026-01-02T12:55:00Z,2026-01-02T12:57:00Z,2424.3,8.9,13.5,4.2,83.7
TURB005,FARM05,2026-01-02T13:00:00Z,2026-01-02T13:04:00Z,2613.8,9.4,14.0,4.1,84.0
TURB005,FARM05,2026-01-02T13:05:00Z,2026-01-02T13:06:00Z,2815.8,9.9,14.4,4.0,84.2
TURB005,FARM05,2026-01-02T13:10:00Z,2026-01-02T13:13:00Z,2991.9,10.3,14.8,3.9,84.3
TURB005,FARM05,2026-01-02T13:15:00Z,2026-01-02T13:20:00Z,3174.8,10.7,15.2,3.8,84.4
TURB005,FARM05,2026-01-02T13:20:00Z,2026-01-02T13:22:00Z,3360.6,11.1,15.6,3.7,84.5
TURB005,FARM05,2026-01-02T13:25:00Z,2026-01-02T13:29:00Z,3500.0,11.4,15.8,3.6,84.5
TURB005,FARM05,2026-01-02T13:30:00Z,2026-01-02T13:31:00Z,3500.0,11.6,16.0,3.5,84.4
TURB005,FARM05,2026-01-02T13:35:00Z,2026-01-02T13:38:00Z,3500.0,11.8,16.2,3.4,84.3
TURB005,FARM05,2026-01-02T13:40:00Z,2026-01-02T13:45:00Z,3500.0,11.8,16.2,3.3,83.9
TURB005,FARM05,2026-01-02T13:45:00Z,2026-01-02T13:47:00Z,3500.0,11.8,16.2,3.2,83.6
TURB005,FARM05,2026-01-02T13:50:00Z,2026-01-02T13:54:00Z,3500.0,11.7,16.1,3.1,83.3
TURB005,FARM05,2026-01-02T13:55:00Z,2026-01-02T13:56:00Z,3500.0,11.5,15.9,3.0,82.8
TURB005,FARM05,2026-01-02T14:00:00Z,2026-01-02T14:03:00Z,3438.0,11.2,15.6,2.9,82.3
TURB005,FARM05,2026-01-02T14:05:00Z,2026-01-02T14:10:00Z,3289.8,10.9,15.3,2.9,81.7
TURB005,FARM05,2026-01-02T14:10:00Z,2026-01-02T14:12:00Z,3104.1,10.5,15.0,2.9,81.2
TURB005,FARM05,2026-01-02T14:15:00Z,2026-01-02T14:19:00Z,2921.0,10.1,14.6,2.8,80.6
TURB005,FARM05,2026-01-02T14:20:00Z,2026-01-02T14:21:00Z,2708.6,9.6,14.1,2.9,80.0
TURB005,FARM05,2026-01-02T14:25:00Z,2026-01-02T14:28:00Z,2542.3,9.2,13.8,2.8,79.5
TURB005,FARM05,2026-01-02T14:30:00Z,2026-01-02T14:35:00Z,2352.4,8.7,13.3,2.9,78.9
TURB005,FARM05,2026-01-02T14:35:00Z,2026-01-02T14:37:00Z,2211.9,8.3,12.9,2.9,78.5
TURB005,FARM05,2026-01-02T14:40:00Z,2026-01-02T14:44:00Z,2084.4,7.9,12.6,2.9,78.1
TURB005,FARM05,2026-01-02T14:50:00Z,2026-01-02T14:53:00Z,1968.6,7.4,12.1,3.0,77.8
TURB005,FARM05,2026-01-02T14:55:00Z,2026-01-02T15:00:00Z,1937.6,7.2,11.9,3.0,77.7
TURB005,FARM05,2026-01-02T15:00:00Z,2026-01-02T15:02:00Z,1943.1,7.1,11.8,3.1,77.7
TURB005,FARM05,2026-01-02T15:05:00Z,2026-01-02T15:09:00Z,1980.7,7.1,11.8,3.1,77.9
TURB005,FARM05,2026-01-02T15:10:00Z,2026-01-02T15:11:00Z,2010.6,7.1,11.8,3.2,78.1
TURB005,FARM05,2026-01-02T15:15:00Z,2026-01-02T15:18:00Z,2101.7,7.3,12.0,3.2,78.6
TURB005,FARM05,2026-01-02T15:20:00Z,2026-01-02T15:25:00Z,2180.0,7.5,12.2,3.2,79.0
TURB005,FARM05,2026-01-02T15:25:00Z,2026-01-02T15:27:00Z,2280.8,7.8,12.5,3.3,79.6
TURB005,FARM05,2026-01-02T15:30:00Z,2026-01-02T15:34:00Z,2405.0,8.2,12.8,3.3,80.3
TURB005,FARM05,2026-01-02T15:35:00Z,2026-01-02T15:36:00Z,2518.5,8.6,13.2,3.3,81.0
TURB005,FARM05,2026-01-02T15:40:00Z,2026-01-02T15:43:00Z,2624.5,9.0,13.6,3.3,81.7
TURB005,FARM05,2026-01-02T15:45:00Z,2026-01-02T15:50:00Z,2726.9,9.4,14.0,3.4,82.5
TURB005,FARM05,2026-01-02T15:50:00Z,2026-01-02T15:52:00Z,2830.0,9.8,14.4,3.4,83.2
TURB005,FARM05,2026-01-02T15:55:00Z,2026-01-02T15:59:00Z,2938.2,10.2,14.7,3.4,83.9
TURB005,FARM05,2026-01-02T16:00:00Z,2026-01-02T16:01:00Z,3055.0,10.6,15.1,3.4,84.6
TURB005,FARM05,2026-01-02T16:05:00Z,2026-01-02T16:08:00Z,3147.2,10.9,15.4,3.5,85.2
TURB005,FARM05,2026-01-02T16:10:00Z,2026-01-02T16:28:00Z,3252.6,11.2,15.7,3.5,85.8
TURB005,FARM05,2026-01-02T16:15:00Z,2026-01-02T16:17:00Z,3335.4,11.4,15.9,3.5,86.2
TURB005,FARM05,2026-01-02T16:20:00Z,2026-01-02T16:24:00Z,3394.4,11.5,16.0,3.6,86.5
TURB005,FARM05,2026-01-02T16:25:00Z,2026-01-02T16:26:00Z,3427.4,11.5,16.0,3.6,86.7
TURB005,FARM05,2026-01-02T16:30:00Z,2026-01-02T16:33:00Z,3466.7,11.5,16.0,3.6,86.9
TURB005,FARM05,2026-01-02T16:35:00Z,2026-01-02T16:40:00Z,3436.6,11.3,15.8,3.7,86.9
TURB005,FARM05,2026-01-02T16:40:00Z,2026-01-02T16:42:00Z,3404.4,11.1,15.6,3.7,86.8
TURB005,FARM05,2026-01-02T16:45:00Z,2026-01-02T16:49:00Z,3330.3,10.8,15.3,3.8,86.6
TURB005,FARM05,2026-01-02T16:50:00Z,2026-01-02T16:51:00Z,3210.6,10.4,15.0,3.8,86.2
TURB005,FARM05,2026-01-02T16:55:00Z,2026-01-02T16:58:00Z,3078.8,10.0,14.6,3.9,85.8
TURB005,FARM05,2026-01-02T17:00:00Z,2026-01-02T17:05:00Z,2897.7,9.5,14.2,3.9,85.3
TURB005,FARM05,2026-01-02T17:05:00Z,2026-01-02T17:07:00Z,2703.4,9.0,13.7,3.9,84.7
TURB005,FARM05,2026-01-02T17:10:00Z,2026-01-02T17:14:00Z,2533.4,8.6,13.3,3.9,84.2
TURB005,FARM05,2026-01-02T17:15:00Z,2026-01-02T17:16:00Z,2318.3,8.1,12.9,3.9,83.6
TURB005,FARM05,2026-01-02T17:25:00Z,2026-01-02T17:30:00Z,1912.2,7.2,12.1,3.9,82.3
TURB005,FARM05,2026-01-02T17:30:00Z,2026-01-02T17:32:00Z,1765.5,6.9,11.8,3.9,81.8
TURB005,FARM05,2026-01-02T17:35:00Z,2026-01-02T17:39:00Z,1626.0,6.6,11.5,3.8,81.2
TURB005,FARM05,2026-01-02T17:40:00Z,2026-01-02T17:41:00Z,1532.8,6.4,11.3,3.7,80.7
TURB005,FARM05,2026-01-02T17:45:00Z,2026-01-02T17:48:00Z,1452.1,6.2,11.2,3.7,80.3
TURB005,FARM05,2026-01-02T17:50:00Z,2026-01-02T17:55:00Z,1456.9,6.2,11.2,3.6,80.0
TURB005,FARM05,2026-01-02T17:55:00Z,2026-01-02T17:57:00Z,1474.6,6.2,11.2,3.5,79.6
TURB005,FARM05,2026-01-02T18:00:00Z,2026-01-02T18:04:00Z,1575.4,6.4,11.4,3.4,79.5
TURB005,FARM05,2026-01-02T18:05:00Z,2026-01-02T18:06:00Z,1684.4,6.6,11.6,3.3,79.4
TURB005,FARM05,2026-01-02T18:10:00Z,2026-01-02T18:13:00Z,1797.6,6.8,11.8,3.2,79.3
TURB005,FARM05,2026-01-02T18:15:00Z,2026-01-02T18:20:00Z,1982.9,7.2,12.1,3.1,79.4
TURB005,FARM05,2026-01-02T18:20:00Z,2026-01-02T18:22:00Z,2163.9,7.6,12.5,3.0,79.5
TURB005,FARM05,2026-01-02T18:25:00Z,2026-01-02T18:29:00Z,2336.9,8.0,12.9,2.9,79.6
TURB005,FARM05,2026-01-02T18:30:00Z,2026-01-02T18:31:00Z,2498.9,8.4,13.3,2.8,79.7
TURB005,FARM05,2026-01-02T18:35:00Z,2026-01-02T18:38:00Z,2647.9,8.8,13.6,2.8,79.9
TURB005,FARM05,2026-01-02T18:40:00Z,2026-01-02T18:45:00Z,2783.5,9.2,14.0,2.7,80.1
TURB005,FARM05,2026-01-02T18:45:00Z,2026-01-02T18:47:00Z,2906.5,9.6,14.4,2.7,80.3
TURB005,FARM05,2026-01-02T18:50:00Z,2026-01-02T18:54:00Z,2983.1,9.9,14.7,2.7,80.4
TURB005,FARM05,2026-01-02T18:55:00Z,2026-01-02T18:56:00Z,3052.6,10.2,15.0,2.8,80.6
TURB005,FARM05,2026-01-02T19:00:00Z,2026-01-02T19:03:00Z,3082.9,10.4,15.1,2.8,80.7
TURB005,FARM05,2026-01-02T19:05:00Z,2026-01-02T19:10:00Z,3078.4,10.5,15.2,2.9,80.7
TURB005,FARM05,2026-01-02T19:10:00Z,2026-01-02T19:12:00Z,3079.2,10.6,15.3,3.0,80.8
TURB005,FARM05,2026-01-02T19:15:00Z,2026-01-02T19:19:00Z,3017.0,10.5,15.3,3.2,80.7
TURB005,FARM05,2026-01-02T19:20:00Z,2026-01-02T19:21:00Z,2966.4,10.4,15.2,3.3,80.7
TURB005,FARM05,2026-01-02T19:25:00Z,2026-01-02T19:28:00Z,2893.1,10.2,15.0,3.5,80.5
TURB005,FARM05,2026-01-02T19:30:00Z,2026-01-02T19:35:00Z,2797.1,9.9,14.7,3.7,80.4
TURB005,FARM05,2026-01-02T19:35:00Z,2026-01-02T19:37:00Z,2713.2,9.6,14.4,3.8,80.2
TURB005,FARM05,2026-01-02T19:40:00Z,2026-01-02T19:44:00Z,2602.9,9.2,14.0,4.0,80.0
TURB005,FARM05,2026-01-02T19:45:00Z,2026-01-02T19:46:00Z,2498.7,8.8,13.7,4.2,79.8
TURB005,FARM05,2026-01-02T19:50:00Z,2026-01-02T19:53:00Z,2360.5,8.3,13.2,4.3,79.5
TURB005,FARM05,2026-01-02T20:00:00Z,2026-01-02T20:02:00Z,2109.0,7.4,12.4,4.6,79.2
TURB005,FARM05,2026-01-02T20:05:00Z,2026-01-02T20:09:00Z,1988.3,7.0,12.0,4.7,79.1
TURB005,FARM05,2026-01-02T20:10:00Z,2026-01-02T20:11:00Z,1855.3,6.6,11.6,4.8,79.0
TURB005,FARM05,2026-01-02T20:15:00Z,2026-01-02T20:18:00Z,1744.9,6.3,11.4,4.8,79.0
TURB005,FARM05,2026-01-02T20:20:00Z,2026-01-02T20:25:00Z,1621.4,6.0,11.1,4.8,79.0
TURB005,FARM05,2026-01-02T20:25:00Z,2026-01-02T20:27:00Z,1558.4,5.9,11.0,4.8,79.2
TURB005,FARM05,2026-01-02T20:30:00Z,2026-01-02T20:34:00Z,1522.7,5.9,11.0,4.7,79.5
TURB005,FARM05,2026-01-02T20:35:00Z,2026-01-02T20:53:00Z,1481.9,5.9,10.9,4.6,79.9
TURB005,FARM05,2026-01-02T20:40:00Z,2026-01-02T20:43:00Z,1440.3,5.9,11.0,4.5,80.1
TURB005,FARM05,2026-01-02T20:45:00Z,2026-01-02T20:50:00Z,1438.2,6.0,11.1,4.3,80.5
TURB005,FARM05,2026-01-02T20:50:00Z,2026-01-02T20:52:00Z,1479.5,6.2,11.3,4.2,81.0
TURB005,FARM05,2026-01-02T20:55:00Z,2026-01-02T20:59:00Z,1567.4,6.5,11.5,4.0,81.5
TURB005,FARM05,2026-01-02T21:00:00Z,2026-01-02T21:01:00Z,1704.0,6.9,11.9,3.8,82.1
TURB005,FARM05,2026-01-02T21:05:00Z,2026-01-02T21:08:00Z,1854.1,7.3,12.3,3.6,82.7
TURB005,FARM05,2026-01-02T21:10:00Z,2026-01-02T21:15:00Z,2052.9,7.8,12.7,3.3,83.4
TURB005,FARM05,2026-01-02T21:15:00Z,2026-01-02T21:17:00Z,2262.6,8.3,13.2,3.1,84.0
TURB005,FARM05,2026-01-02T21:20:00Z,2026-01-02T21:24:00Z,2444.2,8.7,13.6,2.9,84.4
TURB005,FARM05,2026-01-02T21:25:00Z,2026-01-02T21:26:00Z,2665.6,9.2,14.0,2.7,85.0
TURB005,FARM05,2026-01-02T21:30:00Z,2026-01-02T21:33:00Z,2850.7,9.6,14.4,2.6,85.4
TURB005,FARM05,2026-01-02T21:35:00Z,2026-01-02T21:40:00Z,3031.1,10.0,14.7,2.4,85.8
TURB005,FARM05,2026-01-02T21:40:00Z,2026-01-02T21:42:00Z,3167.2,10.3,15.0,2.3,86.0
TURB005,FARM05,2026-01-02T21:45:00Z,2026-01-02T21:49:00Z,3291.9,10.6,15.3,2.3,86.2
TURB005,FARM05,2026-01-02T21:50:00Z,2026-01-02T21:51:00Z,3367.7,10.8,15.5,2.2,86.3
TURB005,FARM05,2026-01-02T21:55:00Z,2026-01-02T21:58:00Z,3394.0,10.9,15.5,2.2,86.2
TURB005,FARM05,2026-01-02T22:00:00Z,2026-01-02T22:05:00Z,3371.9,10.9,15.5,2.3,86.0
TURB005,FARM05,2026-01-02T22:05:00Z,2026-01-02T22:07:00Z,3303.7,10.8,15.4,2.3,85.7
TURB005,FARM05,2026-01-02T22:10:00Z,2026-01-02T22:14:00Z,3192.7,10.6,15.3,2.5,85.2
TURB005,FARM05,2026-01-02T22:15:00Z,2026-01-02T22:16:00Z,3078.9,10.4,15.1,2.6,84.8
TURB005,FARM05,2026-01-02T22:20:00Z,2026-01-02T22:23:00Z,2930.7,10.1,14.8,2.8,84.2
TURB005,FARM05,2026-01-02T22:25:00Z,2026-01-02T22:30:00Z,2752.2,9.7,14.4,3.0,83.5
TURB005,FARM05,2026-01-02T22:35:00Z,2026-01-02T22:39:00Z,2425.7,8.9,13.7,3.4,82.1
TURB005,FARM05,2026-01-02T22:40:00Z,2026-01-02T22:41:00Z,2281.7,8.5,13.3,3.6,81.3
TURB005,FARM05,2026-01-02T22:45:00Z,2026-01-02T22:48:00Z,2150.9,8.1,12.9,3.8,80.6
TURB005,FARM05,2026-01-02T22:50:00Z,2026-01-02T22:55:00Z,2032.0,7.7,12.5,4.0,79.9
TURB005,FARM05,2026-01-02T22:55:00Z,2026-01-02T22:57:00Z,1958.4,7.4,12.2,4.2,79.3
TURB005,FARM05,2026-01-02T23:00:00Z,2026-01-02T23:04:00Z,1890.6,7.1,11.9,4.4,78.7
TURB005,FARM05,2026-01-02T23:05:00Z,2026-01-02T23:06:00Z,1824.4,6.8,11.7,4.5,78.2
TURB005,FARM05,2026-01-02T23:10:00Z,2026-01-02T23:13:00Z,1827.4,6.7,11.6,4.6,77.8
TURB005,FARM05,2026-01-02T23:15:00Z,2026-01-02T23:20:00Z,1823.7,6.6,11.5,4.7,77.5
TURB005,FARM05,2026-01-02T23:20:00Z,2026-01-02T23:22:00Z,1845.9,6.6,11.5,4.8,77.3
TURB005,FARM05,2026-01-02T23:25:00Z,2026-01-02T23:29:00Z,1891.6,6.7,11.5,4.8,77.2
TURB005,FARM05,2026-01-02T23:30:00Z,2026-01-02T23:31:00Z,1960.0,6.9,11.7,4.7,77.3
TURB005,FARM05,2026-01-02T23:35:00Z,2026-01-02T23:38:00Z,2015.3,7.1,11.9,4.7,77.4
TURB005,FARM05,2026-01-02T23:40:00Z,2026-01-02T23:45:00Z,2095.4,7.4,12.2,4.6,77.6
TURB005,FARM05,2026-01-02T23:45:00Z,2026-01-02T23:47:00Z,2203.0,7.8,12.5,4.4,78.0
TURB005,FARM05,2026-01-02T23:50:00Z,2026-01-02T23:54:00Z,2341.9,8.3,13.0,4.2,78.5
TURB005,FARM05,2026-01-02T23:55:00Z,2026-01-02T23:56:00Z,2444.5,8.7,13.4,4.1,79.0
TURB006,FARM06,2026-01-01T00:00:00Z,2026-01-01T00:04:00Z,1737.3,6.3,11.3,3.8,80.7
TURB006,FARM06,2026-01-01T00:05:00Z,2026-01-01T00:06:00Z,1747.5,6.3,11.2,3.7,80.4
TURB006,FARM06,2026-01-01T00:10:00Z,2026-01-01T00:13:00Z,1744.3,6.3,11.2,3.6,80.1
TURB006,FARM06,2026-01-01T00:15:00Z,2026-01-01T00:20:00Z,1764.1,6.4,11.3,3.4,79.9
TURB006,FARM06,2026-01-01T00:20:00Z,2026-01-01T00:22:00Z,1772.4,6.5,11.4,3.3,79.7
TURB006,FARM06,2026-01-01T00:25:00Z,2026-01-01T00:29:00Z,1844.3,6.8,11.7,3.2,79.6
TURB006,FARM06,2026-01-01T00:30:00Z,2026-01-01T00:48:00Z,1911.3,7.1,12.0,3.1,79.6
TURB006,FARM06,2026-01-01T00:35:00Z,2026-01-01T00:38:00Z,2013.8,7.5,12.3,3.0,79.7
TURB006,FARM06,2026-01-01T00:40:00Z,2026-01-01T00:45:00Z,2156.0,8.0,12.8,2.9,79.9
TURB006,FARM06,2026-01-01T00:45:00Z,2026-01-01T00:47:00Z,2269.9,8.4,13.2,2.8,80.0
TURB006,FARM06,2026-01-01T00:50:00Z,2026-01-01T00:54:00Z,2430.6,8.9,13.6,2.7,80.3
TURB006,FARM06,2026-01-01T00:55:00Z,2026-01-01T00:56:00Z,2604.0,9.4,14.1,2.6,80.5
TURB006,FARM06,2026-01-01T01:00:00Z,2026-01-01T01:03:00Z,2790.9,9.9,14.5,2.6,80.8
TURB006,FARM06,2026-01-01T01:05:00Z,2026-01-01T01:10:00Z,2954.5,10.3,14.9,2.6,81.0
TURB006,FARM06,2026-01-01T01:10:00Z,2026-01-01T01:12:00Z,3128.8,10.7,15.2,2.6,81.2
TURB006,FARM06,2026-01-01T01:15:00Z,2026-01-01T01:19:00Z,3274.7,11.0,15.5,2.6,81.4
TURB006,FARM06,2026-01-01T01:20:00Z,2026-01-01T01:21:00Z,3424.2,11.3,15.8,2.6,81.6
TURB006,FARM06,2026-01-01T01:25:00Z,2026-01-01T01:28:00Z,3500.0,11.5,16.0,2.7,81.7
TURB006,FARM06,2026-01-01T01:30:00Z,2026-01-01T01:35:00Z,3500.0,11.6,16.1,2.8,81.8
TURB006,FARM06,2026-01-01T01:35:00Z,2026-01-01T01:37:00Z,3500.0,11.6,16.0,2.9,81.8
TURB006,FARM06,2026-01-01T01:40:00Z,2026-01-01T01:44:00Z,3500.0,11.5,16.0,3.1,81.8
TURB006,FARM06,2026-01-01T01:50:00Z,2026-01-01T01:53:00Z,3465.0,11.1,15.6,3.4,81.5
TURB006,FARM06,2026-01-01T01:55:00Z,2026-01-01T02:00:00Z,3334.2,10.8,15.3,3.5,81.4
TURB006,FARM06,2026-01-01T02:00:00Z,2026-01-01T02:02:00Z,3157.5,10.4,14.9,3.7,81.2
TURB006,FARM06,2026-01-01T02:05:00Z,2026-01-01T02:09:00Z,2974.2,10.0,14.5,3.9,81.0
TURB006,FARM06,2026-01-01T02:10:00Z,2026-01-01T02:11:00Z,2788.4,9.6,14.2,4.0,80.8
TURB006,FARM06,2026-01-01T02:15:00Z,2026-01-01T02:18:00Z,2604.4,9.2,13.8,4.2,80.7
TURB006,FARM06,2026-01-01T02:20:00Z,2026-01-01T02:25:00Z,2390.4,8.7,13.3,4.3,80.4
TURB006,FARM06,2026-01-01T02:25:00Z,2026-01-01T02:27:00Z,2221.8,8.3,13.0,4.4,80.3
TURB006,FARM06,2026-01-01T02:30:00Z,2026-01-01T02:34:00Z,2101.3,8.0,12.7,4.4,80.3
TURB006,FARM06,2026-01-01T02:35:00Z,2026-01-01T02:36:00Z,1994.1,7.7,12.4,4.5,80.4
TURB006,FARM06,2026-01-01T02:40:00Z,2026-01-01T02:43:00Z,1900.1,7.4,12.1,4.5,80.4
TURB006,FARM06,2026-01-01T02:45:00Z,2026-01-01T02:50:00Z,1853.9,7.2,11.9,4.5,80.5
TURB006,FARM06,2026-01-01T02:50:00Z,2026-01-01T02:52:00Z,1852.8,7.1,11.8,4.4,80.7
TURB006,FARM06,2026-01-01T02:55:00Z,2026-01-01T02:59:00Z,1893.2,7.1,11.8,4.3,81.0
TURB006,FARM06,2026-01-01T03:00:00Z,2026-01-01T03:01:00Z,1970.9,7.2,11.9,4.2,81.4
TURB006,FARM06,2026-01-01T03:05:00Z,2026-01-01T03:08:00Z,2045.7,7.3,12.0,4.1,81.8
TURB006,FARM06,2026-01-01T03:10:00Z,2026-01-01T03:15:00Z,2149.4,7.5,12.2,3.9,82.3
TURB006,FARM06,2026-01-01T03:15:00Z,2026-01-01T03:17:00Z,2278.9,7.8,12.5,3.7,82.8
TURB006,FARM06,2026-01-01T03:20:00Z,2026-01-01T03:24:00Z,2431.8,8.2,12.8,3.5,83.4
TURB006,FARM06,2026-01-01T03:25:00Z,2026-01-01T03:26:00Z,2571.3,8.6,13.2,3.3,84.0
TURB006,FARM06,2026-01-01T03:30:00Z,2026-01-01T03:33:00Z,2697.9,9.0,13.6,3.1,84.5
TURB006,FARM06,2026-01-01T03:35:00Z,2026-01-01T03:40:00Z,2849.3,9.5,14.0,2.9,85.2
TURB006,FARM06,2026-01-01T03:40:00Z,2026-01-01T03:42:00Z,2956.5,9.9,14.4,2.7,85.6
TURB006,FARM06,2026-01-01T03:45:00Z,2026-01-01T03:49:00Z,3059.3,10.3,14.8,2.5,86.1
TURB006,FARM06,2026-01-01T03:50:00Z,2026-01-01T03:51:00Z,3162.0,10.7,15.2,2.3,86.5
TURB006,FARM06,2026-01-01T03:55:00Z,2026-01-01T03:58:00Z,3268.8,11.1,15.5,2.2,86.9
TURB006,FARM06,2026-01-01T04:00:00Z,2026-01-01T04:05:00Z,3347.6,11.4,15.8,2.1,87.1
TURB006,FARM06,2026-01-01T04:05:00Z,2026-01-01T04:07:00Z,3401.4,11.6,16.0,2.0,87.2
TURB006,FARM06,2026-01-01T04:10:00Z,2026-01-01T04:14:00Z,3432.1,11.7,16.1,2.0,87.2
TURB006,FARM06,2026-01-01T04:15:00Z,2026-01-01T04:16:00Z,3476.2,11.8,16.2,2.0,87.1
TURB006,FARM06,2026-01-01T04:25:00Z,2026-01-01T04:30:00Z,3456.1,11.6,16.0,2.2,86.5
TURB006,FARM06,2026-01-01T04:30:00Z,2026-01-01T04:32:00Z,3422.5,11.4,15.8,2.3,86.1
TURB006,FARM06,2026-01-01T04:35:00Z,2026-01-01T04:39:00Z,3392.2,11.2,15.6,2.4,85.6
TURB006,FARM06,2026-01-01T04:40:00Z,2026-01-01T04:41:00Z,3288.8,10.8,15.3,2.6,84.9
TURB006,FARM06,2026-01-01T04:45:00Z,2026-01-01T04:48:00Z,3180.1,10.4,14.9,2.8,84.2
TURB006,FARM06,2026-01-01T04:50:00Z,2026-01-01T04:55:00Z,3062.6,10.0,14.6,3.0,83.5
TURB006,FARM06,2026-01-01T04:55:00Z,2026-01-01T05:13:00Z,2897.4,9.5,14.1,3.2,82.7
TURB006,FARM06,2026-01-01T05:00:00Z,2026-01-01T05:04:00Z,2719.0,9.0,13.6,3.5,81.9
TURB006,FARM06,2026-01-01T05:05:00Z,2026-01-01T05:06:00Z,2527.3,8.5,13.2,3.7,81.1
TURB006,FARM06,2026-01-01T05:10:00Z,2026-01-01T05:13:00Z,2359.5,8.1,12.8,3.9,80.3
TURB006,FARM06,2026-01-01T05:15:00Z,2026-01-01T05:20:00Z,2182.0,7.7,12.4,4.1,79.6
TURB006,FARM06,2026-01-01T05:20:00Z,2026-01-01T05:22:00Z,1998.2,7.3,12.1,4.3,79.0
TURB006,FARM06,2026-01-01T05:25:00Z,2026-01-01T05:29:00Z,1848.4,7.0,11.8,4.5,78.4
TURB006,FARM06,2026-01-01T05:30:00Z,2026-01-01T05:31:00Z,1736.9,6.8,11.6,4.6,77.9
TURB006,FARM06,2026-01-01T05:35:00Z,2026-01-01T05:38:00Z,1631.6,6.6,11.5,4.7,77.5
TURB006,FARM06,2026-01-01T05:40:00Z,2026-01-01T05:45:00Z,1608.1,6.6,11.5,4.7,77.3
TURB006,FARM06,2026-01-01T05:45:00Z,2026-01-01T05:47:00Z,1596.8,6.6,11.5,4.8,77.1
TURB006,FARM06,2026-01-01T05:50:00Z,2026-01-01T05:54:00Z,1634.9,6.7,11.6,4.8,77.1
TURB006,FARM06,2026-01-01T05:55:00Z,2026-01-01T05:56:00Z,1722.1,6.9,11.8,4.7,77.2
TURB006,FARM06,2026-01-01T06:00:00Z,2026-01-01T06:03:00Z,1820.9,7.1,12.0,4.6,77.3
TURB006,FARM06,2026-01-01T06:05:00Z,2026-01-01T06:10:00Z,1964.5,7.4,12.2,4.5,77.6
TURB006,FARM06,2026-01-01T06:10:00Z,2026-01-01T06:12:00Z,2149.2,7.8,12.6,4.4,78.0
TURB006,FARM06,2026-01-01T06:15:00Z,2026-01-01T06:19:00Z,2334.8,8.2,13.0,4.2,78.4
TURB006,FARM06,2026-01-01T06:20:00Z,2026-01-01T06:21:00Z,2517.0,8.6,13.4,4.0,78.9
TURB006,FARM06,2026-01-01T06:25:00Z,2026-01-01T06:28:00Z,2691.9,9.0,13.8,3.8,79.4
TURB006,FARM06,2026-01-01T06:30:00Z,2026-01-01T06:35:00Z,2892.3,9.5,14.2,3.6,80.1
TURB006,FARM06,2026-01-01T06:35:00Z,2026-01-01T06:37:00Z,3008.0,9.8,14.5,3.4,80.6
TURB006,FARM06,2026-01-01T06:40:00Z,2026-01-01T06:44:00Z,3146.2,10.2,14.9,3.2,81.2
TURB006,FARM06,2026-01-01T06:45:00Z,2026-01-01T06:46:00Z,3199.6,10.4,15.1,3.0,81.6
TURB006,FARM06,2026-01-01T06:50:00Z,2026-01-01T06:53:00Z,3278.1,10.7,15.4,2.8,82.1
TURB006,FARM06,2026-01-01T07:00:00Z,2026-01-01T07:02:00Z,3235.3,10.8,15.5,2.6,82.8
TURB006,FARM06,2026-01-01T07:05:00Z,2026-01-01T07:09:00Z,3194.2,10.8,15.5,2.5,83.1
TURB006,FARM06,2026-01-01T07:10:00Z,2026-01-01T07:11:00Z,3121.6,10.7,15.4,2.4,83.3
TURB006,FARM06,2026-01-01T07:15:00Z,2026-01-01T07:18:00Z,3021.4,10.5,15.2,2.4,83.4
TURB006,FARM06,2026-01-01T07:20:00Z,2026-01-01T07:25:00Z,2896.3,10.2,14.9,2.4,83.5
TURB006,FARM06,2026-01-01T07:25:00Z,2026-01-01T07:27:00Z,2784.3,9.9,14.7,2.4,83.5
TURB006,FARM06,2026-01-01T07:30:00Z,2026-01-01T07:34:00Z,2649.6,9.5,14.3,2.5,83.4
TURB006,FARM06,2026-01-01T07:35:00Z,2026-01-01T07:36:00Z,2491.5,9.0,13.8,2.6,83.2
TURB006,FARM06,2026-01-01T07:40:00Z,2026-01-01T07:43:00Z,2379.5,8.6,13.5,2.7,83.1
TURB006,FARM06,2026-01-01T07:45:00Z,2026-01-01T07:50:00Z,2238.4,8.1,13.0,2.9,82.8
TURB006,FARM06,2026-01-01T07:50:00Z,2026-01-01T07:52:00Z,2100.1,7.6,12.5,3.1,82.6
TURB006,FARM06,2026-01-01T07:55:00Z,2026-01-01T07:59:00Z,1996.4,7.2,12.2,3.2,82.4
TURB006,FARM06,2026-01-01T08:00:00Z,2026-01-01T08:01:00Z,1887.1,6.8,11.8,3.4,82.2
TURB006,FARM06,2026-01-01T08:05:00Z,2026-01-01T08:08:00Z,1768.5,6.4,11.4,3.6,81.9
TURB006,FARM06,2026-01-01T08:10:00Z,2026-01-01T08:15:00Z,1674.1,6.1,11.2,3.7,81.7
TURB006,FARM06,2026-01-01T08:15:00Z,2026-01-01T08:17:00Z,1602.5,5.9,11.0,3.9,81.6
TURB006,FARM06,2026-01-01T08:20:00Z,2026-01-01T08:24:00Z,1589.5,5.9,11.0,4.0,81.7
TURB006,FARM06,2026-01-01T08:25:00Z,2026-01-01T08:26:00Z,1564.7,5.9,10.9,4.1,81.7
TURB006,FARM06,2026-01-01T08:30:00Z,2026-01-01T08:33:00Z,1530.4,5.9,11.0,4.3,81.7
TURB006,FARM06,2026-01-01T08:35:00Z,2026-01-01T08:40:00Z,1490.3,5.9,11.0,4.4,81.6
TURB006,FARM06,2026-01-01T08:40:00Z,2026-01-01T08:42:00Z,1520.5,6.1,11.2,4.5,81.7
TURB006,FARM06,2026-01-01T08:45:00Z,2026-01-01T08:49:00Z,1589.4,6.4,11.4,4.5,81.9
TURB006,FARM06,2026-01-01T08:50:00Z,2026-01-01T08:51:00Z,1664.9,6.7,11.7,4.5,82.0
TURB006,FARM06,2026-01-01T08:55:00Z,2026-01-01T08:58:00Z,1786.5,7.1,12.1,4.5,82.3
TURB006,FARM06,2026-01-01T09:00:00Z,2026-01-01T09:05:00Z,1920.4,7.5,12.5,4.5,82.4
TURB006,FARM06,2026-01-01T09:05:00Z,2026-01-01T09:07:00Z,2103.8,8.0,12.9,4.4,82.7
TURB006,FARM06,2026-01-01T09:10:00Z,2026-01-01T09:14:00Z,2300.2,8.5,13.4,4.3,82.9
TURB006,FARM06,2026-01-01T09:15:00Z,2026-01-01T09:16:00Z,2471.9,8.9,13.8,4.3,83.1
TURB006,FARM06,2026-01-01T09:20:00Z,2026-01-01T09:38:00Z,2652.2,9.3,14.1,4.2,83.2
TURB006,FARM06,2026-01-01T09:25:00Z,2026-01-01T09:30:00Z,2837.2,9.7,14.5,4.0,83.3
TURB006,FARM06,2026-01-01T09:35:00Z,2026-01-01T09:39:00Z,3132.3,10.3,15.1,3.8,83.2
TURB006,FARM06,2026-01-01T09:40:00Z,2026-01-01T09:41:00Z,3234.3,10.5,15.2,3.7,83.1
TURB006,FARM06,2026-01-01T09:45:00Z,2026-01-01T09:48:00Z,3289.6,10.6,15.3,3.6,82.9
TURB006,FARM06,2026-01-01T09:50:00Z,2026-01-01T09:55:00Z,3296.0,10.6,15.3,3.5,82.6
TURB006,FARM06,2026-01-01T09:55:00Z,2026-01-01T09:57:00Z,3253.0,10.5,15.2,3.4,82.2
TURB006,FARM06,2026-01-01T10:00:00Z,2026-01-01T10:04:00Z,3197.3,10.4,15.1,3.3,81.8
TURB006,FARM06,2026-01-01T10:05:00Z,2026-01-01T10:06:00Z,3058.9,10.1,14.9,3.3,81.3
TURB006,FARM06,2026-01-01T10:10:00Z,2026-01-01T10:13:00Z,2948.9,9.9,14.7,3.2,80.8
TURB006,FARM06,2026-01-01T10:15:00Z,2026-01-01T10:20:00Z,2763.4,9.5,14.3,3.1,80.2
TURB006,FARM06,2026-01-01T10:20:00Z,2026-01-01T10:22:00Z,2578.5,9.1,13.9,3.1,79.7
TURB006,FARM06,2026-01-01T10:25:00Z,2026-01-01T10:29:00Z,2398.5,8.7,13.5,3.1,79.1
TURB006,FARM06,2026-01-01T10:30:00Z,2026-01-01T10:31:00Z,2227.2,8.3,13.2,3.1,78.6
TURB006,FARM06,2026-01-01T10:35:00Z,2026-01-01T10:38:00Z,2031.4,7.8,12.7,3.1,78.0
TURB006,FARM06,2026-01-01T10:40:00Z,2026-01-01T10:45:00Z,1884.6,7.4,12.3,3.1,77.6
TURB006,FARM06,2026-01-01T10:45:00Z,2026-01-01T10:47:00Z,1787.2,7.1,12.0,3.1,77.3
TURB006,FARM06,2026-01-01T10:50:00Z,2026-01-01T10:54:00Z,1702.1,6.8,11.7,3.2,77.0
TURB006,FARM06,2026-01-01T10:55:00Z,2026-01-01T10:56:00Z,1626.9,6.5,11.5,3.2,76.8
TURB006,FARM06,2026-01-01T11:00:00Z,2026-01-01T11:03:00Z,1594.3,6.3,11.3,3.3,76.7
TURB006,FARM06,2026-01-01T11:05:00Z,2026-01-01T11:10:00Z,1600.1,6.2,11.2,3.3,76.8
TURB006,FARM06,2026-01-01T11:10:00Z,2026-01-01T11:12:00Z,1640.0,6.2,11.2,3.3,76.9
TURB006,FARM06,2026-01-01T11:15:00Z,2026-01-01T11:19:00Z,1709.9,6.3,11.2,3.3,77.2
TURB006,FARM06,2026-01-01T11:20:00Z,2026-01-01T11:21:00Z,1770.4,6.4,11.3,3.4,77.6
TURB006,FARM06,2026-01-01T11:25:00Z,2026-01-01T11:28:00Z,1890.7,6.7,11.6,3.4,78.1
TURB006,FARM06,2026-01-01T11:30:00Z,2026-01-01T11:35:00Z,1997.8,7.0,11.9,3.4,78.7
TURB006,FARM06,2026-01-01T11:35:00Z,2026-01-01T11:37:00Z,2127.7,7.4,12.2,3.4,79.4
TURB006,FARM06,2026-01-01T11:40:00Z,2026-01-01T11:44:00Z,2245.8,7.8,12.6,3.4,80.1
TURB006,FARM06,2026-01-01T11:45:00Z,2026-01-01T11:46:00Z,2390.8,8.3,13.1,3.4,80.9
TURB006,FARM06,2026-01-01T11:50:00Z,2026-01-01T11:53:00Z,2494.3,8.7,13.4,3.5,81.6
TURB006,FARM06,2026-01-01T11:55:00Z,2026-01-01T12:00:00Z,2632.6,9.2,13.9,3.5,82.4
TURB006,FARM06,2026-01-01T12:00:00Z,2026-01-01T12:02:00Z,2773.9,9.7,14.3,3.5,83.2
TURB006,FARM06,2026-01-01T12:05:00Z,2026-01-01T12:09:00Z,2922.3,10.2,14.8,3.5,84.1
TURB006,FARM06,2026-01-01T12:10:00Z,2026-01-01T12:11:00Z,3045.0,10.6,15.2,3.5,84.7
TURB006,FARM06,2026-01-01T12:15:00Z,2026-01-01T12:18:00Z,3144.2,10.9,15.4,3.5,85.3
TURB006,FARM06,2026-01-01T12:20:00Z,2026-01-01T12:25:00Z,3256.8,11.2,15.7,3.5,85.9
TURB006,FARM06,2026-01-01T12:25:00Z,2026-01-01T12:27:00Z,3346.4,11.4,15.9,3.6,86.3
TURB006,FARM06,2026-01-01T12:30:00Z,2026-01-01T12:34:00Z,3411.0,11.5,16.0,3.6,86.7
TURB006,FARM06,2026-01-01T12:35:00Z,2026-01-01T12:36:00Z,3447.9,11.5,16.0,3.6,86.8
TURB006,FARM06,2026-01-01T12:40:00Z,2026-01-01T12:43:00Z,3489.1,11.5,16.0,3.7,87.0
TURB006,FARM06,2026-01-01T12:45:00Z,2026-01-01T12:50:00Z,3494.4,11.4,15.9,3.7,87.0
TURB006,FARM06,2026-01-01T12:50:00Z,2026-01-01T12:52:00Z,3423.6,11.1,15.6,3.7,86.8
TURB006,FARM06,2026-01-01T12:55:00Z,2026-01-01T12:59:00Z,3380.7,10.9,15.4,3.7,86.7
TURB006,FARM06,2026-01-01T13:00:00Z,2026-01-01T13:01:00Z,3254.7,10.5,15.0,3.8,86.3
TURB006,FARM06,2026-01-01T13:05:00Z,2026-01-01T13:08:00Z,3115.9,10.1,14.6,3.8,85.9
TURB006,FARM06,2026-01-01T13:10:00Z,2026-01-01T13:15:00Z,2963.6,9.7,14.3,3.8,85.4
TURB006,FARM06,2026-01-01T13:15:00Z,2026-01-01T13:17:00Z,2798.8,9.3,13.9,3.8,84.9
TURB006,FARM06,2026-01-01T13:20:00Z,2026-01-01T13:24:00Z,2587.5,8.8,13.4,3.8,84.3
TURB006,FARM06,2026-01-01T13:25:00Z,2026-01-01T13:26:00Z,2405.1,8.4,13.0,3.8,83.8
TURB006,FARM06,2026-01-01T13:30:00Z,2026-01-01T13:33:00Z,2219.4,8.0,12.7,3.8,83.2
TURB006,FARM06,2026-01-01T13:35:00Z,2026-01-01T13:40:00Z,2070.8,7.7,12.4,3.7,82.7
TURB006,FARM06,2026-01-01T13:40:00Z,2026-01-01T13:42:00Z,1927.5,7.4,12.1,3.7,82.1
TURB006,FARM06,2026-01-01T13:45:00Z,2026-01-01T14:03:00Z,1829.2,7.2,11.9,3.6,81.7
TURB006,FARM06,2026-01-01T13:50:00Z,2026-01-01T13:51:00Z,1778.5,7.1,11.8,3.5,81.3
TURB006,FARM06,2026-01-01T13:55:00Z,2026-01-01T13:58:00Z,1777.0,7.1,11.8,3.4,81.0
TURB006,FARM06,2026-01-01T14:00:00Z,2026-01-01T14:05:00Z,1788.9,7.1,11.8,3.3,80.7
TURB006,FARM06,2026-01-01T14:05:00Z,2026-01-01T14:07:00Z,1848.8,7.2,11.9,3.2,80.5
TURB006,FARM06,2026-01-01T14:10:00Z,2026-01-01T14:14:00Z,1954.4,7.4,12.1,3.1,80.4
TURB006,FARM06,2026-01-01T14:15:00Z,2026-01-01T14:16:00Z,2102.2,7.7,12.4,3.0,80.3
TURB006,FARM06,2026-01-01T14:20:00Z,2026-01-01T14:23:00Z,2288.0,8.1,12.7,2.9,80.4
TURB006,FARM06,2026-01-01T14:25:00Z,2026-01-01T14:30:00Z,2471.5,8.5,13.1,2.7,80.5
TURB006,FARM06,2026-01-01T14:30:00Z,2026-01-01T14:32:00Z,2648.7,8.9,13.5,2.7,80.6
TURB006,FARM06,2026-01-01T14:35:00Z,2026-01-01T14:39:00Z,2816.1,9.3,13.9,2.6,80.7
TURB006,FARM06,2026-01-01T14:40:00Z,2026-01-01T14:41:00Z,3007.2,9.8,14.3,2.5,81.0
TURB006,FARM06,2026-01-01T14:45:00Z,2026-01-01T14:48:00Z,3149.0,10.2,14.7,2.5,81.2
TURB006,FARM06,2026-01-01T14:50:00Z,2026-01-01T14:55:00Z,3277.7,10.6,15.1,2.5,81.4
TURB006,FARM06,2026-01-01T14:55:00Z,2026-01-01T14:57:00Z,3394.8,11.0,15.4,2.5,81.6
TURB006,FARM06,2026-01-01T15:00:00Z,2026-01-01T15:04:00Z,3467.1,11.3,15.7,2.5,81.7
TURB006,FARM06,2026-01-01T15:05:00Z,2026-01-01T15:06:00Z,3500.0,11.6,16.0,2.5,81.9
TURB006,FARM06,2026-01-01T15:10:00Z,2026-01-01T15:13:00Z,3500.0,11.7,16.1,2.6,81.9
TURB006,FARM06,2026-01-01T15:15:00Z,2026-01-01T15:20:00Z,3500.0,11.8,16.2,2.7,82.0
TURB006,FARM06,2026-01-01T15:20:00Z,2026-01-01T15:22:00Z,3495.8,11.8,16.2,2.8,82.0
TURB006,FARM06,2026-01-01T15:25:00Z,2026-01-01T15:29:00Z,3439.6,11.7,16.1,3.0,81.9
TURB006,FARM06,2026-01-01T15:30:00Z,2026-01-01T15:31:00Z,3360.0,11.5,15.9,3.1,81.8
TURB006,FARM06,2026-01-01T15:35:00Z,2026-01-01T15:38:00Z,3293.9,11.3,15.7,3.3,81.7
TURB006,FARM06,2026-01-01T15:40:00Z,2026-01-01T15:45:00Z,3204.6,11.0,15.5,3.5,81.5
TURB006,FARM06,2026-01-01T15:45:00Z,2026-01-01T15:47:00Z,3090.2,10.6,15.1,3.6,81.3
TURB006,FARM06,2026-01-01T15:50:00Z,2026-01-01T15:54:00Z,2947.7,10.1,14.6,3.8,81.0
TURB006,FARM06,2026-01-01T15:55:00Z,2026-01-01T15:56:00Z,2845.1,9.7,14.3,4.0,80.8
TURB006,FARM06,2026-01-01T16:00:00Z,2026-01-01T16:03:00Z,2706.2,9.2,13.8,4.1,80.6
TURB006,FARM06,2026-01-01T16:05:00Z,2026-01-01T16:10:00Z,2562.7,8.7,13.4,4.3,80.4
TURB006,FARM06,2026-01-01T16:10:00Z,2026-01-01T16:12:00Z,2446.9,8.3,13.0,4.4,80.2
TURB006,FARM06,2026-01-01T16:15:00Z,2026-01-01T16:19:00Z,2283.8,7.8,12.5,4.5,80.0
TURB006,FARM06,2026-01-01T16:20:00Z,2026-01-01T16:21:00Z,2143.7,7.4,12.2,4.6,80.0
TURB006,FARM06,2026-01-01T16:25:00Z,2026-01-01T16:28:00Z,2026.2,7.1,11.9,4.6,80.0
TURB006,FARM06,2026-01-01T16:30:00Z,2026-01-01T16:35:00Z,1932.2,6.9,11.7,4.6,80.1
TURB006,FARM06,2026-01-01T16:35:00Z,2026-01-01T16:37:00Z,1828.1,6.7,11.5,4.5,80.2
TURB006,FARM06,2026-01-01T16:40:00Z,2026-01-01T16:44:00Z,1753.2,6.6,11.5,4.5,80.4
TURB006,FARM06,2026-01-01T16:45:00Z,2026-01-01T16:46:00Z,1711.4,6.6,11.5,4.4,80.7
TURB006,FARM06,2026-01-01T16:50:00Z,2026-01-01T16:53:00Z,1707.2,6.7,11.6,4.2,81.1
TURB006,FARM06,2026-01-01T16:55:00Z,2026-01-01T17:00:00Z,1744.6,6.9,11.7,4.1,81.6
TURB006,FARM06,2026-01-01T17:00:00Z,2026-01-01T17:02:00Z,1791.3,7.1,11.9,3.9,82.0
TURB006,FARM06,2026-01-01T17:05:00Z,2026-01-01T17:09:00Z,1885.8,7.4,12.2,3.7,82.5
TURB006,FARM06,2026-01-01T17:10:00Z,2026-01-01T17:11:00Z,1993.6,7.7,12.5,3.5,83.0
TURB006,FARM06,2026-01-01T17:15:00Z,2026-01-01T17:18:00Z,2150.7,8.1,12.9,3.3,83.6
TURB006,FARM06,2026-01-01T17:20:00Z,2026-01-01T17:25:00Z,2355.7,8.6,13.4,3.1,84.2
TURB006,FARM06,2026-01-01T17:25:00Z,2026-01-01T17:27:00Z,2534.0,9.0,13.7,2.9,84.7
TURB006,FARM06,2026-01-01T17:30:00Z,2026-01-01T17:34:00Z,2718.2,9.4,14.1,2.7,85.2
TURB006,FARM06,2026-01-01T17:35:00Z,2026-01-01T17:36:00Z,2903.9,9.8,14.5,2.6,85.6
TURB006,FARM06,2026-01-01T17:40:00Z,2026-01-01T17:43:00Z,3051.0,10.1,14.8,2.4,85.9
TURB006,FARM06,2026-01-01T17:45:00Z,2026-01-01T17:50:00Z,3191.4,10.4,15.1,2.3,86.1
TURB006,FARM06,2026-01-01T17:50:00Z,2026-01-01T17:52:00Z,3321.7,10.7,15.3,2.2,86.4
TURB006,FARM06,2026-01-01T17:55:00Z,2026-01-01T17:59:00Z,3367.6,10.8,15.5,2.2,86.3
TURB006,FARM06,2026-01-01T18:00:00Z,2026-01-01T18:01:00Z,3400.1,10.9,15.5,2.2,86.3
TURB006,FARM06,2026-01-01T18:05:00Z,2026-01-01T18:08:00Z,3383.6,10.9,15.5,2.2,86.1
TURB006,FARM06,2026-01-01T18:10:00Z,2026-01-01T18:28:00Z,3319.7,10.8,15.5,2.3,85.8
TURB006,FARM06,2026-01-01T18:15:00Z,2026-01-01T18:17:00Z,3211.4,10.6,15.3,2.4,85.4
TURB006,FARM06,2026-01-01T18:20:00Z,2026-01-01T18:24:00Z,3062.4,10.3,15.0,2.6,84.8
TURB006,FARM06,2026-01-01T18:25:00Z,2026-01-01T18:26:00Z,2912.9,10.0,14.7,2.7,84.2
TURB006,FARM06,2026-01-01T18:30:00Z,2026-01-01T18:33:00Z,2731.3,9.6,14.4,2.9,83.5
TURB006,FARM06,2026-01-01T18:40:00Z,2026-01-01T18:42:00Z,2358.3,8.7,13.6,3.4,82.0
TURB006,FARM06,2026-01-01T18:45:00Z,2026-01-01T18:49:00Z,2208.0,8.3,13.2,3.6,81.3
TURB006,FARM06,2026-01-01T18:50:00Z,2026-01-01T18:51:00Z,2035.2,7.8,12.7,3.8,80.5
TURB006,FARM06,2026-01-01T18:55:00Z,2026-01-01T18:58:00Z,1875.0,7.3,12.3,4.1,79.7
TURB006,FARM06,2026-01-01T19:00:00Z,2026-01-01T19:05:00Z,1761.5,6.9,11.9,4.3,79.0
TURB006,FARM06,2026-01-01T19:05:00Z,2026-01-01T19:07:00Z,1655.5,6.5,11.5,4.5,78.3
TURB006,FARM06,2026-01-01T19:10:00Z,2026-01-01T19:14:00Z,1589.1,6.2,11.3,4.6,77.7
TURB006,FARM06,2026-01-01T19:15:00Z,2026-01-01T19:16:00Z,1557.9,6.0,11.1,4.8,77.2
TURB006,FARM06,2026-01-01T19:20:00Z,2026-01-01T19:23:00Z,1557.8,5.9,11.0,4.8,76.9
TURB006,FARM06,2026-01-01T19:25:00Z,2026-01-01T19:30:00Z,1585.0,5.9,10.9,4.9,76.7
TURB006,FARM06,2026-01-01T19:30:00Z,2026-01-01T19:32:00Z,1600.7,5.9,11.0,4.9,76.5
TURB006,FARM06,2026-01-01T19:35:00Z,2026-01-01T19:39:00Z,1603.4,5.9,11.0,4.9,76.4
TURB006,FARM06,2026-01-01T19:40:00Z,2026-01-01T19:41:00Z,1628.6,6.0,11.1,4.9,76.3
TURB006,FARM06,2026-01-01T19:45:00Z,2026-01-01T19:48:00Z,1713.6,6.3,11.4,4.8,76.6
TURB006,FARM06,2026-01-01T19:50:00Z,2026-01-01T19:55:00Z,1788.7,6.6,11.6,4.7,76.8
TURB006,FARM06,2026-01-01T19:55:00Z,2026-01-01T19:57:00Z,1893.3,7.0,12.0,4.6,77.2
TURB006,FARM06,2026-01-01T20:00:00Z,2026-01-01T20:04:00Z,1995.5,7.4,12.4,4.4,77.6
TURB006,FARM06,2026-01-01T20:05:00Z,2026-01-01T20:06:00Z,2135.6,7.9,12.8,4.2,78.2
TURB006,FARM06,2026-01-01T20:10:00Z,2026-01-01T20:13:00Z,2245.7,8.3,13.2,4.0,78.7
TURB006,FARM06,2026-01-01T20:15:00Z,2026-01-01T20:20:00Z,2401.4,8.8,13.7,3.8,79.3
TURB006,FARM06,2026-01-01T20:20:00Z,2026-01-01T20:22:00Z,2533.2,9.2,14.1,3.6,79.9
TURB006,FARM06,2026-01-01T20:25:00Z,2026-01-01T20:29:00Z,2678.3,9.6,14.4,3.4,80.5
TURB006,FARM06,2026-01-01T20:30:00Z,2026-01-01T20:31:00Z,2800.6,9.9,14.7,3.2,81.0
TURB006,FARM06,2026-01-01T20:35:00Z,2026-01-01T20:38:00Z,2934.6,10.2,15.0,3.0,81.6
TURB006,FARM06,2026-01-01T20:40:00Z,2026-01-01T20:45:00Z,3041.6,10.4,15.2,2.8,82.0
TURB006,FARM06,2026-01-01T20:45:00Z,2026-01-01T20:47:00Z,3118.1,10.5,15.3,2.7,82.4
TURB006,FARM06,2026-01-01T20:50:00Z,2026-01-01T20:54:00Z,3195.8,10.6,15.3,2.6,82.8
TURB006,FARM06,2026-01-01T20:55:00Z,2026-01-01T20:56:00Z,3198.4,10.5,15.2,2.5,83.0
TURB006,FARM06,2026-01-01T21:00:00Z,2026-01-01T21:03:00Z,3194.0,10.4,15.1,2.4,83.2
TURB006,FARM06,2026-01-01T21:05:00Z,2026-01-01T21:10:00Z,3143.2,10.2,15.0,2.4,83.4
TURB006,FARM06,2026-01-01T21:15:00Z,2026-01-01T21:19:00Z,2931.1,9.6,14.4,2.5,83.4
TURB006,FARM06,2026-01-01T21:20:00Z,2026-01-01T21:21:00Z,2769.4,9.2,14.0,2.6,83.3
TURB006,FARM06,2026-01-01T21:25:00Z,2026-01-01T21:28:00Z,2596.6,8.8,13.6,2.7,83.2
TURB006,FARM06,2026-01-01T21:30:00Z,2026-01-01T21:35:00Z,2415.7,8.4,13.3,2.8,83.0
TURB006,FARM06,2026-01-01T21:35:00Z,2026-01-01T21:37:00Z,2194.4,7.9,12.8,3.0,82.8
TURB006,FARM06,2026-01-01T21:40:00Z,2026-01-01T21:44:00Z,2009.1,7.5,12.4,3.1,82.6
TURB006,FARM06,2026-01-01T21:45:00Z,2026-01-01T21:46:00Z,1828.1,7.1,12.0,3.3,82.4
TURB006,FARM06,2026-01-01T21:50:00Z,2026-01-01T21:53:00Z,1691.1,6.8,11.8,3.4,82.3
TURB006,FARM06,2026-01-01T21:55:00Z,2026-01-01T22:00:00Z,1565.1,6.5,11.5,3.6,82.1
TURB006,FARM06,2026-01-01T22:00:00Z,2026-01-01T22:02:00Z,1488.1,6.3,11.3,3.8,82.0
TURB006,FARM06,2026-01-01T22:05:00Z,2026-01-01T22:09:00Z,1460.5,6.2,11.2,3.9,82.0
TURB006,FARM06,2026-01-01T22:10:00Z,2026-01-01T22:11:00Z,1481.5,6.2,11.2,4.0,82.0
TURB006,FARM06,2026-01-01T22:15:00Z,2026-01-01T22:18:00Z,1512.9,6.2,11.2,4.2,82.0
TURB006,FARM06,2026-01-01T22:20:00Z,2026-01-01T22:25:00Z,1587.4,6.3,11.3,4.3,82.0
TURB006,FARM06,2026-01-01T22:25:00Z,2026-01-01T22:27:00Z,1737.1,6.6,11.5,4.3,82.3
TURB006,FARM06,2026-01-01T22:30:00Z,2026-01-01T22:34:00Z,1885.6,6.9,11.8,4.3,82.5
TURB006,FARM06,2026-01-01T22:35:00Z,2026-01-01T22:53:00Z,2028.8,7.2,12.1,4.4,82.6
TURB006,FARM06,2026-01-01T22:40:00Z,2026-01-01T22:43:00Z,2199.0,7.6,12.4,4.4,82.8
TURB006,FARM06,2026-01-01T22:45:00Z,2026-01-01T22:50:00Z,2393.6,8.1,12.9,4.3,83.1
TURB006,FARM06,2026-01-01T22:50:00Z,2026-01-01T22:52:00Z,2574.9,8.6,13.3,4.3,83.4
TURB006,FARM06,2026-01-01T22:55:00Z,2026-01-01T22:59:00Z,2706.9,9.0,13.7,4.2,83.5
TURB006,FARM06,2026-01-01T23:00:00Z,2026-01-01T23:01:00Z,2862.8,9.5,14.2,4.1,83.8
TURB006,FARM06,2026-01-01T23:05:00Z,2026-01-01T23:08:00Z,3009.2,10.0,14.6,4.0,84.0
TURB006,FARM06,2026-01-01T23:10:00Z,2026-01-01T23:15:00Z,3113.3,10.4,15.0,3.9,84.1
TURB006,FARM06,2026-01-01T23:15:00Z,2026-01-01T23:17:00Z,3215.5,10.8,15.3,3.8,84.1
TURB006,FARM06,2026-01-01T23:20:00Z,2026-01-01T23:24:00Z,3284.1,11.1,15.6,3.6,84.1
TURB006,FARM06,2026-01-01T23:25:00Z,2026-01-01T23:26:00Z,3323.0,11.3,15.8,3.5,84.0
TURB006,FARM06,2026-01-01T23:30:00Z,2026-01-01T23:33:00Z,3335.7,11.4,15.9,3.4,83.8
TURB006,FARM06,2026-01-01T23:35:00Z,2026-01-01T23:40:00Z,3360.7,11.5,16.0,3.3,83.6
TURB006,FARM06,2026-01-01T23:40:00Z,2026-01-01T23:42:00Z,3363.1,11.5,16.0,3.2,83.3
TURB006,FARM06,2026-01-01T23:50:00Z,2026-01-01T23:51:00Z,3297.6,11.2,15.7,3.0,82.5
TURB006,FARM06,2026-01-01T23:55:00Z,2026-01-01T23:58:00Z,3225.3,10.9,15.4,3.0,81.9
TURB006,FARM06,2026-01-02T00:00:00Z,2026-01-02T00:05:00Z,3158.1,10.6,15.1,2.9,81.4
TURB006,FARM06,2026-01-02T00:05:00Z,2026-01-02T00:07:00Z,3055.7,10.2,14.7,2.9,80.8
TURB006,FARM06,2026-01-02T00:10:00Z,2026-01-02T00:14:00Z,2949.8,9.8,14.4,2.9,80.3
TURB006,FARM06,2026-01-02T00:15:00Z,2026-01-02T00:16:00Z,2836.5,9.4,14.0,2.9,79.7
TURB006,FARM06,2026-01-02T00:20:00Z,2026-01-02T00:23:00Z,2676.6,8.9,13.5,2.9,79.2
TURB006,FARM06,2026-01-02T00:25:00Z,2026-01-02T00:30:00Z,2540.0,8.5,13.1,2.9,78.7
TURB006,FARM06,2026-01-02T00:30:00Z,2026-01-02T00:32:00Z,2390.0,8.1,12.8,2.9,78.3
TURB006,FARM06,2026-01-02T00:35:00Z,2026-01-02T00:39:00Z,2263.1,7.8,12.5,3.0,78.0
TURB006,FARM06,2026-01-02T00:40:00Z,2026-01-02T00:41:00Z,2125.4,7.5,12.2,3.0,77.8
TURB006,FARM06,2026-01-02T00:45:00Z,2026-01-02T00:48:00Z,2015.9,7.3,12.0,3.0,77.7
TURB006,FARM06,2026-01-02T00:50:00Z,2026-01-02T00:55:00Z,1902.4,7.1,11.8,3.1,77.6
TURB006,FARM06,2026-01-02T00:55:00Z,2026-01-02T00:57:00Z,1861.4,7.1,11.8,3.1,77.8
TURB006,FARM06,2026-01-02T01:00:00Z,2026-01-02T01:04:00Z,1824.9,7.1,11.8,3.1,78.0
TURB006,FARM06,2026-01-02T01:05:00Z,2026-01-02T01:06:00Z,1832.9,7.2,11.9,3.2,78.3
TURB006,FARM06,2026-01-02T01:10:00Z,2026-01-02T01:13:00Z,1888.1,7.4,12.1,3.2,78.7
TURB006,FARM06,2026-01-02T01:15:00Z,2026-01-02T01:20:00Z,1956.3,7.6,12.3,3.2,79.2
TURB006,FARM06,2026-01-02T01:20:00Z,2026-01-02T01:22:00Z,2110.0,8.0,12.6,3.2,79.9
TURB006,FARM06,2026-01-02T01:25:00Z,2026-01-02T01:29:00Z,2240.1,8.3,12.9,3.3,80.5
TURB006,FARM06,2026-01-02T01:30:00Z,2026-01-02T01:31:00Z,2452.3,8.8,13.4,3.3,81.3
TURB006,FARM06,2026-01-02T01:35:00Z,2026-01-02T01:38:00Z,2635.3,9.2,13.8,3.3,82.0
TURB006,FARM06,2026-01-02T01:40:00Z,2026-01-02T01:45:00Z,2857.0,9.7,14.2,3.3,82.8
TURB006,FARM06,2026-01-02T01:45:00Z,2026-01-02T01:47:00Z,3041.2,10.1,14.6,3.3,83.5
TURB006,FARM06,2026-01-02T01:50:00Z,2026-01-02T01:54:00Z,3219.7,10.5,15.0,3.4,84.2
TURB006,FARM06,2026-01-02T01:55:00Z,2026-01-02T01:56:00Z,3389.0,10.9,15.3,3.4,84.9
TURB006,FARM06,2026-01-02T02:00:00Z,2026-01-02T02:03:00Z,3500.0,11.2,15.6,3.4,85.5
TURB006,FARM06,2026-01-02T02:05:00Z,2026-01-02T02:10:00Z,3500.0,11.5,15.9,3.4,86.1
TURB006,FARM06,2026-01-02T02:10:00Z,2026-01-02T02:12:00Z,3500.0,11.7,16.1,3.5,86.6
TURB006,FARM06,2026-01-02T02:15:00Z,2026-01-02T02:19:00Z,3500.0,11.8,16.2,3.5,86.9
TURB006,FARM06,2026-01-02T02:25:00Z,2026-01-02T02:28:00Z,3500.0,11.8,16.2,3.6,87.3
TURB006,FARM06,2026-01-02T02:30:00Z,2026-01-02T02:35:00Z,3499.6,11.6,16.0,3.6,87.2
TURB006,FARM06,2026-01-02T02:35:00Z,2026-01-02T02:37:00Z,3388.6,11.4,15.8,3.7,87.1
TURB006,FARM06,2026-01-02T02:40:00Z,2026-01-02T02:44:00Z,3248.3,11.1,15.5,3.7,86.9
TURB006,FARM06,2026-01-02T02:45:00Z,2026-01-02T02:46:00Z,3082.1,10.7,15.2,3.8,86.5
TURB006,FARM06,2026-01-02T02:50:00Z,2026-01-02T02:53:00Z,2928.4,10.3,14.8,3.8,86.1
TURB006,FARM06,2026-01-02T02:55:00Z,2026-01-02T03:00:00Z,2752.0,9.8,14.4,3.8,85.6
TURB006,FARM06,2026-01-02T03:00:00Z,2026-01-02T03:18:00Z,2624.7,9.4,14.0,3.8,85.1
TURB006,FARM06,2026-01-02T03:05:00Z,2026-01-02T03:09:00Z,2472.6,8.9,13.5,3.8,84.5
TURB006,FARM06,2026-01-02T03:10:00Z,2026-01-02T03:11:00Z,2329.0,8.4,13.1,3.8,83.8
TURB006,FARM06,2026-01-02T03:15:00Z,2026-01-02T03:18:00Z,2226.1,8.0,12.7,3.8,83.3
TURB006,FARM06,2026-01-02T03:20:00Z,2026-01-02T03:25:00Z,2123.5,7.6,12.3,3.8,82.6
TURB006,FARM06,2026-01-02T03:25:00Z,2026-01-02T03:27:00Z,2017.1,7.2,12.0,3.8,82.0
TURB006,FARM06,2026-01-02T03:30:00Z,2026-01-02T03:34:00Z,1974.9,7.0,11.8,3.7,81.6
TURB006,FARM06,2026-01-02T03:35:00Z,2026-01-02T03:36:00Z,1921.8,6.8,11.6,3.6,81.1
TURB006,FARM06,2026-01-02T03:40:00Z,2026-01-02T03:43:00Z,1892.0,6.7,11.5,3.5,80.7
TURB006,FARM06,2026-01-02T03:45:00Z,2026-01-02T03:50:00Z,1848.7,6.6,11.5,3.5,80.3
TURB006,FARM06,2026-01-02T03:50:00Z,2026-01-02T03:52:00Z,1864.7,6.7,11.5,3.4,80.1
TURB006,FARM06,2026-01-02T03:55:00Z,2026-01-02T03:59:00Z,1870.1,6.8,11.7,3.3,79.9
TURB006,FARM06,2026-01-02T04:00:00Z,2026-01-02T04:01:00Z,1940.0,7.1,11.9,3.1,79.8
TURB006,FARM06,2026-01-02T04:05:00Z,2026-01-02T04:08:00Z,2006.5,7.4,12.2,3.0,79.8
TURB006,FARM06,2026-01-02T04:10:00Z,2026-01-02T04:15:00Z,2073.7,7.7,12.5,2.9,79.8
TURB006,FARM06,2026-01-02T04:15:00Z,2026-01-02T04:17:00Z,2181.8,8.1,12.9,2.8,79.9
TURB006,FARM06,2026-01-02T04:20:00Z,2026-01-02T04:24:00Z,2298.7,8.5,13.3,2.8,80.0
TURB006,FARM06,2026-01-02T04:25:00Z,2026-01-02T04:26:00Z,2427.2,8.9,13.6,2.7,80.2
TURB006,FARM06,2026-01-02T04:30:00Z,2026-01-02T04:33:00Z,2568.7,9.3,14.0,2.7,80.3
TURB006,FARM06,2026-01-02T04:35:00Z,2026-01-02T04:40:00Z,2723.6,9.7,14.4,2.6,80.5
TURB006,FARM06,2026-01-02T04:40:00Z,2026-01-02T04:42:00Z,2890.7,10.1,14.8,2.6,80.7
TURB006,FARM06,2026-01-02T04:45:00Z,2026-01-02T04:49:00Z,3031.7,10.4,15.1,2.7,80.9
TURB006,FARM06,2026-01-02T04:50:00Z,2026-01-02T04:51:00Z,3143.2,10.6,15.3,2.7,81.0
TURB006,FARM06,2026-01-02T05:00:00Z,2026-01-02T05:05:00Z,3332.8,10.9,15.5,2.9,81.1
TURB006,FARM06,2026-01-02T05:05:00Z,2026-01-02T05:07:00Z,3366.6,10.9,15.5,3.0,81.1
TURB006,FARM06,2026-01-02T05:10:00Z,2026-01-02T05:14:00Z,3354.8,10.8,15.5,3.1,81.0
TURB006,FARM06,2026-01-02T05:15:00Z,2026-01-02T05:16:00Z,3330.9,10.7,15.4,3.3,81.0
TURB006,FARM06,2026-01-02T05:20:00Z,2026-01-02T05:23:00Z,3221.6,10.4,15.1,3.5,80.8
TURB006,FARM06,2026-01-02T05:25:00Z,2026-01-02T05:30:00Z,3099.2,10.1,14.8,3.6,80.6
TURB006,FARM06,2026-01-02T05:30:00Z,2026-01-02T05:32:00Z,2965.1,9.8,14.5,3.8,80.4
TURB006,FARM06,2026-01-02T05:35:00Z,2026-01-02T05:39:00Z,2750.0,9.3,14.1,4.0,80.1
TURB006,FARM06,2026-01-02T05:40:00Z,2026-01-02T05:41:00Z,2565.4,8.9,13.7,4.2,80.0
TURB006,FARM06,2026-01-02T05:45:00Z,2026-01-02T05:48:00Z,2343.7,8.4,13.3,4.3,79.7
TURB006,FARM06,2026-01-02T05:50:00Z,2026-01-02T05:55:00Z,2125.2,7.9,12.8,4.5,79.5
TURB006,FARM06,2026-01-02T05:55:00Z,2026-01-02T05:57:00Z,1949.7,7.5,12.4,4.6,79.3
TURB006,FARM06,2026-01-02T06:00:00Z,2026-01-02T06:04:00Z,1748.7,7.0,12.0,4.7,79.1
TURB006,FARM06,2026-01-02T06:05:00Z,2026-01-02T06:06:00Z,1596.1,6.6,11.6,4.8,79.0
TURB006,FARM06,2026-01-02T06:10:00Z,2026-01-02T06:13:00Z,1493.0,6.3,11.3,4.8,79.1
TURB006,FARM06,2026-01-02T06:15:00Z,2026-01-02T06:20:00Z,1438.9,6.1,11.1,4.8,79.2
TURB006,FARM06,2026-01-02T06:20:00Z,2026-01-02T06:22:00Z,1395.8,5.9,11.0,4.7,79.3
TURB006,FARM06,2026-01-02T06:25:00Z,2026-01-02T06:29:00Z,1432.8,5.9,11.0,4.7,79.6
TURB006,FARM06,2026-01-02T06:30:00Z,2026-01-02T06:31:00Z,1474.0,5.9,11.0,4.6,79.9
TURB006,FARM06,2026-01-02T06:35:00Z,2026-01-02T06:38:00Z,1515.3,5.9,11.0,4.5,80.2
TURB006,FARM06,2026-01-02T06:40:00Z,2026-01-02T06:45:00Z,1588.3,6.0,11.1,4.3,80.6
TURB006,FARM06,2026-01-02T06:45:00Z,2026-01-02T06:47:00Z,1689.2,6.2,11.3,4.2,81.0
TURB006,FARM06,2026-01-02T06:50:00Z,2026-01-02T06:54:00Z,1815.0,6.5,11.6,4.0,81.6
TURB006,FARM06,2026-01-02T06:55:00Z,2026-01-02T06:56:00Z,1963.9,6.9,11.9,3.7,82.2
TURB006,FARM06,2026-01-02T07:00:00Z,2026-01-02T07:03:00Z,2099.3,7.3,12.3,3.5,82.7
TURB006,FARM06,2026-01-02T07:05:00Z,2026-01-02T07:10:00Z,2222.2,7.7,12.7,3.3,83.3
TURB006,FARM06,2026-01-02T07:10:00Z,2026-01-02T07:12:00Z,2370.8,8.2,13.1,3.1,83.9
TURB006,FARM06,2026-01-02T07:15:00Z,2026-01-02T07:19:00Z,2512.2,8.7,13.6,2.9,84.5
TURB006,FARM06,2026-01-02T07:20:00Z,2026-01-02T07:21:00Z,2614.5,9.1,14.0,2.7,84.9
TURB006,FARM06,2026-01-02T07:25:00Z,2026-01-02T07:43:00Z,2718.0,9.5,14.3,2.6,85.3
TURB006,FARM06,2026-01-02T07:35:00Z,2026-01-02T07:37:00Z,2872.7,10.1,14.9,2.4,85.8
TURB006,FARM06,2026-01-02T07:40:00Z,2026-01-02T07:44:00Z,2966.3,10.4,15.2,2.3,86.0
TURB006,FARM06,2026-01-02T07:45:00Z,2026-01-02T07:46:00Z,3001.1,10.5,15.3,2.3,85.9
TURB006,FARM06,2026-01-02T07:50:00Z,2026-01-02T07:53:00Z,3049.3,10.6,15.3,2.3,85.9
TURB006,FARM06,2026-01-02T07:55:00Z,2026-01-02T08:00:00Z,3037.5,10.5,15.3,2.4,85.6
TURB006,FARM06,2026-01-02T08:00:00Z,2026-01-02T08:02:00Z,3035.3,10.4,15.2,2.5,85.2
TURB006,FARM06,2026-01-02T08:05:00Z,2026-01-02T08:09:00Z,3003.1,10.2,15.0,2.6,84.8
TURB006,FARM06,2026-01-02T08:10:00Z,2026-01-02T08:11:00Z,2972.9,10.0,14.8,2.7,84.3
TURB006,FARM06,2026-01-02T08:15:00Z,2026-01-02T08:18:00Z,2868.3,9.6,14.4,2.9,83.6
TURB006,FARM06,2026-01-02T08:20:00Z,2026-01-02T08:25:00Z,2793.3,9.3,14.1,3.1,83.0
TURB006,FARM06,2026-01-02T08:25:00Z,2026-01-02T08:27:00Z,2672.5,8.9,13.7,3.3,82.3
TURB006,FARM06,2026-01-02T08:30:00Z,2026-01-02T08:34:00Z,2503.3,8.4,13.3,3.5,81.5
TURB006,FARM06,2026-01-02T08:35:00Z,2026-01-02T08:36:00Z,2356.8,8.0,12.9,3.7,80.8
TURB006,FARM06,2026-01-02T08:40:00Z,2026-01-02T08:43:00Z,2197.2,7.6,12.5,4.0,80.1
TURB006,FARM06,2026-01-02T08:45:00Z,2026-01-02T08:50:00Z,2026.1,7.2,12.1,4.2,79.4
TURB006,FARM06,2026-01-02T08:50:00Z,2026-01-02T08:52:00Z,1846.3,6.8,11.8,4.4,78.7
TURB006,FARM06,2026-01-02T08:55:00Z,2026-01-02T08:59:00Z,1733.5,6.6,11.6,4.5,78.2
TURB006,FARM06,2026-01-02T09:00:00Z,2026-01-02T09:01:00Z,1583.9,6.3,11.3,4.7,77.6
TURB006,FARM06,2026-01-02T09:05:00Z,2026-01-02T09:08:00Z,1509.8,6.2,11.2,4.8,77.3
TURB006,FARM06,2026-01-02T09:10:00Z,2026-01-02T09:15:00Z,1443.2,6.1,11.1,4.8,76.9
TURB006,FARM06,2026-01-02T09:15:00Z,2026-01-02T09:17:00Z,1423.3,6.1,11.1,4.9,76.8
TURB006,FARM06,2026-01-02T09:20:00Z,2026-01-02T09:24:00Z,1488.0,6.3,11.3,4.8,76.8
TURB006,FARM06,2026-01-02T09:25:00Z,2026-01-02T09:26:00Z,1566.2,6.5,11.4,4.8,76.9
TURB006,FARM06,2026-01-02T09:30:00Z,2026-01-02T09:33:00Z,1657.2,6.7,11.6,4.7,77.0
TURB006,FARM06,2026-01-02T09:35:00Z,2026-01-02T09:40:00Z,1831.0,7.1,12.0,4.6,77.3
TURB006,FARM06,2026-01-02T09:40:00Z,2026-01-02T09:42:00Z,2012.6,7.5,12.3,4.5,77.7
TURB006,FARM06,2026-01-02T09:45:00Z,2026-01-02T09:49:00Z,2198.0,7.9,12.7,4.3,78.1
TURB006,FARM06,2026-01-02T09:50:00Z,2026-01-02T09:51:00Z,2419.1,8.4,13.2,4.1,78.7
TURB006,FARM06,2026-01-02T09:55:00Z,2026-01-02T09:58:00Z,2635.4,8.9,13.6,3.9,79.3
TURB006,FARM06,2026-01-02T10:00:00Z,2026-01-02T10:05:00Z,2843.4,9.4,14.1,3.7,79.9
TURB006,FARM06,2026-01-02T10:10:00Z,2026-01-02T10:14:00Z,3151.6,10.2,14.8,3.3,81.0
TURB006,FARM06,2026-01-02T10:15:00Z,2026-01-02T10:16:00Z,3285.8,10.6,15.2,3.1,81.6
TURB006,FARM06,2026-01-02T10:20:00Z,2026-01-02T10:23:00Z,3407.6,11.0,15.5,2.8,82.3
TURB006,FARM06,2026-01-02T10:25:00Z,2026-01-02T10:30:00Z,3447.3,11.2,15.7,2.7,82.7
TURB006,FARM06,2026-01-02T10:30:00Z,2026-01-02T10:32:00Z,3480.3,11.4,15.9,2.5,83.2
TURB006,FARM06,2026-01-02T10:35:00Z,2026-01-02T10:39:00Z,3474.5,11.5,16.0,2.4,83.6
TURB006,FARM06,2026-01-02T10:40:00Z,2026-01-02T10:41:00Z,3434.4,11.5,16.0,2.3,83.9
TURB006,FARM06,2026-01-02T10:45:00Z,2026-01-02T10:48:00Z,3363.9,11.4,15.9,2.2,84.1
TURB006,FARM06,2026-01-02T10:50:00Z,2026-01-02T10:55:00Z,3266.8,11.2,15.7,2.2,84.2
TURB006,FARM06,2026-01-02T10:55:00Z,2026-01-02T10:57:00Z,3145.6,10.9,15.4,2.2,84.3
TURB006,FARM06,2026-01-02T11:00:00Z,2026-01-02T11:04:00Z,3037.7,10.6,15.1,2.3,84.3
TURB006,FARM06,2026-01-02T11:05:00Z,2026-01-02T11:06:00Z,2943.1,10.3,14.8,2.3,84.3
TURB006,FARM06,2026-01-02T11:10:00Z,2026-01-02T11:13:00Z,2824.3,9.9,14.5,2.4,84.2
TURB006,FARM06,2026-01-02T11:15:00Z,2026-01-02T11:20:00Z,2714.8,9.5,14.1,2.5,84.0
TURB006,FARM06,2026-01-02T11:20:00Z,2026-01-02T11:22:00Z,2575.0,9.0,13.6,2.7,83.8
TURB006,FARM06,2026-01-02T11:25:00Z,2026-01-02T11:29:00Z,2472.8,8.6,13.2,2.8,83.6
TURB006,FARM06,2026-01-02T11:30:00Z,2026-01-02T11:31:00Z,2367.8,8.2,12.9,3.0,83.4
TURB006,FARM06,2026-01-02T11:35:00Z,2026-01-02T11:38:00Z,2256.0,7.8,12.5,3.2,83.2
TURB006,FARM06,2026-01-02T11:40:00Z,2026-01-02T11:45:00Z,2170.0,7.5,12.2,3.4,83.1
TURB006,FARM06,2026-01-02T11:45:00Z,2026-01-02T11:47:00Z,2107.7,7.3,12.0,3.5,83.0
TURB006,FARM06,2026-01-02T11:50:00Z,2026-01-02T12:08:00Z,2031.9,7.1,11.8,3.7,82.9
TURB006,FARM06,2026-01-02T11:55:00Z,2026-01-02T11:56:00Z,1979.1,7.0,11.7,3.8,82.8
TURB006,FARM06,2026-01-02T12:00:00Z,2026-01-02T12:03:00Z,1987.0,7.1,11.8,3.9,82.9
TURB006,FARM06,2026-01-02T12:05:00Z,2026-01-02T12:10:00Z,1950.6,7.1,11.8,4.0,82.9
TURB006,FARM06,2026-01-02T12:10:00Z,2026-01-02T12:12:00Z,1981.5,7.3,12.0,4.1,83.0
TURB006,FARM06,2026-01-02T12:15:00Z,2026-01-02T12:19:00Z,2012.1,7.5,12.2,4.2,83.1
TURB006,FARM06,2026-01-02T12:20:00Z,2026-01-02T12:21:00Z,2118.6,7.9,12.5,4.2,83.4
TURB006,FARM06,2026-01-02T12:25:00Z,2026-01-02T12:28:00Z,2196.9,8.2,12.8,4.2,83.5
TURB006,FARM06,2026-01-02T12:30:00Z,2026-01-02T12:35:00Z,2322.0,8.6,13.2,4.2,83.7
TURB006,FARM06,2026-01-02T12:35:00Z,2026-01-02T12:37:00Z,2496.0,9.1,13.7,4.1,84.0
TURB006,FARM06,2026-01-02T12:45:00Z,2026-01-02T12:46:00Z,2847.6,10.0,14.5,4.0,84.4
TURB006,FARM06,2026-01-02T12:50:00Z,2026-01-02T12:53:00Z,3022.3,10.4,14.9,3.9,84.5
TURB006,FARM06,2026-01-02T12:55:00Z,2026-01-02T13:00:00Z,3204.4,10.8,15.3,3.8,84.6
TURB006,FARM06,2026-01-02T13:00:00Z,2026-01-02T13:02:00Z,3390.0,11.2,15.6,3.7,84.7
TURB006,FARM06,2026-01-02T13:05:00Z,2026-01-02T13:09:00Z,3500.0,11.5,15.9,3.6,84.6
TURB006,FARM06,2026-01-02T13:10:00Z,2026-01-02T13:11:00Z,3500.0,11.7,16.1,3.5,84.5
TURB006,FARM06,2026-01-02T13:15:00Z,2026-01-02T13:18:00Z,3500.0,11.8,16.2,3.4,84.3
TURB006,FARM06,2026-01-02T13:20:00Z,2026-01-02T13:25:00Z,3500.0,11.9,16.3,3.3,84.1
TURB006,FARM06,2026-01-02T13:25:00Z,2026-01-02T13:27:00Z,3500.0,11.8,16.2,3.2,83.7
TURB006,FARM06,2026-01-02T13:30:00Z,2026-01-02T13:34:00Z,3500.0,11.7,16.1,3.1,83.3
TURB006,FARM06,2026-01-02T13:35:00Z,2026-01-02T13:36:00Z,3500.0,11.5,15.9,3.0,82.8
TURB006,FARM06,2026-01-02T13:40:00Z,2026-01-02T13:43:00Z,3443.9,11.2,15.6,3.0,82.3
TURB006,FARM06,2026-01-02T13:45:00Z,2026-01-02T13:50:00Z,3260.4,10.8,15.3,2.9,81.7
TURB006,FARM06,2026-01-02T13:50:00Z,2026-01-02T13:52:00Z,3074.6,10.4,14.9,2.9,81.1
TURB006,FARM06,2026-01-02T13:55:00Z,2026-01-02T13:59:00Z,2890.8,10.0,14.5,2.9,80.5
TURB006,FARM06,2026-01-02T14:00:00Z,2026-01-02T14:01:00Z,2677.1,9.5,14.1,2.9,79.9
TURB006,FARM06,2026-01-02T14:05:00Z,2026-01-02T14:08:00Z,2509.0,9.1,13.7,2.9,79.4
TURB006,FARM06,2026-01-02T14:10:00Z,2026-01-02T14:15:00Z,2317.1,8.6,13.2,2.9,78.8
TURB006,FARM06,2026-01-02T14:15:00Z,2026-01-02T14:17:00Z,2138.4,8.1,12.8,3.0,78.3
TURB006,FARM06,2026-01-02T14:20:00Z,2026-01-02T14:24:00Z,2009.0,7.7,12.4,3.0,77.9
TURB006,FARM06,2026-01-02T14:25:00Z,2026-01-02T14:26:00Z,1927.2,7.4,12.1,3.0,77.7
TURB006,FARM06,2026-01-02T14:30:00Z,2026-01-02T14:33:00Z,1854.5,7.1,11.9,3.1,77.4
TURB006,FARM06,2026-01-02T14:35:00Z,2026-01-02T14:40:00Z,1823.0,6.9,11.7,3.1,77.4
TURB006,FARM06,2026-01-02T14:40:00Z,2026-01-02T14:42:00Z,1792.7,6.7,11.5,3.2,77.3
TURB006,FARM06,2026-01-02T14:45:00Z,2026-01-02T14:49:00Z,1831.2,6.7,11.5,3.2,77.5
TURB006,FARM06,2026-01-02T14:50:00Z,2026-01-02T14:51:00Z,1862.6,6.7,11.5,3.3,77.7
TURB006,FARM06,2026-01-02T14:55:00Z,2026-01-02T14:58:00Z,1919.5,6.8,11.6,3.3,78.0
TURB006,FARM06,2026-01-02T15:00:00Z,2026-01-02T15:05:00Z,1999.9,7.0,11.8,3.3,78.5
TURB006,FARM06,2026-01-02T15:05:00Z,2026-01-02T15:07:00Z,2102.8,7.3,12.1,3.4,79.1
TURB006,FARM06,2026-01-02T15:10:00Z,2026-01-02T15:14:00Z,2192.9,7.6,12.4,3.4,79.7
TURB006,FARM06,2026-01-02T15:20:00Z,2026-01-02T15:23:00Z,2414.8,8.4,13.2,3.4,81.1
TURB006,FARM06,2026-01-02T15:25:00Z,2026-01-02T15:30:00Z,2517.5,8.8,13.5,3.5,81.8
TURB006,FARM06,2026-01-02T15:30:00Z,2026-01-02T15:32:00Z,2656.3,9.3,14.0,3.5,82.6
TURB006,FARM06,2026-01-02T15:35:00Z,2026-01-02T15:39:00Z,2763.3,9.7,14.4,3.5,83.3
TURB006,FARM06,2026-01-02T15:40:00Z,2026-01-02T15:41:00Z,2842.6,10.0,14.7,3.6,83.9
TURB006,FARM06,2026-01-02T15:45:00Z,2026-01-02T15:48:00Z,2968.9,10.4,15.0,3.6,84.6
TURB006,FARM06,2026-01-02T15:50:00Z,2026-01-02T15:55:00Z,3036.1,10.6,15.2,3.6,85.1
TURB006,FARM06,2026-01-02T15:55:00Z,2026-01-02T15:57:00Z,3116.8,10.8,15.4,3.6,85.6
TURB006,FARM06,2026-01-02T16:00:00Z,2026-01-02T16:04:00Z,3174.1,10.9,15.5,3.7,85.9
TURB006,FARM06,2026-01-02T16:05:00Z,2026-01-02T16:06:00Z,3241.6,11.0,15.6,3.7,86.2
TURB006,FARM06,2026-01-02T16:10:00Z,2026-01-02T16:13:00Z,3244.3,10.9,15.5,3.8,86.3
TURB006,FARM06,2026-01-02T16:15:00Z,2026-01-02T16:33:00Z,3250.0,10.8,15.4,3.8,86.3
TURB006,FARM06,2026-01-02T16:20:00Z,2026-01-02T16:22:00Z,3218.4,10.6,15.3,3.9,86.3
TURB006,FARM06,2026-01-02T16:25:00Z,2026-01-02T16:29:00Z,3145.5,10.3,15.0,3.9,86.0
TURB006,FARM06,2026-01-02T16:30:00Z,2026-01-02T16:31:00Z,3027.5,9.9,14.6,4.0,85.7
TURB006,FARM06,2026-01-02T16:35:00Z,2026-01-02T16:38:00Z,2897.7,9.5,14.3,4.0,85.3
TURB006,FARM06,2026-01-02T16:40:00Z,2026-01-02T16:45:00Z,2754.8,9.1,13.9,4.0,84.9
TURB006,FARM06,2026-01-02T16:45:00Z,2026-01-02T16:47:00Z,2562.5,8.6,13.4,4.0,84.3
TURB006,FARM06,2026-01-02T16:50:00Z,2026-01-02T16:54:00Z,2358.2,8.1,13.0,4.1,83.7
TURB006,FARM06,2026-01-02T16:55:00Z,2026-01-02T16:56:00Z,2144.3,7.6,12.5,4.1,83.1
TURB006,FARM06,2026-01-02T17:00:00Z,2026-01-02T17:03:00Z,1960.5,7.2,12.2,4.0,82.5
TURB006,FARM06,2026-01-02T17:05:00Z,2026-01-02T17:10:00Z,1774.7,6.8,11.8,4.0,81.9
TURB006,FARM06,2026-01-02T17:10:00Z,2026-01-02T17:12:00Z,1591.3,6.4,11.4,4.0,81.3
TURB006,FARM06,2026-01-02T17:15:00Z,2026-01-02T17:19:00Z,1450.4,6.1,11.2,3.9,80.8
TURB006,FARM06,2026-01-02T17:20:00Z,2026-01-02T17:21:00Z,1355.4,5.9,11.0,3.9,80.3
TURB006,FARM06,2026-01-02T17:25:00Z,2026-01-02T17:28:00Z,1344.6,5.9,11.0,3.8,80.0
TURB006,FARM06,2026-01-02T17:30:00Z,2026-01-02T17:35:00Z,1347.3,5.9,10.9,3.7,79.7
TURB006,FARM06,2026-01-02T17:35:00Z,2026-01-02T17:37:00Z,1363.0,5.9,11.0,3.6,79.4
TURB006,FARM06,2026-01-02T17:40:00Z,2026-01-02T17:44:00Z,1390.3,5.9,11.0,3.5,79.1
TURB006,FARM06,2026-01-02T17:45:00Z,2026-01-02T17:46:00Z,1534.1,6.2,11.3,3.4,79.1
TURB006,FARM06,2026-01-02T17:55:00Z,2026-01-02T18:00:00Z,1832.5,6.8,11.8,3.1,79.0
TURB006,FARM06,2026-01-02T18:00:00Z,2026-01-02T18:02:00Z,2014.5,7.2,12.2,3.0,79.1
TURB006,FARM06,2026-01-02T18:05:00Z,2026-01-02T18:09:00Z,2189.0,7.6,12.6,3.0,79.2
TURB006,FARM06,2026-01-02T18:10:00Z,2026-01-02T18:11:00Z,2388.9,8.1,13.0,2.9,79.5
TURB006,FARM06,2026-01-02T18:15:00Z,2026-01-02T18:18:00Z,2540.0,8.5,13.4,2.8,79.6
TURB006,FARM06,2026-01-02T18:20:00Z,2026-01-02T18:25:00Z,2713.7,9.0,13.9,2.8,79.9
TURB006,FARM06,2026-01-02T18:25:00Z,2026-01-02T18:27:00Z,2838.6,9.4,14.2,2.8,80.1
TURB006,FARM06,2026-01-02T18:30:00Z,2026-01-02T18:34:00Z,2916.6,9.7,14.5,2.8,80.2
TURB006,FARM06,2026-01-02T18:35:00Z,2026-01-02T18:36:00Z,2987.0,10.0,14.8,2.8,80.4
TURB006,FARM06,2026-01-02T18:40:00Z,2026-01-02T18:43:00Z,3053.5,10.3,15.1,2.9,80.6
TURB006,FARM06,2026-01-02T18:45:00Z,2026-01-02T18:50:00Z,3048.5,10.4,15.2,2.9,80.6
TURB006,FARM06,2026-01-02T18:50:00Z,2026-01-02T18:52:00Z,3048.2,10.5,15.3,3.0,80.7
TURB006,FARM06,2026-01-02T18:55:00Z,2026-01-02T18:59:00Z,3020.4,10.5,15.3,3.2,80.7
TURB006,FARM06,2026-01-02T19:00:00Z,2026-01-02T19:01:00Z,2967.9,10.4,15.2,3.3,80.7
TURB006,FARM06,2026-01-02T19:05:00Z,2026-01-02T19:08:00Z,2928.4,10.3,15.1,3.4,80.6
TURB006,FARM06,2026-01-02T19:10:00Z,2026-01-02T19:15:00Z,2830.3,10.0,14.8,3.6,80.4
TURB006,FARM06,2026-01-02T19:15:00Z,2026-01-02T19:17:00Z,2744.7,9.7,14.5,3.8,80.3
TURB006,FARM06,2026-01-02T19:20:00Z,2026-01-02T19:24:00Z,2669.0,9.4,14.2,3.9,80.2
TURB006,FARM06,2026-01-02T19:25:00Z,2026-01-02T19:26:00Z,2564.1,9.0,13.8,4.1,80.0
TURB006,FARM06,2026-01-02T19:30:00Z,2026-01-02T19:33:00Z,2425.9,8.5,13.4,4.3,79.7
TURB006,FARM06,2026-01-02T19:35:00Z,2026-01-02T19:40:00Z,2322.1,8.1,13.0,4.4,79.6
TURB006,FARM06,2026-01-02T19:40:00Z,2026-01-02T19:42:00Z,2212.4,7.7,12.6,4.5,79.4
TURB006,FARM06,2026-01-02T19:45:00Z,2026-01-02T19:49:00Z,2093.4,7.3,12.2,4.6,79.3
TURB006,FARM06,2026-01-02T19:50:00Z,2026-01-02T19:51:00Z,1962.4,6.9,11.9,4.7,79.2
TURB006,FARM06,2026-01-02T19:55:00Z,2026-01-02T19:58:00Z,1854.2,6.6,11.6,4.7,79.2
TURB006,FARM06,2026-01-02T20:00:00Z,2026-01-02T20:05:00Z,1768.7,6.4,11.4,4.7,79.4
TURB006,FARM06,2026-01-02T20:05:00Z,2026-01-02T20:07:00Z,1671.4,6.2,11.2,4.7,79.5
TURB006,FARM06,2026-01-02T20:10:00Z,2026-01-02T20:14:00Z,1600.8,6.1,11.1,4.6,79.7
TURB006,FARM06,2026-01-02T20:15:00Z,2026-01-02T20:16:00Z,1560.5,6.1,11.1,4.6,80.0
TURB006,FARM06,2026-01-02T20:20:00Z,2026-01-02T20:23:00Z,1554.7,6.2,11.2,4.4,80.4
TURB006,FARM06,2026-01-02T20:30:00Z,2026-01-02T20:32:00Z,1627.7,6.6,11.5,4.1,81.3
TURB006,FARM06,2026-01-02T20:35:00Z,2026-01-02T20:39:00Z,1713.8,6.9,11.8,3.9,81.9
TURB006,FARM06,2026-01-02T20:40:00Z,2026-01-02T20:58:00Z,1848.3,7.3,12.2,3.7,82.5
TURB006,FARM06,2026-01-02T20:45:00Z,2026-01-02T20:48:00Z,1996.2,7.7,12.5,3.5,83.1
TURB006,FARM06,2026-01-02T20:50:00Z,2026-01-02T20:55:00Z,2193.1,8.2,13.0,3.3,83.7
TURB006,FARM06,2026-01-02T20:55:00Z,2026-01-02T20:57:00Z,2401.3,8.7,13.5,3.0,84.4
TURB006,FARM06,2026-01-02T21:00:00Z,2026-01-02T21:04:00Z,2617.9,9.2,13.9,2.8,84.9
TURB006,FARM06,2026-01-02T21:05:00Z,2026-01-02T21:06:00Z,2803.0,9.6,14.3,2.7,85.4
TURB006,FARM06,2026-01-02T21:10:00Z,2026-01-02T21:13:00Z,3024.4,10.1,14.7,2.5,85.9
TURB006,FARM06,2026-01-02T21:15:00Z,2026-01-02T21:20:00Z,3205.8,10.5,15.1,2.3,86.3
TURB006,FARM06,2026-01-02T21:20:00Z,2026-01-02T21:22:00Z,3343.4,10.8,15.4,2.2,86.5
TURB006,FARM06,2026-01-02T21:25:00Z,2026-01-02T21:29:00Z,3470.1,11.1,15.6,2.1,86.7
TURB006,FARM06,2026-01-02T21:30:00Z,2026-01-02T21:31:00Z,3500.0,11.3,15.8,2.1,86.8
TURB006,FARM06,2026-01-02T21:35:00Z,2026-01-02T21:38:00Z,3500.0,11.4,15.9,2.1,86.7
TURB006,FARM06,2026-01-02T21:40:00Z,2026-01-02T21:45:00Z,3500.0,11.4,15.9,2.1,86.5
TURB006,FARM06,2026-01-02T21:45:00Z,2026-01-02T21:47:00Z,3500.0,11.4,15.9,2.2,86.3
TURB006,FARM06,2026-01-02T21:50:00Z,2026-01-02T21:54:00Z,3415.2,11.2,15.7,2.3,85.9
TURB006,FARM06,2026-01-02T21:55:00Z,2026-01-02T21:56:00Z,3301.6,11.0,15.5,2.4,85.4
TURB006,FARM06,2026-01-02T22:00:00Z,2026-01-02T22:03:00Z,3152.8,10.7,15.2,2.6,84.8
TURB006,FARM06,2026-01-02T22:05:00Z,2026-01-02T22:10:00Z,2973.2,10.3,14.9,2.8,84.1
TURB006,FARM06,2026-01-02T22:10:00Z,2026-01-02T22:12:00Z,2838.3,10.0,14.6,3.0,83.5
TURB006,FARM06,2026-01-02T22:15:00Z,2026-01-02T22:19:00Z,2643.0,9.5,14.1,3.2,82.7
TURB006,FARM06,2026-01-02T22:20:00Z,2026-01-02T22:21:00Z,2496.8,9.1,13.7,3.4,82.0
TURB006,FARM06,2026-01-02T22:25:00Z,2026-01-02T22:28:00Z,2364.0,8.7,13.3,3.7,81.3
TURB006,FARM06,2026-01-02T22:30:00Z,2026-01-02T22:35:00Z,2243.3,8.3,13.0,3.9,80.6
TURB006,FARM06,2026-01-02T22:35:00Z,2026-01-02T22:37:00Z,2132.5,7.9,12.6,4.1,79.9
TURB006,FARM06,2026-01-02T22:40:00Z,2026-01-02T22:44:00Z,2064.1,7.6,12.3,4.2,79.3
TURB006,FARM06,2026-01-02T22:45:00Z,2026-01-02T22:46:00Z,1997.9,7.3,12.0,4.4,78.7
TURB006,FARM06,2026-01-02T22:50:00Z,2026-01-02T22:53:00Z,1965.6,7.1,11.8,4.5,78.2
TURB006,FARM06,2026-01-02T22:55:00Z,2026-01-02T23:00:00Z,1963.2,7.0,11.7,4.6,77.9
TURB006,FARM06,2026-01-02T23:05:00Z,2026-01-02T23:09:00Z,2035.0,7.1,11.8,4.7,77.7
TURB006,FARM06,2026-01-02T23:10:00Z,2026-01-02T23:11:00Z,2069.5,7.2,11.9,4.6,77.6
TURB006,FARM06,2026-01-02T23:15:00Z,2026-01-02T23:18:00Z,2162.8,7.5,12.2,4.6,77.8
TURB006,FARM06,2026-01-02T23:20:00Z,2026-01-02T23:25:00Z,2244.4,7.8,12.5,4.5,78.0
TURB006,FARM06,2026-01-02T23:25:00Z,2026-01-02T23:27:00Z,2317.1,8.1,12.7,4.4,78.3
TURB006,FARM06,2026-01-02T23:30:00Z,2026-01-02T23:34:00Z,2420.5,8.5,13.1,4.2,78.7
TURB006,FARM06,2026-01-02T23:35:00Z,2026-01-02T23:36:00Z,2558.9,9.0,13.6,4.0,79.2
TURB006,FARM06,2026-01-02T23:40:00Z,2026-01-02T23:43:00Z,2664.4,9.4,13.9,3.8,79.7
TURB006,FARM06,2026-01-02T23:45:00Z,2026-01-02T23:50:00Z,2813.2,9.9,14.4,3.6,80.3
TURB006,FARM06,2026-01-02T23:50:00Z,2026-01-02T23:52:00Z,2936.3,10.3,14.8,3.4,80.9
TURB006,FARM06,2026-01-02T23:55:00Z,2026-01-02T23:59:00Z,3072.1,10.7,15.2,3.2,81.4
TURB007,FARM07,2026-01-01T00:00:00Z,2026-01-01T00:02:00Z,1957.4,7.0,11.8,3.2,80.2
TURB007,FARM07,2026-01-01T00:05:00Z,2026-01-01T00:09:00Z,2030.4,7.3,12.0,3.1,80.2
TURB007,FARM07,2026-01-01T00:10:00Z,2026-01-01T00:11:00Z,2097.9,7.6,12.3,3.0,80.2
TURB007,FARM07,2026-01-01T00:15:00Z,2026-01-01T00:18:00Z,2200.2,8.0,12.7,2.9,80.3
TURB007,FARM07,2026-01-01T00:20:00Z,2026-01-01T00:25:00Z,2305.6,8.4,13.0,2.8,80.4
TURB007,FARM07,2026-01-01T00:25:00Z,2026-01-01T00:27:00Z,2418.0,8.8,13.4,2.7,80.5
TURB007,FARM07,2026-01-01T00:30:00Z,2026-01-01T00:34:00Z,2576.8,9.3,13.9,2.6,80.7
TURB007,FARM07,2026-01-01T00:35:00Z,2026-01-01T00:53:00Z,2748.1,9.8,14.3,2.5,80.9
TURB007,FARM07,2026-01-01T00:40:00Z,2026-01-01T00:43:00Z,2896.9,10.2,14.7,2.5,81.1
TURB007,FARM07,2026-01-01T00:45:00Z,2026-01-01T00:50:00Z,3094.6,10.7,15.2,2.5,81.4
TURB007,FARM07,2026-01-01T00:50:00Z,2026-01-01T00:52:00Z,3231.4,11.0,15.5,2.5,81.6
TURB007,FARM07,2026-01-01T00:55:00Z,2026-01-01T00:59:00Z,3412.3,11.4,15.8,2.5,81.8
TURB007,FARM07,2026-01-01T01:00:00Z,2026-01-01T01:01:00Z,3500.0,11.6,16.0,2.5,81.9
TURB007,FARM07,2026-01-01T01:05:00Z,2026-01-01T01:08:00Z,3500.0,11.8,16.2,2.6,82.0
TURB007,FARM07,2026-01-01T01:10:00Z,2026-01-01T01:15:00Z,3500.0,11.9,16.3,2.7,82.1
TURB007,FARM07,2026-01-01T01:15:00Z,2026-01-01T01:17:00Z,3500.0,11.9,16.3,2.8,82.1
TURB007,FARM07,2026-01-01T01:20:00Z,2026-01-01T01:24:00Z,3500.0,11.8,16.2,3.0,82.0
TURB007,FARM07,2026-01-01T01:25:00Z,2026-01-01T01:26:00Z,3500.0,11.6,16.0,3.1,81.9
TURB007,FARM07,2026-01-01T01:30:00Z,2026-01-01T01:33:00Z,3500.0,11.4,15.8,3.3,81.8
TURB007,FARM07,2026-01-01T01:35:00Z,2026-01-01T01:40:00Z,3446.5,11.1,15.5,3.5,81.7
TURB007,FARM07,2026-01-01T01:40:00Z,2026-01-01T01:42:00Z,3271.2,10.7,15.2,3.6,81.4
TURB007,FARM07,2026-01-01T01:45:00Z,2026-01-01T01:49:00Z,3088.6,10.3,14.8,3.8,81.2
TURB007,FARM07,2026-01-01T01:50:00Z,2026-01-01T01:51:00Z,2867.0,9.8,14.3,4.0,81.0
TURB007,FARM07,2026-01-01T01:55:00Z,2026-01-01T01:58:00Z,2646.4,9.3,13.9,4.1,80.7
TURB007,FARM07,2026-01-01T02:00:00Z,2026-01-01T02:05:00Z,2467.2,8.9,13.5,4.2,80.6
TURB007,FARM07,2026-01-01T02:05:00Z,2026-01-01T02:07:00Z,2297.0,8.5,13.1,4.3,80.5
TURB007,FARM07,2026-01-01T02:10:00Z,2026-01-01T02:14:00Z,2102.4,8.0,12.7,4.4,80.3
TURB007,FARM07,2026-01-01T02:20:00Z,2026-01-01T02:23:00Z,1897.1,7.4,12.1,4.5,80.3
TURB007,FARM07,2026-01-01T02:25:00Z,2026-01-01T02:30:00Z,1849.1,7.2,11.9,4.5,80.4
TURB007,FARM07,2026-01-01T02:30:00Z,2026-01-01T02:32:00Z,1810.8,7.0,11.7,4.5,80.6
TURB007,FARM07,2026-01-01T02:35:00Z,2026-01-01T02:39:00Z,1850.6,7.0,11.7,4.4,80.9
TURB007,FARM07,2026-01-01T02:40:00Z,2026-01-01T02:41:00Z,1892.4,7.0,11.7,4.3,81.2
TURB007,FARM07,2026-01-01T02:45:00Z,2026-01-01T02:48:00Z,1967.9,7.1,11.8,4.1,81.6
TURB007,FARM07,2026-01-01T02:50:00Z,2026-01-01T02:55:00Z,2073.0,7.3,12.0,4.0,82.0
TURB007,FARM07,2026-01-01T02:55:00Z,2026-01-01T02:57:00Z,2204.3,7.6,12.3,3.8,82.6
TURB007,FARM07,2026-01-01T03:00:00Z,2026-01-01T03:04:00Z,2323.3,7.9,12.6,3.6,83.1
TURB007,FARM07,2026-01-01T03:05:00Z,2026-01-01T03:06:00Z,2464.9,8.3,13.0,3.4,83.7
TURB007,FARM07,2026-01-01T03:10:00Z,2026-01-01T03:13:00Z,2593.5,8.7,13.3,3.2,84.2
TURB007,FARM07,2026-01-01T03:15:00Z,2026-01-01T03:20:00Z,2710.5,9.1,13.7,3.0,84.7
TURB007,FARM07,2026-01-01T03:20:00Z,2026-01-01T03:22:00Z,2818.7,9.5,14.1,2.8,85.2
TURB007,FARM07,2026-01-01T03:25:00Z,2026-01-01T03:29:00Z,2921.9,9.9,14.5,2.6,85.7
TURB007,FARM07,2026-01-01T03:30:00Z,2026-01-01T03:31:00Z,3024.3,10.3,14.9,2.4,86.1
TURB007,FARM07,2026-01-01T03:35:00Z,2026-01-01T03:38:00Z,3094.2,10.6,15.2,2.3,86.4
TURB007,FARM07,2026-01-01T03:40:00Z,2026-01-01T03:45:00Z,3171.5,10.9,15.4,2.2,86.6
TURB007,FARM07,2026-01-01T03:45:00Z,2026-01-01T03:47:00Z,3223.4,11.1,15.6,2.1,86.7
TURB007,FARM07,2026-01-01T03:50:00Z,2026-01-01T03:54:00Z,3288.0,11.3,15.8,2.1,86.8
TURB007,FARM07,2026-01-01T03:55:00Z,2026-01-01T03:56:00Z,3294.0,11.3,15.8,2.1,86.7
TURB007,FARM07,2026-01-01T04:00:00Z,2026-01-01T04:03:00Z,3312.9,11.3,15.8,2.2,86.5
TURB007,FARM07,2026-01-01T04:05:00Z,2026-01-01T04:10:00Z,3306.6,11.2,15.7,2.2,86.2
TURB007,FARM07,2026-01-01T04:10:00Z,2026-01-01T04:12:00Z,3272.1,11.0,15.6,2.4,85.7
TURB007,FARM07,2026-01-01T04:15:00Z,2026-01-01T04:19:00Z,3205.5,10.7,15.3,2.5,85.2
TURB007,FARM07,2026-01-01T04:20:00Z,2026-01-01T04:21:00Z,3138.6,10.4,15.0,2.7,84.6
TURB007,FARM07,2026-01-01T04:25:00Z,2026-01-01T04:28:00Z,3031.1,10.0,14.7,2.9,83.9
TURB007,FARM07,2026-01-01T04:30:00Z,2026-01-01T04:35:00Z,2879.1,9.5,14.2,3.1,83.1
TURB007,FARM07,2026-01-01T04:35:00Z,2026-01-01T04:37:00Z,2715.9,9.0,13.8,3.3,82.2
TURB007,FARM07,2026-01-01T04:40:00Z,2026-01-01T04:44:00Z,2575.7,8.6,13.4,3.5,81.5
TURB007,FARM07,2026-01-01T04:45:00Z,2026-01-01T04:46:00Z,2386.0,8.1,12.9,3.8,80.7
TURB007,FARM07,2026-01-01T04:55:00Z,2026-01-01T05:00:00Z,2007.8,7.2,12.1,4.2,79.2
TURB007,FARM07,2026-01-01T05:00:00Z,2026-01-01T05:18:00Z,1824.8,6.8,11.7,4.4,78.5
TURB007,FARM07,2026-01-01T05:05:00Z,2026-01-01T05:09:00Z,1675.0,6.5,11.5,4.6,77.9
TURB007,FARM07,2026-01-01T05:10:00Z,2026-01-01T05:11:00Z,1562.8,6.3,11.3,4.7,77.5
TURB007,FARM07,2026-01-01T05:15:00Z,2026-01-01T05:18:00Z,1456.3,6.1,11.1,4.8,77.0
TURB007,FARM07,2026-01-01T05:20:00Z,2026-01-01T05:25:00Z,1395.1,6.0,11.0,4.9,76.7
TURB007,FARM07,2026-01-01T05:25:00Z,2026-01-01T05:27:00Z,1381.7,6.0,11.0,4.9,76.6
TURB007,FARM07,2026-01-01T05:30:00Z,2026-01-01T05:34:00Z,1417.7,6.1,11.1,4.9,76.5
TURB007,FARM07,2026-01-01T05:35:00Z,2026-01-01T05:36:00Z,1502.9,6.3,11.3,4.8,76.6
TURB007,FARM07,2026-01-01T05:40:00Z,2026-01-01T05:43:00Z,1636.0,6.6,11.6,4.7,76.8
TURB007,FARM07,2026-01-01T05:45:00Z,2026-01-01T05:50:00Z,1778.4,6.9,11.9,4.6,77.1
TURB007,FARM07,2026-01-01T05:50:00Z,2026-01-01T05:52:00Z,1926.6,7.2,12.2,4.5,77.4
TURB007,FARM07,2026-01-01T05:55:00Z,2026-01-01T05:59:00Z,2148.3,7.7,12.6,4.3,77.9
TURB007,FARM07,2026-01-01T06:00:00Z,2026-01-01T06:01:00Z,2331.4,8.1,13.0,4.1,78.4
TURB007,FARM07,2026-01-01T06:05:00Z,2026-01-01T06:08:00Z,2507.7,8.5,13.4,3.9,78.9
TURB007,FARM07,2026-01-01T06:10:00Z,2026-01-01T06:15:00Z,2673.9,8.9,13.8,3.7,79.5
TURB007,FARM07,2026-01-01T06:15:00Z,2026-01-01T06:17:00Z,2827.6,9.3,14.1,3.5,80.0
TURB007,FARM07,2026-01-01T06:20:00Z,2026-01-01T06:24:00Z,2968.0,9.7,14.5,3.3,80.6
TURB007,FARM07,2026-01-01T06:25:00Z,2026-01-01T06:26:00Z,3059.4,10.0,14.8,3.1,81.1
TURB007,FARM07,2026-01-01T06:30:00Z,2026-01-01T06:33:00Z,3139.4,10.3,15.1,2.9,81.7
TURB007,FARM07,2026-01-01T06:35:00Z,2026-01-01T06:40:00Z,3139.0,10.4,15.2,2.8,82.1
TURB007,FARM07,2026-01-01T06:40:00Z,2026-01-01T06:42:00Z,3134.0,10.5,15.3,2.7,82.5
TURB007,FARM07,2026-01-01T06:45:00Z,2026-01-01T06:49:00Z,3092.5,10.5,15.3,2.6,82.8
TURB007,FARM07,2026-01-01T06:50:00Z,2026-01-01T06:51:00Z,3018.9,10.4,15.2,2.5,83.0
TURB007,FARM07,2026-01-01T06:55:00Z,2026-01-01T06:58:00Z,2953.1,10.3,15.1,2.5,83.2
TURB007,FARM07,2026-01-01T07:00:00Z,2026-01-01T07:05:00Z,2826.2,10.0,14.8,2.5,83.2
TURB007,FARM07,2026-01-01T07:05:00Z,2026-01-01T07:07:00Z,2712.0,9.7,14.5,2.5,83.2
TURB007,FARM07,2026-01-01T07:10:00Z,2026-01-01T07:14:00Z,2575.3,9.3,14.2,2.6,83.1
TURB007,FARM07,2026-01-01T07:15:00Z,2026-01-01T07:16:00Z,2451.3,8.9,13.8,2.7,83.0
TURB007,FARM07,2026-01-01T07:20:00Z,2026-01-01T07:23:00Z,2337.9,8.5,13.4,2.8,82.9
TURB007,FARM07,2026-01-01T07:30:00Z,2026-01-01T07:32:00Z,2093.5,7.6,12.6,3.0,82.5
TURB007,FARM07,2026-01-01T07:35:00Z,2026-01-01T07:39:00Z,1990.3,7.2,12.2,3.2,82.3
TURB007,FARM07,2026-01-01T07:40:00Z,2026-01-01T07:41:00Z,1882.1,6.8,11.8,3.4,82.1
TURB007,FARM07,2026-01-01T07:45:00Z,2026-01-01T07:48:00Z,1765.2,6.4,11.5,3.6,81.9
TURB007,FARM07,2026-01-01T07:50:00Z,2026-01-01T07:55:00Z,1708.8,6.2,11.2,3.7,81.8
TURB007,FARM07,2026-01-01T07:55:00Z,2026-01-01T07:57:00Z,1639.3,6.0,11.1,3.9,81.7
TURB007,FARM07,2026-01-01T08:00:00Z,2026-01-01T08:04:00Z,1592.4,5.9,11.0,4.0,81.7
TURB007,FARM07,2026-01-01T08:05:00Z,2026-01-01T08:06:00Z,1569.3,5.9,10.9,4.1,81.7
TURB007,FARM07,2026-01-01T08:10:00Z,2026-01-01T08:13:00Z,1536.3,5.9,11.0,4.3,81.7
TURB007,FARM07,2026-01-01T08:15:00Z,2026-01-01T08:20:00Z,1532.9,6.0,11.1,4.3,81.7
TURB007,FARM07,2026-01-01T08:20:00Z,2026-01-01T08:22:00Z,1563.0,6.2,11.2,4.4,81.8
TURB007,FARM07,2026-01-01T08:25:00Z,2026-01-01T08:29:00Z,1631.2,6.5,11.5,4.5,82.0
TURB007,FARM07,2026-01-01T08:30:00Z,2026-01-01T08:31:00Z,1741.4,6.9,11.9,4.5,82.3
TURB007,FARM07,2026-01-01T08:35:00Z,2026-01-01T08:38:00Z,1861.3,7.3,12.2,4.4,82.5
TURB007,FARM07,2026-01-01T08:40:00Z,2026-01-01T08:45:00Z,1993.1,7.7,12.6,4.4,82.7
TURB007,FARM07,2026-01-01T08:45:00Z,2026-01-01T08:47:00Z,2174.4,8.2,13.1,4.4,82.9
TURB007,FARM07,2026-01-01T08:50:00Z,2026-01-01T08:54:00Z,2368.8,8.7,13.5,4.3,83.2
TURB007,FARM07,2026-01-01T08:55:00Z,2026-01-01T08:56:00Z,2574.9,9.2,14.0,4.2,83.4
TURB007,FARM07,2026-01-01T09:00:00Z,2026-01-01T09:03:00Z,2754.0,9.6,14.4,4.1,83.5
TURB007,FARM07,2026-01-01T09:05:00Z,2026-01-01T09:10:00Z,2938.5,10.0,14.7,4.0,83.6
TURB007,FARM07,2026-01-01T09:10:00Z,2026-01-01T09:12:00Z,3124.2,10.4,15.1,3.8,83.7
TURB007,FARM07,2026-01-01T09:15:00Z,2026-01-01T09:19:00Z,3270.8,10.7,15.3,3.7,83.7
TURB007,FARM07,2026-01-01T09:20:00Z,2026-01-01T09:21:00Z,3374.3,10.9,15.5,3.6,83.5
TURB007,FARM07,2026-01-01T09:25:00Z,2026-01-01T09:43:00Z,3431.3,11.0,15.6,3.5,83.3
TURB007,FARM07,2026-01-01T09:30:00Z,2026-01-01T09:35:00Z,3439.9,11.0,15.6,3.4,83.0
TURB007,FARM07,2026-01-01T09:35:00Z,2026-01-01T09:37:00Z,3435.0,11.0,15.6,3.3,82.7
TURB007,FARM07,2026-01-01T09:40:00Z,2026-01-01T09:44:00Z,3381.2,10.9,15.5,3.2,82.4
TURB007,FARM07,2026-01-01T09:45:00Z,2026-01-01T09:46:00Z,3280.2,10.7,15.3,3.1,81.9
TURB007,FARM07,2026-01-01T09:50:00Z,2026-01-01T09:53:00Z,3135.3,10.4,15.0,3.1,81.4
TURB007,FARM07,2026-01-01T09:55:00Z,2026-01-01T10:00:00Z,2986.0,10.1,14.7,3.0,80.9
TURB007,FARM07,2026-01-01T10:05:00Z,2026-01-01T10:09:00Z,2619.7,9.3,14.0,3.0,79.7
TURB007,FARM07,2026-01-01T10:10:00Z,2026-01-01T10:11:00Z,2446.8,8.9,13.6,3.0,79.2
TURB007,FARM07,2026-01-01T10:15:00Z,2026-01-01T10:18:00Z,2285.0,8.5,13.2,3.0,78.8
TURB007,FARM07,2026-01-01T10:20:00Z,2026-01-01T10:25:00Z,2136.1,8.1,12.8,3.0,78.3
TURB007,FARM07,2026-01-01T10:25:00Z,2026-01-01T10:27:00Z,2000.7,7.7,12.5,3.0,77.9
TURB007,FARM07,2026-01-01T10:30:00Z,2026-01-01T10:34:00Z,1913.8,7.4,12.2,3.0,77.6
TURB007,FARM07,2026-01-01T10:35:00Z,2026-01-01T10:36:00Z,1837.2,7.1,11.9,3.1,77.4
TURB007,FARM07,2026-01-01T10:40:00Z,2026-01-01T10:43:00Z,1803.8,6.9,11.7,3.1,77.3
TURB007,FARM07,2026-01-01T10:45:00Z,2026-01-01T10:50:00Z,1809.5,6.8,11.6,3.1,77.3
TURB007,FARM07,2026-01-01T10:50:00Z,2026-01-01T10:52:00Z,1850.0,6.8,11.6,3.2,77.5
TURB007,FARM07,2026-01-01T10:55:00Z,2026-01-01T10:59:00Z,1885.1,6.8,11.6,3.2,77.7
TURB007,FARM07,2026-01-01T11:00:00Z,2026-01-01T11:01:00Z,1983.2,7.0,11.8,3.2,78.1
TURB007,FARM07,2026-01-01T11:05:00Z,2026-01-01T11:08:00Z,2069.7,7.2,12.0,3.3,78.6
TURB007,FARM07,2026-01-01T11:10:00Z,2026-01-01T11:15:00Z,2178.9,7.5,12.2,3.3,79.1
TURB007,FARM07,2026-01-01T11:15:00Z,2026-01-01T11:17:00Z,2274.7,7.8,12.5,3.3,79.7
TURB007,FARM07,2026-01-01T11:20:00Z,2026-01-01T11:24:00Z,2394.5,8.2,12.9,3.3,80.4
TURB007,FARM07,2026-01-01T11:25:00Z,2026-01-01T11:26:00Z,2540.8,8.7,13.3,3.3,81.2
TURB007,FARM07,2026-01-01T11:30:00Z,2026-01-01T11:33:00Z,2680.9,9.2,13.8,3.3,82.1
TURB007,FARM07,2026-01-01T11:35:00Z,2026-01-01T11:40:00Z,2783.1,9.6,14.2,3.4,82.8
TURB007,FARM07,2026-01-01T11:40:00Z,2026-01-01T11:42:00Z,2923.7,10.1,14.6,3.4,83.6
TURB007,FARM07,2026-01-01T11:45:00Z,2026-01-01T11:49:00Z,3034.7,10.5,15.0,3.4,84.3
TURB007,FARM07,2026-01-01T11:50:00Z,2026-01-01T11:51:00Z,3155.6,10.9,15.4,3.4,85.0
TURB007,FARM07,2026-01-01T11:55:00Z,2026-01-01T11:58:00Z,3288.7,11.3,15.7,3.4,85.7
TURB007,FARM07,2026-01-01T12:00:00Z,2026-01-01T12:05:00Z,3363.2,11.5,15.9,3.5,86.2
TURB007,FARM07,2026-01-01T12:05:00Z,2026-01-01T12:07:00Z,3450.8,11.7,16.1,3.5,86.6
TURB007,FARM07,2026-01-01T12:10:00Z,2026-01-01T12:14:00Z,3500.0,11.9,16.3,3.5,87.0
TURB007,FARM07,2026-01-01T12:15:00Z,2026-01-01T12:16:00Z,3500.0,11.9,16.3,3.5,87.2
TURB007,FARM07,2026-01-01T12:20:00Z,2026-01-01T12:23:00Z,3500.0,11.8,16.2,3.6,87.3
TURB007,FARM07,2026-01-01T12:25:00Z,2026-01-01T12:30:00Z,3500.0,11.7,16.1,3.6,87.3
TURB007,FARM07,2026-01-01T12:30:00Z,2026-01-01T12:32:00Z,3500.0,11.4,15.8,3.7,87.1
TURB007,FARM07,2026-01-01T12:40:00Z,2026-01-01T12:41:00Z,3360.7,10.8,15.2,3.7,86.6
TURB007,FARM07,2026-01-01T12:45:00Z,2026-01-01T12:48:00Z,3224.0,10.4,14.9,3.7,86.2
TURB007,FARM07,2026-01-01T12:50:00Z,2026-01-01T12:55:00Z,3037.8,9.9,14.4,3.8,85.6
TURB007,FARM07,2026-01-01T12:55:00Z,2026-01-01T12:57:00Z,2874.8,9.5,14.0,3.8,85.2
TURB007,FARM07,2026-01-01T13:00:00Z,2026-01-01T13:04:00Z,2665.0,9.0,13.6,3.8,84.5
TURB007,FARM07,2026-01-01T13:05:00Z,2026-01-01T13:06:00Z,2483.5,8.6,13.2,3.8,84.0
TURB007,FARM07,2026-01-01T13:10:00Z,2026-01-01T13:13:00Z,2298.0,8.2,12.8,3.7,83.4
TURB007,FARM07,2026-01-01T13:15:00Z,2026-01-01T13:20:00Z,2113.0,7.8,12.5,3.7,82.8
TURB007,FARM07,2026-01-01T13:20:00Z,2026-01-01T13:22:00Z,1968.6,7.5,12.2,3.7,82.3
TURB007,FARM07,2026-01-01T13:25:00Z,2026-01-01T13:29:00Z,1868.6,7.3,12.0,3.6,81.8
TURB007,FARM07,2026-01-01T13:30:00Z,2026-01-01T13:31:00Z,1780.0,7.1,11.8,3.5,81.3
TURB007,FARM07,2026-01-01T13:35:00Z,2026-01-01T13:38:00Z,1740.4,7.0,11.7,3.4,80.9
TURB007,FARM07,2026-01-01T13:40:00Z,2026-01-01T13:45:00Z,1750.2,7.0,11.7,3.3,80.6
TURB007,FARM07,2026-01-01T13:45:00Z,2026-01-01T13:47:00Z,1808.3,7.1,11.8,3.2,80.4
TURB007,FARM07,2026-01-01T13:50:00Z,2026-01-01T14:08:00Z,1912.6,7.3,12.0,3.1,80.3
TURB007,FARM07,2026-01-01T13:55:00Z,2026-01-01T13:56:00Z,2023.7,7.5,12.2,3.0,80.2
TURB007,FARM07,2026-01-01T14:00:00Z,2026-01-01T14:03:00Z,2173.5,7.8,12.5,2.9,80.2
TURB007,FARM07,2026-01-01T14:05:00Z,2026-01-01T14:10:00Z,2357.6,8.2,12.9,2.8,80.3
TURB007,FARM07,2026-01-01T14:10:00Z,2026-01-01T14:12:00Z,2536.0,8.6,13.2,2.7,80.4
TURB007,FARM07,2026-01-01T14:15:00Z,2026-01-01T14:19:00Z,2705.1,9.0,13.6,2.7,80.5
TURB007,FARM07,2026-01-01T14:20:00Z,2026-01-01T14:21:00Z,2862.3,9.4,14.0,2.6,80.6
TURB007,FARM07,2026-01-01T14:25:00Z,2026-01-01T14:28:00Z,3006.3,9.8,14.4,2.6,80.8
TURB007,FARM07,2026-01-01T14:30:00Z,2026-01-01T14:35:00Z,3136.9,10.2,14.8,2.5,81.0
TURB007,FARM07,2026-01-01T14:35:00Z,2026-01-01T14:37:00Z,3255.7,10.6,15.1,2.5,81.2
TURB007,FARM07,2026-01-01T14:40:00Z,2026-01-01T14:44:00Z,3329.2,10.9,15.4,2.6,81.4
TURB007,FARM07,2026-01-01T14:45:00Z,2026-01-01T14:46:00Z,3361.0,11.1,15.6,2.6,81.4
TURB007,FARM07,2026-01-01T14:50:00Z,2026-01-01T14:53:00Z,3391.2,11.3,15.8,2.7,81.6
TURB007,FARM07,2026-01-01T14:55:00Z,2026-01-01T15:00:00Z,3388.2,11.4,15.9,2.8,81.6
TURB007,FARM07,2026-01-01T15:00:00Z,2026-01-01T15:02:00Z,3356.0,11.4,15.9,2.9,81.6
TURB007,FARM07,2026-01-01T15:05:00Z,2026-01-01T15:09:00Z,3298.0,11.3,15.8,3.0,81.5
TURB007,FARM07,2026-01-01T15:10:00Z,2026-01-01T15:11:00Z,3216.3,11.1,15.6,3.2,81.4
TURB007,FARM07,2026-01-01T15:15:00Z,2026-01-01T15:18:00Z,3112.1,10.8,15.4,3.4,81.2
TURB007,FARM07,2026-01-01T15:20:00Z,2026-01-01T15:25:00Z,3020.9,10.5,15.1,3.6,81.0
TURB007,FARM07,2026-01-01T15:25:00Z,2026-01-01T15:27:00Z,2905.0,10.1,14.7,3.7,80.8
TURB007,FARM07,2026-01-01T15:30:00Z,2026-01-01T15:34:00Z,2797.4,9.7,14.4,3.9,80.6
TURB007,FARM07,2026-01-01T15:35:00Z,2026-01-01T15:36:00Z,2658.5,9.2,13.9,4.1,80.3
TURB007,FARM07,2026-01-01T15:40:00Z,2026-01-01T15:43:00Z,2519.9,8.7,13.5,4.3,80.0
TURB007,FARM07,2026-01-01T15:45:00Z,2026-01-01T15:50:00Z,2413.4,8.3,13.1,4.4,79.9
TURB007,FARM07,2026-01-01T15:50:00Z,2026-01-01T15:52:00Z,2263.1,7.8,12.6,4.5,79.7
TURB007,FARM07,2026-01-01T15:55:00Z,2026-01-01T15:59:00Z,2102.0,7.3,12.2,4.6,79.5
TURB007,FARM07,2026-01-01T16:00:00Z,2026-01-01T16:01:00Z,1964.0,6.9,11.8,4.7,79.4
TURB007,FARM07,2026-01-01T16:05:00Z,2026-01-01T16:08:00Z,1848.6,6.6,11.5,4.7,79.4
TURB007,FARM07,2026-01-01T16:10:00Z,2026-01-01T16:15:00Z,1756.4,6.4,11.4,4.7,79.5
TURB007,FARM07,2026-01-01T16:15:00Z,2026-01-01T16:17:00Z,1653.7,6.2,11.2,4.7,79.7
TURB007,FARM07,2026-01-01T16:20:00Z,2026-01-01T16:24:00Z,1579.6,6.1,11.1,4.6,79.9
TURB007,FARM07,2026-01-01T16:25:00Z,2026-01-01T16:26:00Z,1538.0,6.1,11.1,4.5,80.2
TURB007,FARM07,2026-01-01T16:30:00Z,2026-01-01T16:33:00Z,1497.3,6.1,11.1,4.4,80.5
TURB007,FARM07,2026-01-01T16:35:00Z,2026-01-01T16:40:00Z,1533.5,6.3,11.3,4.2,80.9
TURB007,FARM07,2026-01-01T16:40:00Z,2026-01-01T16:42:00Z,1578.5,6.5,11.5,4.1,81.4
TURB007,FARM07,2026-01-01T16:45:00Z,2026-01-01T16:49:00Z,1671.1,6.8,11.8,3.9,81.9
TURB007,FARM07,2026-01-01T16:50:00Z,2026-01-01T16:51:00Z,1812.7,7.2,12.1,3.7,82.5
TURB007,FARM07,2026-01-01T16:55:00Z,2026-01-01T16:58:00Z,1967.8,7.6,12.5,3.5,83.1
TURB007,FARM07,2026-01-01T17:00:00Z,2026-01-01T17:05:00Z,2135.0,8.0,12.9,3.2,83.6
TURB007,FARM07,2026-01-01T17:05:00Z,2026-01-01T17:07:00Z,2312.1,8.4,13.3,3.1,84.1
TURB007,FARM07,2026-01-01T17:10:00Z,2026-01-01T17:14:00Z,2531.6,8.9,13.7,2.9,84.7
TURB007,FARM07,2026-01-01T17:15:00Z,2026-01-01T17:16:00Z,2717.4,9.3,14.1,2.7,85.1
TURB007,FARM07,2026-01-01T17:20:00Z,2026-01-01T17:23:00Z,2865.2,9.6,14.4,2.6,85.4
TURB007,FARM07,2026-01-01T17:25:00Z,2026-01-01T17:30:00Z,3042.9,10.0,14.8,2.4,85.8
TURB007,FARM07,2026-01-01T17:30:00Z,2026-01-01T17:32:00Z,3138.9,10.2,15.0,2.4,85.9
TURB007,FARM07,2026-01-01T17:35:00Z,2026-01-01T17:39:00Z,3222.9,10.4,15.2,2.3,86.0
TURB007,FARM07,2026-01-01T17:40:00Z,2026-01-01T17:41:00Z,3257.6,10.5,15.3,2.3,85.9
TURB007,FARM07,2026-01-01T17:45:00Z,2026-01-01T17:48:00Z,3243.0,10.5,15.3,2.3,85.7
TURB007,FARM07,2026-01-01T17:50:00Z,2026-01-01T17:55:00Z,3216.8,10.5,15.2,2.4,85.5
TURB007,FARM07,2026-01-01T17:55:00Z,2026-01-01T17:57:00Z,3109.6,10.3,15.1,2.5,85.1
TURB007,FARM07,2026-01-01T18:00:00Z,2026-01-01T18:04:00Z,2997.0,10.1,14.9,2.6,84.6
TURB007,FARM07,2026-01-01T18:05:00Z,2026-01-01T18:06:00Z,2847.3,9.8,14.6,2.8,84.1
TURB007,FARM07,2026-01-01T18:10:00Z,2026-01-01T18:13:00Z,2664.8,9.4,14.2,3.0,83.4
TURB007,FARM07,2026-01-01T18:15:00Z,2026-01-01T18:33:00Z,2489.5,9.0,13.9,3.2,82.7
TURB007,FARM07,2026-01-01T18:20:00Z,2026-01-01T18:22:00Z,2324.5,8.6,13.5,3.4,82.0
TURB007,FARM07,2026-01-01T18:25:00Z,2026-01-01T18:29:00Z,2172.1,8.2,13.1,3.6,81.2
TURB007,FARM07,2026-01-01T18:30:00Z,2026-01-01T18:31:00Z,1997.1,7.7,12.7,3.8,80.4
TURB007,FARM07,2026-01-01T18:35:00Z,2026-01-01T18:38:00Z,1871.1,7.3,12.3,4.0,79.7
TURB007,FARM07,2026-01-01T18:40:00Z,2026-01-01T18:45:00Z,1756.1,6.9,11.9,4.3,79.0
TURB007,FARM07,2026-01-01T18:45:00Z,2026-01-01T18:47:00Z,1649.2,6.5,11.5,4.4,78.3
TURB007,FARM07,2026-01-01T18:50:00Z,2026-01-01T18:54:00Z,1582.5,6.2,11.3,4.6,77.7
TURB007,FARM07,2026-01-01T18:55:00Z,2026-01-01T18:56:00Z,1551.7,6.0,11.1,4.7,77.3
TURB007,FARM07,2026-01-01T19:00:00Z,2026-01-01T19:03:00Z,1552.6,5.9,11.0,4.8,76.9
TURB007,FARM07,2026-01-01T19:05:00Z,2026-01-01T19:10:00Z,1581.4,5.9,10.9,4.9,76.7
TURB007,FARM07,2026-01-01T19:10:00Z,2026-01-01T19:12:00Z,1599.1,5.9,11.0,4.9,76.5
TURB007,FARM07,2026-01-01T19:15:00Z,2026-01-01T19:19:00Z,1603.9,5.9,11.0,4.9,76.4
TURB007,FARM07,2026-01-01T19:20:00Z,2026-01-01T19:21:00Z,1667.2,6.1,11.2,4.9,76.5
TURB007,FARM07,2026-01-01T19:25:00Z,2026-01-01T19:28:00Z,1753.9,6.4,11.4,4.8,76.7
TURB007,FARM07,2026-01-01T19:30:00Z,2026-01-01T19:35:00Z,1830.4,6.7,11.7,4.7,76.9
TURB007,FARM07,2026-01-01T19:35:00Z,2026-01-01T19:37:00Z,1935.8,7.1,12.1,4.6,77.3
TURB007,FARM07,2026-01-01T19:40:00Z,2026-01-01T19:44:00Z,2074.1,7.6,12.5,4.4,77.8
TURB007,FARM07,2026-01-01T19:45:00Z,2026-01-01T19:46:00Z,2177.6,8.0,12.9,4.2,78.3
TURB007,FARM07,2026-01-01T19:50:00Z,2026-01-01T19:53:00Z,2322.5,8.5,13.4,4.0,78.9
TURB007,FARM07,2026-01-01T19:55:00Z,2026-01-01T20:00:00Z,2476.5,9.0,13.8,3.8,79.5
TURB007,FARM07,2026-01-01T20:00:00Z,2026-01-01T20:02:00Z,2642.3,9.5,14.3,3.5,80.2
TURB007,FARM07,2026-01-01T20:05:00Z,2026-01-01T20:09:00Z,2785.2,9.9,14.6,3.3,80.7
TURB007,FARM07,2026-01-01T20:10:00Z,2026-01-01T20:11:00Z,2905.5,10.2,14.9,3.1,81.3
TURB007,FARM07,2026-01-01T20:15:00Z,2026-01-01T20:18:00Z,3037.8,10.5,15.2,2.9,81.8
TURB007,FARM07,2026-01-01T20:20:00Z,2026-01-01T20:25:00Z,3179.6,10.8,15.4,2.8,82.4
TURB007,FARM07,2026-01-01T20:25:00Z,2026-01-01T20:27:00Z,3255.5,10.9,15.5,2.6,82.8
TURB007,FARM07,2026-01-01T20:30:00Z,2026-01-01T20:34:00Z,3333.3,11.0,15.6,2.5,83.2
TURB007,FARM07,2026-01-01T20:35:00Z,2026-01-01T20:36:00Z,3372.7,11.0,15.6,2.4,83.5
TURB007,FARM07,2026-01-01T20:40:00Z,2026-01-01T20:43:00Z,3369.6,10.9,15.5,2.3,83.7
TURB007,FARM07,2026-01-01T20:45:00Z,2026-01-01T20:50:00Z,3320.6,10.7,15.3,2.3,83.8
TURB007,FARM07,2026-01-01T20:50:00Z,2026-01-01T20:52:00Z,3223.4,10.4,15.0,2.3,83.8
TURB007,FARM07,2026-01-01T20:55:00Z,2026-01-01T20:59:00Z,3112.7,10.1,14.8,2.4,83.8
TURB007,FARM07,2026-01-01T21:00:00Z,2026-01-01T21:01:00Z,2989.0,9.8,14.5,2.4,83.8
TURB007,FARM07,2026-01-01T21:05:00Z,2026-01-01T21:08:00Z,2817.8,9.4,14.1,2.5,83.7
TURB007,FARM07,2026-01-01T21:10:00Z,2026-01-01T21:15:00Z,2637.9,9.0,13.7,2.7,83.6
TURB007,FARM07,2026-01-01T21:15:00Z,2026-01-01T21:17:00Z,2417.0,8.5,13.2,2.8,83.3
TURB007,FARM07,2026-01-01T21:20:00Z,2026-01-01T21:24:00Z,2231.5,8.1,12.9,3.0,83.2
TURB007,FARM07,2026-01-01T21:25:00Z,2026-01-01T21:26:00Z,2049.5,7.7,12.5,3.1,83.0
TURB007,FARM07,2026-01-01T21:30:00Z,2026-01-01T21:33:00Z,1911.0,7.4,12.2,3.3,82.8
TURB007,FARM07,2026-01-01T21:35:00Z,2026-01-01T21:40:00Z,1783.1,7.1,11.9,3.5,82.7
TURB007,FARM07,2026-01-01T21:45:00Z,2026-01-01T21:49:00Z,1674.3,6.8,11.6,3.8,82.6
TURB007,FARM07,2026-01-01T21:50:00Z,2026-01-01T21:51:00Z,1657.4,6.7,11.5,3.9,82.5
TURB007,FARM07,2026-01-01T21:55:00Z,2026-01-01T21:58:00Z,1723.3,6.8,11.6,4.0,82.6
TURB007,FARM07,2026-01-01T22:00:00Z,2026-01-01T22:05:00Z,1797.0,6.9,11.7,4.1,82.7
TURB007,FARM07,2026-01-01T22:05:00Z,2026-01-01T22:07:00Z,1910.4,7.1,11.9,4.2,82.8
TURB007,FARM07,2026-01-01T22:10:00Z,2026-01-01T22:14:00Z,2023.5,7.3,12.1,4.2,82.9
TURB007,FARM07,2026-01-01T22:15:00Z,2026-01-01T22:16:00Z,2203.8,7.7,12.4,4.2,83.1
TURB007,FARM07,2026-01-01T22:20:00Z,2026-01-01T22:23:00Z,2375.6,8.1,12.8,4.2,83.4
TURB007,FARM07,2026-01-01T22:25:00Z,2026-01-01T22:30:00Z,2536.1,8.5,13.2,4.2,83.6
TURB007,FARM07,2026-01-01T22:30:00Z,2026-01-01T22:32:00Z,2719.6,9.0,13.6,4.2,83.8
TURB007,FARM07,2026-01-01T22:35:00Z,2026-01-01T22:39:00Z,2889.7,9.5,14.1,4.1,84.1
TURB007,FARM07,2026-01-01T22:40:00Z,2026-01-01T22:58:00Z,3011.4,9.9,14.4,4.0,84.2
TURB007,FARM07,2026-01-01T22:45:00Z,2026-01-01T22:48:00Z,3159.0,10.4,14.9,3.9,84.4
TURB007,FARM07,2026-01-01T22:50:00Z,2026-01-01T22:55:00Z,3263.9,10.8,15.3,3.8,84.5
TURB007,FARM07,2026-01-01T22:55:00Z,2026-01-01T22:57:00Z,3366.1,11.2,15.6,3.7,84.6
TURB007,FARM07,2026-01-01T23:00:00Z,2026-01-01T23:04:00Z,3434.0,11.5,15.9,3.6,84.6
TURB007,FARM07,2026-01-01T23:05:00Z,2026-01-01T23:06:00Z,3471.6,11.7,16.1,3.5,84.5
TURB007,FARM07,2026-01-01T23:10:00Z,2026-01-01T23:13:00Z,3482.6,11.8,16.2,3.3,84.2
TURB007,FARM07,2026-01-01T23:15:00Z,2026-01-01T23:20:00Z,3500.0,11.9,16.3,3.2,84.0
TURB007,FARM07,2026-01-01T23:20:00Z,2026-01-01T23:22:00Z,3469.8,11.8,16.2,3.2,83.6
TURB007,FARM07,2026-01-01T23:25:00Z,2026-01-01T23:29:00Z,3447.3,11.7,16.1,3.1,83.3
TURB007,FARM07,2026-01-01T23:30:00Z,2026-01-01T23:31:00Z,3400.6,11.5,15.9,3.0,82.8
TURB007,FARM07,2026-01-01T23:35:00Z,2026-01-01T23:38:00Z,3327.2,11.2,15.6,2.9,82.2
TURB007,FARM07,2026-01-01T23:40:00Z,2026-01-01T23:45:00Z,3259.5,10.9,15.3,2.9,81.7
TURB007,FARM07,2026-01-01T23:45:00Z,2026-01-01T23:47:00Z,3157.2,10.5,15.0,2.9,81.1
TURB007,FARM07,2026-01-01T23:50:00Z,2026-01-01T23:54:00Z,3052.2,10.1,14.6,2.8,80.6
TURB007,FARM07,2026-01-01T23:55:00Z,2026-01-01T23:56:00Z,2904.3,9.6,14.1,2.8,80.0
TURB007,FARM07,2026-01-02T00:00:00Z,2026-01-02T00:03:00Z,2782.2,9.2,13.8,2.8,79.5
TURB007,FARM07,2026-01-02T00:05:00Z,2026-01-02T00:10:00Z,2611.7,8.7,13.3,2.9,78.9
TURB007,FARM07,2026-01-02T00:10:00Z,2026-01-02T00:12:00Z,2463.8,8.3,12.9,2.9,78.5
TURB007,FARM07,2026-01-02T00:20:00Z,2026-01-02T00:21:00Z,2166.7,7.6,12.3,3.0,77.9
TURB007,FARM07,2026-01-02T00:25:00Z,2026-01-02T00:28:00Z,2022.2,7.3,12.0,3.0,77.7
TURB007,FARM07,2026-01-02T00:30:00Z,2026-01-02T00:35:00Z,1909.1,7.1,11.8,3.1,77.6
TURB007,FARM07,2026-01-02T00:35:00Z,2026-01-02T00:37:00Z,1831.7,7.0,11.7,3.1,77.6
TURB007,FARM07,2026-01-02T00:40:00Z,2026-01-02T00:44:00Z,1794.2,7.0,11.7,3.1,77.8
TURB007,FARM07,2026-01-02T00:45:00Z,2026-01-02T00:46:00Z,1800.6,7.1,11.8,3.2,78.1
TURB007,FARM07,2026-01-02T00:50:00Z,2026-01-02T00:53:00Z,1817.9,7.2,11.9,3.2,78.5
TURB007,FARM07,2026-01-02T00:55:00Z,2026-01-02T01:00:00Z,1920.0,7.5,12.2,3.2,79.0
TURB007,FARM07,2026-01-02T01:00:00Z,2026-01-02T01:02:00Z,2035.6,7.8,12.5,3.3,79.6
TURB007,FARM07,2026-01-02T01:05:00Z,2026-01-02T01:09:00Z,2163.8,8.1,12.8,3.3,80.2
TURB007,FARM07,2026-01-02T01:10:00Z,2026-01-02T01:11:00Z,2338.6,8.5,13.2,3.3,80.9
TURB007,FARM07,2026-01-02T01:15:00Z,2026-01-02T01:18:00Z,2520.8,8.9,13.5,3.4,81.6
TURB007,FARM07,2026-01-02T01:20:00Z,2026-01-02T01:25:00Z,2706.4,9.3,13.9,3.4,82.4
TURB007,FARM07,2026-01-02T01:25:00Z,2026-01-02T01:27:00Z,2927.2,9.8,14.4,3.4,83.2
TURB007,FARM07,2026-01-02T01:30:00Z,2026-01-02T01:34:00Z,3106.8,10.2,14.7,3.4,83.9
TURB007,FARM07,2026-01-02T01:35:00Z,2026-01-02T01:36:00Z,3241.7,10.5,15.0,3.5,84.5
TURB007,FARM07,2026-01-02T01:40:00Z,2026-01-02T01:43:00Z,3401.0,10.9,15.4,3.5,85.2
TURB007,FARM07,2026-01-02T01:45:00Z,2026-01-02T01:50:00Z,3475.2,11.1,15.6,3.5,85.7
TURB007,FARM07,2026-01-02T01:50:00Z,2026-01-02T01:52:00Z,3500.0,11.3,15.8,3.5,86.1
TURB007,FARM07,2026-01-02T01:55:00Z,2026-01-02T01:59:00Z,3500.0,11.4,15.9,3.6,86.4
TURB007,FARM07,2026-01-02T02:00:00Z,2026-01-02T02:01:00Z,3500.0,11.4,15.9,3.6,86.7
TURB007,FARM07,2026-01-02T02:05:00Z,2026-01-02T02:08:00Z,3476.0,11.4,15.9,3.7,86.8
TURB007,FARM07,2026-01-02T02:10:00Z,2026-01-02T02:15:00Z,3362.2,11.2,15.7,3.7,86.8
TURB007,FARM07,2026-01-02T02:15:00Z,2026-01-02T02:17:00Z,3250.4,11.0,15.5,3.8,86.7
TURB007,FARM07,2026-01-02T02:20:00Z,2026-01-02T02:24:00Z,3108.8,10.7,15.3,3.8,86.5
TURB007,FARM07,2026-01-02T02:25:00Z,2026-01-02T02:26:00Z,2940.9,10.3,14.9,3.9,86.1
TURB007,FARM07,2026-01-02T02:30:00Z,2026-01-02T02:33:00Z,2785.0,9.9,14.5,3.9,85.7
TURB007,FARM07,2026-01-02T02:35:00Z,2026-01-02T02:40:00Z,2606.5,9.4,14.1,3.9,85.2
TURB007,FARM07,2026-01-02T02:40:00Z,2026-01-02T02:42:00Z,2441.2,8.9,13.6,4.0,84.6
TURB007,FARM07,2026-01-02T02:45:00Z,2026-01-02T02:49:00Z,2287.6,8.4,13.2,4.0,84.0
TURB007,FARM07,2026-01-02T02:55:00Z,2026-01-02T02:58:00Z,2039.4,7.5,12.4,4.0,82.8
TURB007,FARM07,2026-01-02T03:00:00Z,2026-01-02T03:05:00Z,1937.1,7.1,12.0,3.9,82.2
TURB007,FARM07,2026-01-02T03:05:00Z,2026-01-02T03:23:00Z,1831.6,6.7,11.6,3.9,81.6
TURB007,FARM07,2026-01-02T03:10:00Z,2026-01-02T03:14:00Z,1790.8,6.5,11.4,3.8,81.1
TURB007,FARM07,2026-01-02T03:15:00Z,2026-01-02T03:16:00Z,1739.7,6.3,11.3,3.8,80.6
TURB007,FARM07,2026-01-02T03:20:00Z,2026-01-02T03:23:00Z,1675.9,6.1,11.1,3.7,80.1
TURB007,FARM07,2026-01-02T03:25:00Z,2026-01-02T03:30:00Z,1670.7,6.1,11.1,3.6,79.8
TURB007,FARM07,2026-01-02T03:30:00Z,2026-01-02T03:32:00Z,1652.6,6.1,11.1,3.5,79.5
TURB007,FARM07,2026-01-02T03:35:00Z,2026-01-02T03:39:00Z,1695.5,6.3,11.3,3.4,79.4
TURB007,FARM07,2026-01-02T03:40:00Z,2026-01-02T03:41:00Z,1730.4,6.5,11.5,3.3,79.3
TURB007,FARM07,2026-01-02T03:45:00Z,2026-01-02T03:48:00Z,1797.1,6.8,11.8,3.2,79.3
TURB007,FARM07,2026-01-02T03:50:00Z,2026-01-02T03:55:00Z,1863.9,7.1,12.1,3.1,79.3
TURB007,FARM07,2026-01-02T03:55:00Z,2026-01-02T03:57:00Z,1971.0,7.5,12.4,3.0,79.4
TURB007,FARM07,2026-01-02T04:00:00Z,2026-01-02T04:04:00Z,2086.3,7.9,12.8,2.9,79.5
TURB007,FARM07,2026-01-02T04:05:00Z,2026-01-02T04:06:00Z,2212.8,8.3,13.2,2.8,79.6
TURB007,FARM07,2026-01-02T04:10:00Z,2026-01-02T04:13:00Z,2388.2,8.8,13.6,2.8,79.9
TURB007,FARM07,2026-01-02T04:15:00Z,2026-01-02T04:20:00Z,2541.0,9.2,14.0,2.7,80.1
TURB007,FARM07,2026-01-02T04:20:00Z,2026-01-02T04:22:00Z,2706.3,9.6,14.4,2.7,80.3
TURB007,FARM07,2026-01-02T04:25:00Z,2026-01-02T04:29:00Z,2846.0,9.9,14.7,2.8,80.4
TURB007,FARM07,2026-01-02T04:30:00Z,2026-01-02T04:31:00Z,2992.7,10.2,15.0,2.8,80.6
TURB007,FARM07,2026-01-02T04:35:00Z,2026-01-02T04:38:00Z,3106.4,10.4,15.1,2.9,80.7
TURB007,FARM07,2026-01-02T04:40:00Z,2026-01-02T04:45:00Z,3182.8,10.5,15.2,2.9,80.7
TURB007,FARM07,2026-01-02T04:45:00Z,2026-01-02T04:47:00Z,3217.8,10.5,15.3,3.1,80.7
TURB007,FARM07,2026-01-02T04:50:00Z,2026-01-02T04:54:00Z,3243.7,10.5,15.3,3.2,80.7
TURB007,FARM07,2026-01-02T04:55:00Z,2026-01-02T04:56:00Z,3221.8,10.4,15.2,3.3,80.7
TURB007,FARM07,2026-01-02T05:00:00Z,2026-01-02T05:03:00Z,3150.7,10.2,15.0,3.5,80.5
TURB007,FARM07,2026-01-02T05:05:00Z,2026-01-02T05:10:00Z,3030.3,9.9,14.7,3.7,80.4
TURB007,FARM07,2026-01-02T05:10:00Z,2026-01-02T05:12:00Z,2897.9,9.6,14.4,3.8,80.2
TURB007,FARM07,2026-01-02T05:15:00Z,2026-01-02T05:19:00Z,2720.0,9.2,14.0,4.0,80.0
TURB007,FARM07,2026-01-02T05:20:00Z,2026-01-02T05:21:00Z,2500.0,8.7,13.6,4.2,79.7
TURB007,FARM07,2026-01-02T05:30:00Z,2026-01-02T05:35:00Z,2094.9,7.8,12.8,4.5,79.3
TURB007,FARM07,2026-01-02T05:35:00Z,2026-01-02T05:37:00Z,1918.1,7.4,12.4,4.6,79.2
TURB007,FARM07,2026-01-02T05:40:00Z,2026-01-02T05:44:00Z,1751.2,7.0,12.0,4.7,79.1
TURB007,FARM07,2026-01-02T05:45:00Z,2026-01-02T05:46:00Z,1596.6,6.6,11.6,4.8,79.0
TURB007,FARM07,2026-01-02T05:50:00Z,2026-01-02T05:53:00Z,1491.4,6.3,11.4,4.8,79.0
TURB007,FARM07,2026-01-02T05:55:00Z,2026-01-02T06:00:00Z,1399.2,6.0,11.1,4.8,79.0
TURB007,FARM07,2026-01-02T06:00:00Z,2026-01-02T06:02:00Z,1390.6,5.9,11.0,4.8,79.2
TURB007,FARM07,2026-01-02T06:05:00Z,2026-01-02T06:09:00Z,1426.5,5.9,11.0,4.7,79.6
TURB007,FARM07,2026-01-02T06:10:00Z,2026-01-02T06:11:00Z,1467.4,5.9,10.9,4.6,79.9
TURB007,FARM07,2026-01-02T06:15:00Z,2026-01-02T06:18:00Z,1509.0,5.9,11.0,4.5,80.2
TURB007,FARM07,2026-01-02T06:20:00Z,2026-01-02T06:25:00Z,1582.9,6.0,11.1,4.3,80.5
TURB007,FARM07,2026-01-02T06:25:00Z,2026-01-02T06:27:00Z,1721.3,6.3,11.3,4.1,81.1
TURB007,FARM07,2026-01-02T06:30:00Z,2026-01-02T06:34:00Z,1849.0,6.6,11.6,4.0,81.6
TURB007,FARM07,2026-01-02T06:35:00Z,2026-01-02T06:36:00Z,2000.0,7.0,12.0,3.7,82.2
TURB007,FARM07,2026-01-02T06:40:00Z,2026-01-02T06:43:00Z,2137.5,7.4,12.3,3.5,82.8
TURB007,FARM07,2026-01-02T06:45:00Z,2026-01-02T06:50:00Z,2298.3,7.9,12.8,3.3,83.5
TURB007,FARM07,2026-01-02T06:50:00Z,2026-01-02T06:52:00Z,2448.3,8.4,13.3,3.1,84.1
TURB007,FARM07,2026-01-02T06:55:00Z,2026-01-02T06:59:00Z,2554.6,8.8,13.6,2.9,84.5
TURB007,FARM07,2026-01-02T07:00:00Z,2026-01-02T07:01:00Z,2693.1,9.3,14.1,2.7,85.1
TURB007,FARM07,2026-01-02T07:05:00Z,2026-01-02T07:08:00Z,2796.1,9.7,14.5,2.6,85.5
TURB007,FARM07,2026-01-02T07:10:00Z,2026-01-02T07:15:00Z,2903.9,10.1,14.8,2.4,85.9
TURB007,FARM07,2026-01-02T07:15:00Z,2026-01-02T07:17:00Z,2984.1,10.4,15.1,2.3,86.1
TURB007,FARM07,2026-01-02T07:20:00Z,2026-01-02T07:24:00Z,3075.8,10.7,15.4,2.2,86.3
TURB007,FARM07,2026-01-02T07:25:00Z,2026-01-02T07:26:00Z,3144.4,10.9,15.5,2.2,86.4
TURB007,FARM07,2026-01-02T07:30:00Z,2026-01-02T07:48:00Z,3154.5,10.9,15.5,2.2,86.2
TURB007,FARM07,2026-01-02T07:35:00Z,2026-01-02T07:40:00Z,3212.9,11.0,15.6,2.2,86.1
TURB007,FARM07,2026-01-02T07:40:00Z,2026-01-02T07:42:00Z,3209.4,10.9,15.5,2.3,85.8
TURB007,FARM07,2026-01-02T07:45:00Z,2026-01-02T07:49:00Z,3176.6,10.7,15.3,2.4,85.3
TURB007,FARM07,2026-01-02T07:50:00Z,2026-01-02T07:51:00Z,3146.4,10.5,15.1,2.6,84.9
TURB007,FARM07,2026-01-02T07:55:00Z,2026-01-02T07:58:00Z,3078.4,10.2,14.9,2.8,84.3
TURB007,FARM07,2026-01-02T08:05:00Z,2026-01-02T08:07:00Z,2849.6,9.4,14.1,3.2,82.9
TURB007,FARM07,2026-01-02T08:10:00Z,2026-01-02T08:14:00Z,2718.5,9.0,13.7,3.4,82.2
TURB007,FARM07,2026-01-02T08:15:00Z,2026-01-02T08:16:00Z,2574.1,8.6,13.3,3.6,81.4
TURB007,FARM07,2026-01-02T08:20:00Z,2026-01-02T08:23:00Z,2416.5,8.2,13.0,3.8,80.7
TURB007,FARM07,2026-01-02T08:25:00Z,2026-01-02T08:30:00Z,2247.0,7.8,12.6,4.0,80.0
TURB007,FARM07,2026-01-02T08:30:00Z,2026-01-02T08:32:00Z,2068.4,7.4,12.2,4.2,79.3
TURB007,FARM07,2026-01-02T08:35:00Z,2026-01-02T08:39:00Z,1956.1,7.2,12.0,4.4,78.8
TURB007,FARM07,2026-01-02T08:40:00Z,2026-01-02T08:41:00Z,1806.3,6.9,11.7,4.5,78.3
TURB007,FARM07,2026-01-02T08:45:00Z,2026-01-02T08:48:00Z,1731.4,6.8,11.6,4.6,77.9
TURB007,FARM07,2026-01-02T08:50:00Z,2026-01-02T08:55:00Z,1663.4,6.7,11.5,4.7,77.6
TURB007,FARM07,2026-01-02T08:55:00Z,2026-01-02T08:57:00Z,1641.6,6.7,11.5,4.7,77.4
TURB007,FARM07,2026-01-02T09:00:00Z,2026-01-02T09:04:00Z,1668.3,6.8,11.6,4.7,77.3
TURB007,FARM07,2026-01-02T09:05:00Z,2026-01-02T09:06:00Z,1744.3,7.0,11.8,4.7,77.4
TURB007,FARM07,2026-01-02T09:10:00Z,2026-01-02T09:13:00Z,1833.4,7.2,12.0,4.6,77.5
TURB007,FARM07,2026-01-02T09:15:00Z,2026-01-02T09:20:00Z,2005.7,7.6,12.3,4.5,77.8
TURB007,FARM07,2026-01-02T09:20:00Z,2026-01-02T09:22:00Z,2150.3,7.9,12.6,4.4,78.1
TURB007,FARM07,2026-01-02T09:25:00Z,2026-01-02T09:29:00Z,2371.4,8.4,13.1,4.2,78.6
TURB007,FARM07,2026-01-02T09:30:00Z,2026-01-02T09:31:00Z,2556.8,8.8,13.4,4.0,79.1
TURB007,FARM07,2026-01-02T09:35:00Z,2026-01-02T09:38:00Z,2774.2,9.3,13.9,3.8,79.6
TURB007,FARM07,2026-01-02T09:40:00Z,2026-01-02T09:45:00Z,2983.7,9.8,14.3,3.6,80.3
TURB007,FARM07,2026-01-02T09:45:00Z,2026-01-02T09:47:00Z,3146.2,10.2,14.7,3.4,80.8
TURB007,FARM07,2026-01-02T09:50:00Z,2026-01-02T09:54:00Z,3332.0,10.7,15.2,3.2,81.5
TURB007,FARM07,2026-01-02T09:55:00Z,2026-01-02T09:56:00Z,3432.2,11.0,15.5,3.0,82.0
TURB007,FARM07,2026-01-02T10:00:00Z,2026-01-02T10:03:00Z,3500.0,11.4,15.8,2.8,82.6
TURB007,FARM07,2026-01-02T10:05:00Z,2026-01-02T10:10:00Z,3500.0,11.6,16.0,2.6,83.1
TURB007,FARM07,2026-01-02T10:10:00Z,2026-01-02T10:12:00Z,3500.0,11.8,16.2,2.4,83.6
TURB007,FARM07,2026-01-02T10:15:00Z,2026-01-02T10:19:00Z,3500.0,11.8,16.2,2.3,83.9
TURB007,FARM07,2026-01-02T10:20:00Z,2026-01-02T10:21:00Z,3500.0,11.8,16.2,2.2,84.2
TURB007,FARM07,2026-01-02T10:25:00Z,2026-01-02T10:28:00Z,3476.8,11.7,16.1,2.2,84.4
TURB007,FARM07,2026-01-02T10:30:00Z,2026-01-02T10:35:00Z,3414.1,11.6,16.0,2.1,84.6
TURB007,FARM07,2026-01-02T10:40:00Z,2026-01-02T10:44:00Z,3180.8,11.0,15.4,2.2,84.6
TURB007,FARM07,2026-01-02T10:45:00Z,2026-01-02T10:46:00Z,3048.1,10.6,15.1,2.3,84.5
TURB007,FARM07,2026-01-02T10:50:00Z,2026-01-02T10:53:00Z,2927.6,10.2,14.7,2.4,84.4
TURB007,FARM07,2026-01-02T10:55:00Z,2026-01-02T11:00:00Z,2780.9,9.7,14.2,2.5,84.2
TURB007,FARM07,2026-01-02T11:00:00Z,2026-01-02T11:02:00Z,2676.5,9.3,13.9,2.6,84.1
TURB007,FARM07,2026-01-02T11:05:00Z,2026-01-02T11:09:00Z,2538.3,8.8,13.4,2.8,83.8
TURB007,FARM07,2026-01-02T11:10:00Z,2026-01-02T11:11:00Z,2434.0,8.4,13.0,2.9,83.6
TURB007,FARM07,2026-01-02T11:15:00Z,2026-01-02T11:18:00Z,2323.5,8.0,12.7,3.1,83.4
TURB007,FARM07,2026-01-02T11:20:00Z,2026-01-02T11:25:00Z,2239.3,7.7,12.4,3.3,83.2
TURB007,FARM07,2026-01-02T11:25:00Z,2026-01-02T11:27:00Z,2143.0,7.4,12.1,3.5,83.1
TURB007,FARM07,2026-01-02T11:30:00Z,2026-01-02T11:34:00Z,2069.4,7.2,11.9,3.6,82.9
TURB007,FARM07,2026-01-02T11:35:00Z,2026-01-02T11:36:00Z,2018.6,7.1,11.8,3.8,82.9
TURB007,FARM07,2026-01-02T11:40:00Z,2026-01-02T11:43:00Z,1956.1,7.0,11.7,3.9,82.8
TURB007,FARM07,2026-01-02T11:45:00Z,2026-01-02T11:50:00Z,1956.7,7.1,11.8,4.0,82.9
TURB007,FARM07,2026-01-02T11:50:00Z,2026-01-02T11:52:00Z,1952.1,7.2,11.9,4.1,82.9
TURB007,FARM07,2026-01-02T11:55:00Z,2026-01-02T12:13:00Z,1982.4,7.4,12.1,4.2,83.0
TURB007,FARM07,2026-01-02T12:00:00Z,2026-01-02T12:01:00Z,2052.1,7.7,12.4,4.2,83.2
TURB007,FARM07,2026-01-02T12:05:00Z,2026-01-02T12:08:00Z,2128.9,8.0,12.7,4.2,83.3
TURB007,FARM07,2026-01-02T12:10:00Z,2026-01-02T12:15:00Z,2252.2,8.4,13.1,4.2,83.5
TURB007,FARM07,2026-01-02T12:15:00Z,2026-01-02T12:17:00Z,2388.1,8.8,13.4,4.2,83.7
TURB007,FARM07,2026-01-02T12:20:00Z,2026-01-02T12:24:00Z,2573.4,9.3,13.9,4.1,84.0
TURB007,FARM07,2026-01-02T12:25:00Z,2026-01-02T12:26:00Z,2735.6,9.7,14.3,4.1,84.1
TURB007,FARM07,2026-01-02T12:30:00Z,2026-01-02T12:33:00Z,2908.8,10.1,14.7,4.0,84.2
TURB007,FARM07,2026-01-02T12:35:00Z,2026-01-02T12:40:00Z,3090.0,10.5,15.0,3.9,84.3
TURB007,FARM07,2026-01-02T12:40:00Z,2026-01-02T12:42:00Z,3239.4,10.8,15.3,3.8,84.3
TURB007,FARM07,2026-01-02T12:45:00Z,2026-01-02T12:49:00Z,3388.6,11.1,15.6,3.7,84.3
TURB007,FARM07,2026-01-02T12:50:00Z,2026-01-02T12:51:00Z,3497.4,11.3,15.8,3.6,84.2
TURB007,FARM07,2026-01-02T12:55:00Z,2026-01-02T12:58:00Z,3500.0,11.4,15.9,3.5,84.0
TURB007,FARM07,2026-01-02T13:00:00Z,2026-01-02T13:05:00Z,3500.0,11.5,16.0,3.4,83.7
TURB007,FARM07,2026-01-02T13:05:00Z,2026-01-02T13:07:00Z,3500.0,11.4,15.9,3.3,83.3
TURB007,FARM07,2026-01-02T13:15:00Z,2026-01-02T13:16:00Z,3445.4,11.1,15.6,3.1,82.5
TURB007,FARM07,2026-01-02T13:20:00Z,2026-01-02T13:23:00Z,3305.6,10.8,15.4,3.1,81.9
TURB007,FARM07,2026-01-02T13:25:00Z,2026-01-02T13:30:00Z,3122.9,10.4,15.0,3.0,81.3
TURB007,FARM07,2026-01-02T13:30:00Z,2026-01-02T13:32:00Z,2937.2,10.0,14.6,3.0,80.7
TURB007,FARM07,2026-01-02T13:35:00Z,2026-01-02T13:39:00Z,2752.8,9.6,14.3,3.0,80.1
TURB007,FARM07,2026-01-02T13:40:00Z,2026-01-02T13:41:00Z,2537.9,9.1,13.8,3.0,79.5
TURB007,FARM07,2026-01-02T13:45:00Z,2026-01-02T13:48:00Z,2332.1,8.6,13.4,3.0,78.9
TURB007,FARM07,2026-01-02T13:50:00Z,2026-01-02T13:55:00Z,2138.1,8.1,12.9,3.0,78.3
TURB007,FARM07,2026-01-02T13:55:00Z,2026-01-02T13:57:00Z,1993.3,7.7,12.5,3.1,77.9
TURB007,FARM07,2026-01-02T14:00:00Z,2026-01-02T14:04:00Z,1825.9,7.2,12.1,3.1,77.4
TURB007,FARM07,2026-01-02T14:05:00Z,2026-01-02T14:06:00Z,1742.4,6.9,11.8,3.1,77.1
TURB007,FARM07,2026-01-02T14:10:00Z,2026-01-02T14:13:00Z,1668.4,6.6,11.5,3.2,76.9
TURB007,FARM07,2026-01-02T14:15:00Z,2026-01-02T14:20:00Z,1600.4,6.3,11.3,3.3,76.7
TURB007,FARM07,2026-01-02T14:20:00Z,2026-01-02T14:22:00Z,1606.2,6.2,11.2,3.3,76.8
TURB007,FARM07,2026-01-02T14:25:00Z,2026-01-02T14:29:00Z,1609.5,6.1,11.1,3.3,76.9
TURB007,FARM07,2026-01-02T14:30:00Z,2026-01-02T14:31:00Z,1678.2,6.2,11.2,3.4,77.2
TURB007,FARM07,2026-01-02T14:35:00Z,2026-01-02T14:38:00Z,1737.0,6.3,11.3,3.4,77.5
TURB007,FARM07,2026-01-02T14:40:00Z,2026-01-02T14:45:00Z,1819.5,6.5,11.5,3.4,77.9
TURB007,FARM07,2026-01-02T14:45:00Z,2026-01-02T14:47:00Z,1888.5,6.7,11.7,3.5,78.4
TURB007,FARM07,2026-01-02T14:50:00Z,2026-01-02T14:54:00Z,1980.5,7.0,12.0,3.5,79.0
TURB007,FARM07,2026-01-02T14:55:00Z,2026-01-02T14:56:00Z,2097.1,7.4,12.3,3.5,79.7
TURB007,FARM07,2026-01-02T15:00:00Z,2026-01-02T15:03:00Z,2205.0,7.8,12.7,3.6,80.4
TURB007,FARM07,2026-01-02T15:05:00Z,2026-01-02T15:10:00Z,2308.1,8.2,13.1,3.6,81.2
TURB007,FARM07,2026-01-02T15:10:00Z,2026-01-02T15:12:00Z,2446.6,8.7,13.5,3.6,82.0
TURB007,FARM07,2026-01-02T15:15:00Z,2026-01-02T15:19:00Z,2552.7,9.1,13.9,3.6,82.7
TURB007,FARM07,2026-01-02T15:20:00Z,2026-01-02T15:21:00Z,2666.4,9.5,14.3,3.7,83.4
TURB007,FARM07,2026-01-02T15:25:00Z,2026-01-02T15:28:00Z,2754.8,9.8,14.6,3.7,84.0
TURB007,FARM07,2026-01-02T15:30:00Z,2026-01-02T15:35:00Z,2856.0,10.1,14.9,3.7,84.6
TURB007,FARM07,2026-01-02T15:35:00Z,2026-01-02T15:37:00Z,2934.6,10.3,15.1,3.8,85.0
TURB007,FARM07,2026-01-02T15:40:00Z,2026-01-02T15:44:00Z,3026.0,10.5,15.2,3.8,85.5
TURB007,FARM07,2026-01-02T15:50:00Z,2026-01-02T15:53:00Z,3093.8,10.5,15.3,3.9,85.9
TURB007,FARM07,2026-01-02T15:55:00Z,2026-01-02T16:00:00Z,3099.4,10.4,15.2,3.9,85.9
TURB007,FARM07,2026-01-02T16:00:00Z,2026-01-02T16:02:00Z,3068.3,10.2,15.0,4.0,85.8
TURB007,FARM07,2026-01-02T16:05:00Z,2026-01-02T16:09:00Z,3032.5,10.0,14.8,4.0,85.7
TURB007,FARM07,2026-01-02T16:10:00Z,2026-01-02T16:11:00Z,2952.1,9.7,14.5,4.0,85.5
TURB007,FARM07,2026-01-02T16:15:00Z,2026-01-02T16:18:00Z,2824.3,9.3,14.1,4.0,85.1
TURB007,FARM07,2026-01-02T16:20:00Z,2026-01-02T16:38:00Z,2683.5,8.9,13.8,4.1,84.7
TURB007,FARM07,2026-01-02T16:25:00Z,2026-01-02T16:27:00Z,2493.3,8.4,13.3,4.1,84.1
TURB007,FARM07,2026-01-02T16:30:00Z,2026-01-02T16:34:00Z,2326.8,8.0,12.9,4.1,83.6
TURB007,FARM07,2026-01-02T16:35:00Z,2026-01-02T16:36:00Z,2114.2,7.5,12.5,4.1,83.0
TURB007,FARM07,2026-01-02T16:40:00Z,2026-01-02T16:43:00Z,1931.0,7.1,12.1,4.1,82.4
TURB007,FARM07,2026-01-02T16:45:00Z,2026-01-02T16:50:00Z,1745.2,6.7,11.7,4.1,81.9
TURB007,FARM07,2026-01-02T16:50:00Z,2026-01-02T16:52:00Z,1597.2,6.4,11.4,4.0,81.3
TURB007,FARM07,2026-01-02T16:55:00Z,2026-01-02T16:59:00Z,1455.0,6.1,11.2,4.0,80.8
TURB007,FARM07,2026-01-02T17:00:00Z,2026-01-02T17:01:00Z,1358.2,5.9,11.0,3.9,80.3
TURB007,FARM07,2026-01-02T17:05:00Z,2026-01-02T17:08:00Z,1345.4,5.9,11.0,3.8,80.0
TURB007,FARM07,2026-01-02T17:10:00Z,2026-01-02T17:15:00Z,1346.0,5.9,10.9,3.7,79.7
TURB007,FARM07,2026-01-02T17:15:00Z,2026-01-02T17:17:00Z,1359.7,5.9,11.0,3.6,79.4
TURB007,FARM07,2026-01-02T17:20:00Z,2026-01-02T17:24:00Z,1421.3,6.0,11.1,3.5,79.2
TURB007,FARM07,2026-01-02T17:25:00Z,2026-01-02T17:26:00Z,1528.0,6.2,11.2,3.4,79.1
TURB007,FARM07,2026-01-02T17:30:00Z,2026-01-02T17:33:00Z,1676.4,6.5,11.5,3.2,79.1
TURB007,FARM07,2026-01-02T17:35:00Z,2026-01-02T17:40:00Z,1826.1,6.8,11.8,3.1,79.1
TURB007,FARM07,2026-01-02T17:40:00Z,2026-01-02T17:42:00Z,2044.9,7.3,12.3,3.0,79.3
TURB007,FARM07,2026-01-02T17:45:00Z,2026-01-02T17:49:00Z,2220.9,7.7,12.6,2.9,79.4
TURB007,FARM07,2026-01-02T17:50:00Z,2026-01-02T17:51:00Z,2422.5,8.2,13.1,2.8,79.6
TURB007,FARM07,2026-01-02T17:55:00Z,2026-01-02T17:58:00Z,2611.8,8.7,13.5,2.8,79.9
TURB007,FARM07,2026-01-02T18:00:00Z,2026-01-02T18:05:00Z,2751.6,9.1,13.9,2.7,80.0
TURB007,FARM07,2026-01-02T18:05:00Z,2026-01-02T18:07:00Z,2914.4,9.6,14.4,2.7,80.3
TURB007,FARM07,2026-01-02T18:10:00Z,2026-01-02T18:14:00Z,3030.0,10.0,14.7,2.7,80.6
TURB007,FARM07,2026-01-02T18:15:00Z,2026-01-02T18:16:00Z,3101.3,10.3,15.0,2.7,80.7
TURB007,FARM07,2026-01-02T18:25:00Z,2026-01-02T18:30:00Z,3198.8,10.8,15.5,2.8,81.0
TURB007,FARM07,2026-01-02T18:30:00Z,2026-01-02T18:32:00Z,3197.5,10.9,15.5,2.9,81.1
TURB007,FARM07,2026-01-02T18:35:00Z,2026-01-02T18:39:00Z,3168.1,10.9,15.5,3.1,81.1
TURB007,FARM07,2026-01-02T18:40:00Z,2026-01-02T18:41:00Z,3149.6,10.9,15.5,3.2,81.1
TURB007,FARM07,2026-01-02T18:45:00Z,2026-01-02T18:48:00Z,3072.0,10.7,15.3,3.3,81.0
TURB007,FARM07,2026-01-02T18:50:00Z,2026-01-02T18:55:00Z,3007.9,10.5,15.2,3.5,80.9
TURB007,FARM07,2026-01-02T18:55:00Z,2026-01-02T18:57:00Z,2920.4,10.2,14.9,3.7,80.8
TURB007,FARM07,2026-01-02T19:00:00Z,2026-01-02T19:04:00Z,2843.4,9.9,14.6,3.8,80.6
TURB007,FARM07,2026-01-02T19:05:00Z,2026-01-02T19:06:00Z,2737.7,9.5,14.2,4.0,80.4
TURB007,FARM07,2026-01-02T19:10:00Z,2026-01-02T19:13:00Z,2635.3,9.1,13.8,4.1,80.3
TURB007,FARM07,2026-01-02T19:15:00Z,2026-01-02T19:20:00Z,2532.0,8.7,13.4,4.3,80.1
TURB007,FARM07,2026-01-02T19:20:00Z,2026-01-02T19:22:00Z,2423.5,8.3,13.1,4.4,80.0
TURB007,FARM07,2026-01-02T19:25:00Z,2026-01-02T19:29:00Z,2306.2,7.9,12.7,4.5,79.9
TURB007,FARM07,2026-01-02T19:30:00Z,2026-01-02T19:31:00Z,2177.2,7.5,12.3,4.6,79.8
TURB007,FARM07,2026-01-02T19:35:00Z,2026-01-02T19:38:00Z,2071.1,7.2,12.0,4.6,79.8
TURB007,FARM07,2026-01-02T19:40:00Z,2026-01-02T19:45:00Z,1951.7,6.9,11.7,4.6,79.8
TURB007,FARM07,2026-01-02T19:45:00Z,2026-01-02T19:47:00Z,1892.0,6.8,11.6,4.6,80.0
TURB007,FARM07,2026-01-02T19:50:00Z,2026-01-02T19:54:00Z,1822.7,6.7,11.5,4.5,80.3
TURB007,FARM07,2026-01-02T19:55:00Z,2026-01-02T19:56:00Z,1747.1,6.6,11.5,4.5,80.5
TURB007,FARM07,2026-01-02T20:00:00Z,2026-01-02T20:03:00Z,1741.3,6.7,11.5,4.3,80.9
TURB007,FARM07,2026-01-02T20:05:00Z,2026-01-02T20:10:00Z,1773.6,6.9,11.7,4.2,81.3
TURB007,FARM07,2026-01-02T20:10:00Z,2026-01-02T20:12:00Z,1812.2,7.1,11.9,4.0,81.8
TURB007,FARM07,2026-01-02T20:15:00Z,2026-01-02T20:19:00Z,1896.5,7.4,12.2,3.8,82.3
TURB007,FARM07,2026-01-02T20:20:00Z,2026-01-02T20:21:00Z,2028.9,7.8,12.5,3.6,83.0
TURB007,FARM07,2026-01-02T20:25:00Z,2026-01-02T20:28:00Z,2174.7,8.2,12.9,3.4,83.6
TURB007,FARM07,2026-01-02T20:30:00Z,2026-01-02T20:35:00Z,2369.7,8.7,13.3,3.2,84.2
TURB007,FARM07,2026-01-02T20:35:00Z,2026-01-02T20:37:00Z,2540.2,9.1,13.7,3.0,84.7
TURB007,FARM07,2026-01-02T20:40:00Z,2026-01-02T20:44:00Z,2755.7,9.6,14.2,2.8,85.3
TURB007,FARM07,2026-01-02T20:45:00Z,2026-01-02T21:03:00Z,2976.3,10.1,14.6,2.6,85.9
TURB007,FARM07,2026-01-02T20:50:00Z,2026-01-02T20:53:00Z,3162.0,10.5,15.0,2.4,86.3
TURB007,FARM07,2026-01-02T21:00:00Z,2026-01-02T21:02:00Z,3483.4,11.2,15.7,2.1,86.9
TURB007,FARM07,2026-01-02T21:05:00Z,2026-01-02T21:09:00Z,3500.0,11.5,15.9,2.1,87.1
TURB007,FARM07,2026-01-02T21:10:00Z,2026-01-02T21:11:00Z,3500.0,11.7,16.1,2.0,87.2
TURB007,FARM07,2026-01-02T21:15:00Z,2026-01-02T21:18:00Z,3500.0,11.8,16.2,2.0,87.2
TURB007,FARM07,2026-01-02T21:20:00Z,2026-01-02T21:25:00Z,3500.0,11.8,16.2,2.0,87.0
TURB007,FARM07,2026-01-02T21:25:00Z,2026-01-02T21:27:00Z,3500.0,11.8,16.2,2.1,86.8
TURB007,FARM07,2026-01-02T21:30:00Z,2026-01-02T21:34:00Z,3500.0,11.6,16.0,2.2,86.3
TURB007,FARM07,2026-01-02T21:35:00Z,2026-01-02T21:36:00Z,3452.2,11.4,15.8,2.3,85.9
TURB007,FARM07,2026-01-02T21:40:00Z,2026-01-02T21:43:00Z,3303.0,11.1,15.5,2.5,85.3
TURB007,FARM07,2026-01-02T21:45:00Z,2026-01-02T21:50:00Z,3122.3,10.7,15.2,2.7,84.6
TURB007,FARM07,2026-01-02T21:50:00Z,2026-01-02T21:52:00Z,2949.8,10.3,14.8,2.9,83.9
TURB007,FARM07,2026-01-02T21:55:00Z,2026-01-02T21:59:00Z,2788.5,9.9,14.4,3.1,83.2
TURB007,FARM07,2026-01-02T22:00:00Z,2026-01-02T22:01:00Z,2604.2,9.4,14.0,3.4,82.3
TURB007,FARM07,2026-01-02T22:05:00Z,2026-01-02T22:08:00Z,2469.3,9.0,13.6,3.6,81.6
TURB007,FARM07,2026-01-02T22:10:00Z,2026-01-02T22:15:00Z,2310.9,8.5,13.1,3.8,80.8
TURB007,FARM07,2026-01-02T22:15:00Z,2026-01-02T22:17:00Z,2198.8,8.1,12.7,4.0,80.1
TURB007,FARM07,2026-01-02T22:20:00Z,2026-01-02T22:24:00Z,2129.6,7.8,12.5,4.2,79.5
TURB007,FARM07,2026-01-02T22:25:00Z,2026-01-02T22:26:00Z,2063.3,7.5,12.2,4.3,78.9
TURB007,FARM07,2026-01-02T22:30:00Z,2026-01-02T22:33:00Z,2031.7,7.3,12.0,4.5,78.5
TURB007,FARM07,2026-01-02T22:35:00Z,2026-01-02T22:40:00Z,1994.5,7.1,11.8,4.6,78.1
TURB007,FARM07,2026-01-02T22:40:00Z,2026-01-02T22:42:00Z,2020.1,7.1,11.8,4.6,77.9
TURB007,FARM07,2026-01-02T22:45:00Z,2026-01-02T22:49:00Z,2034.0,7.1,11.8,4.7,77.7
TURB007,FARM07,2026-01-02T22:50:00Z,2026-01-02T22:51:00Z,2070.6,7.2,11.9,4.6,77.6
TURB007,FARM07,2026-01-02T22:55:00Z,2026-01-02T22:58:00Z,2129.9,7.4,12.1,4.6,77.7
TURB007,FARM07,2026-01-02T23:00:00Z,2026-01-02T23:05:00Z,2177.3,7.6,12.3,4.5,77.8
TURB007,FARM07,2026-01-02T23:05:00Z,2026-01-02T23:07:00Z,2287.1,8.0,12.7,4.4,78.2
TURB007,FARM07,2026-01-02T23:10:00Z,2026-01-02T23:14:00Z,2355.1,8.3,13.0,4.3,78.5
TURB007,FARM07,2026-01-02T23:15:00Z,2026-01-02T23:16:00Z,2457.3,8.7,13.3,4.1,78.9
TURB007,FARM07,2026-01-02T23:20:00Z,2026-01-02T23:23:00Z,2598.1,9.2,13.8,3.9,79.5
TURB007,FARM07,2026-01-02T23:25:00Z,2026-01-02T23:30:00Z,2709.5,9.6,14.2,3.7,80.0
TURB007,FARM07,2026-01-02T23:35:00Z,2026-01-02T23:39:00Z,2964.5,10.4,14.9,3.3,81.1
TURB007,FARM07,2026-01-02T23:40:00Z,2026-01-02T23:41:00Z,3111.6,10.8,15.3,3.1,81.7
TURB007,FARM07,2026-01-02T23:45:00Z,2026-01-02T23:48:00Z,3235.7,11.1,15.6,2.9,82.2
TURB007,FARM07,2026-01-02T23:50:00Z,2026-01-02T23:55:00Z,3335.3,11.3,15.8,2.7,82.7
TURB007,FARM07,2026-01-02T23:55:00Z,2026-01-02T23:57:00Z,3407.4,11.4,15.9,2.6,83.1
TURB008,FARM08,2026-01-01T00:00:00Z,2026-01-01T00:05:00Z,2347.3,8.5,13.1,2.7,80.5
TURB008,FARM08,2026-01-01T00:05:00Z,2026-01-01T00:07:00Z,2458.4,8.9,13.5,2.7,80.6
TURB008,FARM08,2026-01-01T00:15:00Z,2026-01-01T00:16:00Z,2748.6,9.8,14.3,2.5,81.0
TURB008,FARM08,2026-01-01T00:20:00Z,2026-01-01T00:23:00Z,2895.3,10.2,14.7,2.5,81.2
TURB008,FARM08,2026-01-01T00:25:00Z,2026-01-01T00:30:00Z,3055.0,10.6,15.1,2.5,81.4
TURB008,FARM08,2026-01-01T00:30:00Z,2026-01-01T00:32:00Z,3226.2,11.0,15.4,2.5,81.6
TURB008,FARM08,2026-01-01T00:35:00Z,2026-01-01T00:39:00Z,3370.1,11.3,15.7,2.5,81.7
TURB008,FARM08,2026-01-01T00:40:00Z,2026-01-01T00:58:00Z,3482.9,11.5,15.9,2.5,81.8
TURB008,FARM08,2026-01-01T00:45:00Z,2026-01-01T00:48:00Z,3500.0,11.7,16.1,2.6,81.9
TURB008,FARM08,2026-01-01T00:50:00Z,2026-01-01T00:55:00Z,3500.0,11.8,16.2,2.7,82.0
TURB008,FARM08,2026-01-01T00:55:00Z,2026-01-01T00:57:00Z,3500.0,11.7,16.1,2.9,81.9
TURB008,FARM08,2026-01-01T01:00:00Z,2026-01-01T01:04:00Z,3500.0,11.6,16.0,3.0,81.8
TURB008,FARM08,2026-01-01T01:05:00Z,2026-01-01T01:06:00Z,3500.0,11.5,15.9,3.1,81.8
TURB008,FARM08,2026-01-01T01:10:00Z,2026-01-01T01:13:00Z,3500.0,11.2,15.7,3.3,81.6
TURB008,FARM08,2026-01-01T01:15:00Z,2026-01-01T01:20:00Z,3378.6,10.9,15.4,3.5,81.4
TURB008,FARM08,2026-01-01T01:20:00Z,2026-01-01T01:22:00Z,3204.7,10.5,15.0,3.7,81.2
TURB008,FARM08,2026-01-01T01:25:00Z,2026-01-01T01:29:00Z,2987.0,10.0,14.6,3.9,80.9
TURB008,FARM08,2026-01-01T01:30:00Z,2026-01-01T01:31:00Z,2801.6,9.6,14.2,4.0,80.7
TURB008,FARM08,2026-01-01T01:35:00Z,2026-01-01T01:38:00Z,2580.6,9.1,13.7,4.2,80.5
TURB008,FARM08,2026-01-01T01:40:00Z,2026-01-01T01:45:00Z,2364.3,8.6,13.3,4.3,80.3
TURB008,FARM08,2026-01-01T01:45:00Z,2026-01-01T01:47:00Z,2192.4,8.2,12.9,4.4,80.1
TURB008,FARM08,2026-01-01T01:50:00Z,2026-01-01T01:54:00Z,1995.9,7.7,12.5,4.5,79.9
TURB008,FARM08,2026-01-01T01:55:00Z,2026-01-01T01:56:00Z,1848.4,7.3,12.1,4.6,79.9
TURB008,FARM08,2026-01-01T02:00:00Z,2026-01-01T02:03:00Z,1750.3,7.0,11.8,4.6,79.9
TURB008,FARM08,2026-01-01T02:05:00Z,2026-01-01T02:10:00Z,1700.6,6.8,11.6,4.6,80.0
TURB008,FARM08,2026-01-01T02:10:00Z,2026-01-01T02:12:00Z,1661.0,6.6,11.5,4.6,80.1
TURB008,FARM08,2026-01-01T02:15:00Z,2026-01-01T02:19:00Z,1664.1,6.5,11.4,4.5,80.3
TURB008,FARM08,2026-01-01T02:20:00Z,2026-01-01T02:21:00Z,1705.9,6.5,11.4,4.4,80.6
TURB008,FARM08,2026-01-01T02:25:00Z,2026-01-01T02:28:00Z,1782.0,6.6,11.5,4.3,81.0
TURB008,FARM08,2026-01-01T02:30:00Z,2026-01-01T02:35:00Z,1888.4,6.8,11.7,4.1,81.5
TURB008,FARM08,2026-01-01T02:35:00Z,2026-01-01T02:37:00Z,1985.3,7.0,11.9,3.9,81.9
TURB008,FARM08,2026-01-01T02:40:00Z,2026-01-01T02:44:00Z,2106.4,7.3,12.2,3.7,82.4
TURB008,FARM08,2026-01-01T02:50:00Z,2026-01-01T02:53:00Z,2344.7,8.0,12.8,3.3,83.5
TURB008,FARM08,2026-01-01T02:55:00Z,2026-01-01T03:00:00Z,2499.4,8.5,13.3,3.1,84.1
TURB008,FARM08,2026-01-01T03:00:00Z,2026-01-01T03:02:00Z,2608.8,8.9,13.7,2.9,84.6
TURB008,FARM08,2026-01-01T03:05:00Z,2026-01-01T03:09:00Z,2712.5,9.3,14.0,2.7,85.1
TURB008,FARM08,2026-01-01T03:10:00Z,2026-01-01T03:11:00Z,2814.8,9.7,14.4,2.6,85.5
TURB008,FARM08,2026-01-01T03:15:00Z,2026-01-01T03:18:00Z,2883.8,10.0,14.7,2.5,85.8
TURB008,FARM08,2026-01-01T03:20:00Z,2026-01-01T03:25:00Z,2959.7,10.3,15.0,2.4,86.0
TURB008,FARM08,2026-01-01T03:25:00Z,2026-01-01T03:27:00Z,3045.8,10.6,15.3,2.3,86.3
TURB008,FARM08,2026-01-01T03:30:00Z,2026-01-01T03:34:00Z,3072.3,10.7,15.4,2.2,86.2
TURB008,FARM08,2026-01-01T03:35:00Z,2026-01-01T03:36:00Z,3112.2,10.8,15.5,2.2,86.2
TURB008,FARM08,2026-01-01T03:40:00Z,2026-01-01T03:43:00Z,3129.1,10.8,15.5,2.3,86.0
TURB008,FARM08,2026-01-01T03:45:00Z,2026-01-01T03:50:00Z,3121.3,10.7,15.4,2.3,85.7
TURB008,FARM08,2026-01-01T03:50:00Z,2026-01-01T03:52:00Z,3085.8,10.5,15.2,2.5,85.3
TURB008,FARM08,2026-01-01T03:55:00Z,2026-01-01T03:59:00Z,3018.9,10.2,14.9,2.6,84.7
TURB008,FARM08,2026-01-01T04:00:00Z,2026-01-01T04:01:00Z,2952.3,9.9,14.7,2.8,84.1
TURB008,FARM08,2026-01-01T04:05:00Z,2026-01-01T04:08:00Z,2845.8,9.5,14.3,3.0,83.4
TURB008,FARM08,2026-01-01T04:10:00Z,2026-01-01T04:15:00Z,2731.4,9.1,13.9,3.2,82.7
TURB008,FARM08,2026-01-01T04:15:00Z,2026-01-01T04:17:00Z,2570.1,8.6,13.5,3.4,81.9
TURB008,FARM08,2026-01-01T04:20:00Z,2026-01-01T04:24:00Z,2432.0,8.2,13.1,3.6,81.2
TURB008,FARM08,2026-01-01T04:25:00Z,2026-01-01T04:26:00Z,2244.4,7.7,12.6,3.9,80.4
TURB008,FARM08,2026-01-01T04:30:00Z,2026-01-01T04:33:00Z,2080.2,7.3,12.3,4.1,79.6
TURB008,FARM08,2026-01-01T04:35:00Z,2026-01-01T04:40:00Z,1869.4,6.8,11.8,4.3,78.8
TURB008,FARM08,2026-01-01T04:40:00Z,2026-01-01T04:42:00Z,1723.2,6.5,11.5,4.5,78.2
TURB008,FARM08,2026-01-01T04:45:00Z,2026-01-01T04:49:00Z,1573.6,6.2,11.3,4.6,77.7
TURB008,FARM08,2026-01-01T04:50:00Z,2026-01-01T04:51:00Z,1424.9,5.9,11.0,4.8,77.1
TURB008,FARM08,2026-01-01T04:55:00Z,2026-01-01T04:58:00Z,1389.2,5.9,11.0,4.8,76.9
TURB008,FARM08,2026-01-01T05:00:00Z,2026-01-01T05:05:00Z,1362.3,5.9,10.9,4.9,76.7
TURB008,FARM08,2026-01-01T05:05:00Z,2026-01-01T05:23:00Z,1347.0,5.9,11.0,4.9,76.5
TURB008,FARM08,2026-01-01T05:10:00Z,2026-01-01T05:14:00Z,1344.8,5.9,11.0,4.9,76.3
TURB008,FARM08,2026-01-01T05:15:00Z,2026-01-01T05:16:00Z,1391.9,6.0,11.1,4.9,76.3
TURB008,FARM08,2026-01-01T05:25:00Z,2026-01-01T05:30:00Z,1664.5,6.6,11.6,4.7,76.8
TURB008,FARM08,2026-01-01T05:30:00Z,2026-01-01T05:32:00Z,1848.0,7.0,12.0,4.6,77.2
TURB008,FARM08,2026-01-01T05:35:00Z,2026-01-01T05:39:00Z,2033.8,7.4,12.4,4.4,77.6
TURB008,FARM08,2026-01-01T05:40:00Z,2026-01-01T05:41:00Z,2253.6,7.9,12.8,4.2,78.2
TURB008,FARM08,2026-01-01T05:45:00Z,2026-01-01T05:48:00Z,2467.2,8.4,13.3,4.0,78.8
TURB008,FARM08,2026-01-01T05:50:00Z,2026-01-01T05:55:00Z,2635.1,8.8,13.7,3.8,79.3
TURB008,FARM08,2026-01-01T05:55:00Z,2026-01-01T05:57:00Z,2791.0,9.2,14.1,3.6,79.9
TURB008,FARM08,2026-01-01T06:00:00Z,2026-01-01T06:04:00Z,2933.5,9.6,14.4,3.4,80.5
TURB008,FARM08,2026-01-01T06:05:00Z,2026-01-01T06:06:00Z,3062.8,10.0,14.8,3.2,81.1
TURB008,FARM08,2026-01-01T06:10:00Z,2026-01-01T06:13:00Z,3144.5,10.3,15.0,3.0,81.7
TURB008,FARM08,2026-01-01T06:15:00Z,2026-01-01T06:20:00Z,3181.2,10.5,15.2,2.8,82.1
TURB008,FARM08,2026-01-01T06:20:00Z,2026-01-01T06:22:00Z,3176.6,10.6,15.3,2.7,82.5
TURB008,FARM08,2026-01-01T06:25:00Z,2026-01-01T06:29:00Z,3134.9,10.6,15.3,2.6,82.8
TURB008,FARM08,2026-01-01T06:30:00Z,2026-01-01T06:31:00Z,3096.5,10.6,15.3,2.5,83.1
TURB008,FARM08,2026-01-01T06:35:00Z,2026-01-01T06:38:00Z,3029.2,10.5,15.2,2.4,83.3
TURB008,FARM08,2026-01-01T06:40:00Z,2026-01-01T06:45:00Z,2900.3,10.2,15.0,2.4,83.4
TURB008,FARM08,2026-01-01T06:45:00Z,2026-01-01T06:47:00Z,2820.1,10.0,14.7,2.4,83.5
TURB008,FARM08,2026-01-01T06:50:00Z,2026-01-01T06:54:00Z,2681.3,9.6,14.4,2.5,83.4
TURB008,FARM08,2026-01-01T06:55:00Z,2026-01-01T06:56:00Z,2591.3,9.3,14.1,2.6,83.4
TURB008,FARM08,2026-01-01T07:00:00Z,2026-01-01T07:03:00Z,2476.5,8.9,13.7,2.7,83.3
TURB008,FARM08,2026-01-01T07:05:00Z,2026-01-01T07:10:00Z,2333.6,8.4,13.2,2.8,83.0
TURB008,FARM08,2026-01-01T07:10:00Z,2026-01-01T07:12:00Z,2230.9,8.0,12.9,2.9,82.9
TURB008,FARM08,2026-01-01T07:15:00Z,2026-01-01T07:19:00Z,2128.1,7.6,12.5,3.1,82.7
TURB008,FARM08,2026-01-01T07:20:00Z,2026-01-01T07:21:00Z,2021.0,7.2,12.1,3.3,82.5
TURB008,FARM08,2026-01-01T07:25:00Z,2026-01-01T07:28:00Z,1941.7,6.9,11.8,3.4,82.4
TURB008,FARM08,2026-01-01T07:30:00Z,2026-01-01T07:35:00Z,1851.2,6.6,11.5,3.6,82.2
TURB008,FARM08,2026-01-01T07:35:00Z,2026-01-01T07:37:00Z,1783.8,6.4,11.4,3.8,82.1
TURB008,FARM08,2026-01-01T07:40:00Z,2026-01-01T07:44:00Z,1739.0,6.3,11.3,3.9,82.1
TURB008,FARM08,2026-01-01T07:45:00Z,2026-01-01T07:46:00Z,1717.7,6.3,11.2,4.0,82.1
TURB008,FARM08,2026-01-01T07:50:00Z,2026-01-01T07:53:00Z,1686.0,6.3,11.2,4.1,82.1
TURB008,FARM08,2026-01-01T08:00:00Z,2026-01-01T08:02:00Z,1749.6,6.7,11.6,4.3,82.4
TURB008,FARM08,2026-01-01T08:05:00Z,2026-01-01T08:09:00Z,1817.2,7.0,11.9,4.3,82.6
TURB008,FARM08,2026-01-01T08:10:00Z,2026-01-01T08:11:00Z,1890.2,7.3,12.1,4.3,82.7
TURB008,FARM08,2026-01-01T08:15:00Z,2026-01-01T08:18:00Z,2008.3,7.7,12.5,4.3,82.9
TURB008,FARM08,2026-01-01T08:20:00Z,2026-01-01T08:25:00Z,2174.2,8.2,13.0,4.3,83.2
TURB008,FARM08,2026-01-01T08:25:00Z,2026-01-01T08:27:00Z,2353.3,8.7,13.4,4.2,83.5
TURB008,FARM08,2026-01-01T08:30:00Z,2026-01-01T08:34:00Z,2545.7,9.2,13.9,4.2,83.7
TURB008,FARM08,2026-01-01T08:35:00Z,2026-01-01T08:36:00Z,2714.1,9.6,14.2,4.1,83.8
TURB008,FARM08,2026-01-01T08:40:00Z,2026-01-01T08:43:00Z,2928.0,10.1,14.7,4.0,84.1
TURB008,FARM08,2026-01-01T08:45:00Z,2026-01-01T08:50:00Z,3111.9,10.5,15.1,3.9,84.1
TURB008,FARM08,2026-01-01T08:50:00Z,2026-01-01T08:52:00Z,3297.7,10.9,15.4,3.7,84.2
TURB008,FARM08,2026-01-01T08:55:00Z,2026-01-01T08:59:00Z,3445.1,11.2,15.7,3.6,84.2
TURB008,FARM08,2026-01-01T09:00:00Z,2026-01-01T09:01:00Z,3500.0,11.4,15.9,3.5,84.1
TURB008,FARM08,2026-01-01T09:05:00Z,2026-01-01T09:08:00Z,3500.0,11.5,16.0,3.4,83.9
TURB008,FARM08,2026-01-01T09:10:00Z,2026-01-01T09:15:00Z,3500.0,11.6,16.1,3.3,83.7
TURB008,FARM08,2026-01-01T09:15:00Z,2026-01-01T09:17:00Z,3500.0,11.6,16.0,3.2,83.4
TURB008,FARM08,2026-01-01T09:20:00Z,2026-01-01T09:24:00Z,3500.0,11.4,15.9,3.1,82.9
TURB008,FARM08,2026-01-01T09:25:00Z,2026-01-01T09:26:00Z,3465.4,11.2,15.7,3.0,82.4
TURB008,FARM08,2026-01-01T09:30:00Z,2026-01-01T09:48:00Z,3357.5,11.0,15.5,3.0,82.0
TURB008,FARM08,2026-01-01T09:35:00Z,2026-01-01T09:40:00Z,3172.6,10.6,15.1,2.9,81.4
TURB008,FARM08,2026-01-01T09:40:00Z,2026-01-01T09:42:00Z,3023.1,10.3,14.8,2.9,80.9
TURB008,FARM08,2026-01-01T09:45:00Z,2026-01-01T09:49:00Z,2805.1,9.8,14.4,2.9,80.3
TURB008,FARM08,2026-01-01T09:50:00Z,2026-01-01T09:51:00Z,2630.7,9.4,14.0,2.9,79.7
TURB008,FARM08,2026-01-01T09:55:00Z,2026-01-01T09:58:00Z,2467.0,9.0,13.6,2.9,79.3
TURB008,FARM08,2026-01-01T10:00:00Z,2026-01-01T10:05:00Z,2316.0,8.6,13.2,2.9,78.8
TURB008,FARM08,2026-01-01T10:05:00Z,2026-01-01T10:07:00Z,2178.4,8.2,12.8,2.9,78.4
TURB008,FARM08,2026-01-01T10:10:00Z,2026-01-01T10:14:00Z,2053.7,7.8,12.5,3.0,78.0
TURB008,FARM08,2026-01-01T10:15:00Z,2026-01-01T10:16:00Z,1975.7,7.5,12.2,3.0,77.8
TURB008,FARM08,2026-01-01T10:20:00Z,2026-01-01T10:23:00Z,1941.4,7.3,12.0,3.0,77.7
TURB008,FARM08,2026-01-01T10:25:00Z,2026-01-01T10:30:00Z,1946.9,7.2,11.9,3.0,77.7
TURB008,FARM08,2026-01-01T10:35:00Z,2026-01-01T10:39:00Z,1988.1,7.1,11.8,3.1,78.0
TURB008,FARM08,2026-01-01T10:40:00Z,2026-01-01T10:41:00Z,2051.8,7.2,11.9,3.2,78.3
TURB008,FARM08,2026-01-01T10:45:00Z,2026-01-01T10:48:00Z,2140.2,7.4,12.1,3.2,78.7
TURB008,FARM08,2026-01-01T10:50:00Z,2026-01-01T10:55:00Z,2251.6,7.7,12.4,3.2,79.3
TURB008,FARM08,2026-01-01T10:55:00Z,2026-01-01T10:57:00Z,2349.5,8.0,12.6,3.2,79.9
TURB008,FARM08,2026-01-01T11:00:00Z,2026-01-01T11:04:00Z,2471.1,8.4,13.0,3.3,80.6
TURB008,FARM08,2026-01-01T11:05:00Z,2026-01-01T11:06:00Z,2582.6,8.8,13.4,3.3,81.3
TURB008,FARM08,2026-01-01T11:10:00Z,2026-01-01T11:13:00Z,2687.5,9.2,13.8,3.3,82.0
TURB008,FARM08,2026-01-01T11:15:00Z,2026-01-01T11:20:00Z,2825.7,9.7,14.2,3.3,82.8
TURB008,FARM08,2026-01-01T11:20:00Z,2026-01-01T11:22:00Z,2929.6,10.1,14.6,3.3,83.5
TURB008,FARM08,2026-01-01T11:25:00Z,2026-01-01T11:29:00Z,3039.3,10.5,15.0,3.4,84.3
TURB008,FARM08,2026-01-01T11:30:00Z,2026-01-01T11:31:00Z,3158.4,10.9,15.3,3.4,85.0
TURB008,FARM08,2026-01-01T11:35:00Z,2026-01-01T11:38:00Z,3253.5,11.2,15.6,3.4,85.5
TURB008,FARM08,2026-01-01T11:40:00Z,2026-01-01T11:45:00Z,3361.9,11.5,15.9,3.4,86.1
TURB008,FARM08,2026-01-01T11:45:00Z,2026-01-01T11:47:00Z,3447.5,11.7,16.1,3.5,86.6
TURB008,FARM08,2026-01-01T11:50:00Z,2026-01-01T11:54:00Z,3500.0,11.8,16.2,3.5,86.9
TURB008,FARM08,2026-01-01T11:55:00Z,2026-01-01T11:56:00Z,3500.0,11.8,16.2,3.6,87.1
TURB008,FARM08,2026-01-01T12:00:00Z,2026-01-01T12:03:00Z,3500.0,11.7,16.1,3.6,87.2
TURB008,FARM08,2026-01-01T12:05:00Z,2026-01-01T12:10:00Z,3500.0,11.6,16.0,3.6,87.2
TURB008,FARM08,2026-01-01T12:10:00Z,2026-01-01T12:12:00Z,3484.5,11.3,15.8,3.7,87.0
TURB008,FARM08,2026-01-01T12:15:00Z,2026-01-01T12:19:00Z,3408.5,11.0,15.5,3.7,86.8
TURB008,FARM08,2026-01-01T12:20:00Z,2026-01-01T12:21:00Z,3286.4,10.6,15.1,3.8,86.4
TURB008,FARM08,2026-01-01T12:25:00Z,2026-01-01T12:28:00Z,3151.7,10.2,14.7,3.8,86.0
TURB008,FARM08,2026-01-01T12:30:00Z,2026-01-01T12:35:00Z,2967.7,9.7,14.3,3.8,85.5
TURB008,FARM08,2026-01-01T12:35:00Z,2026-01-01T12:37:00Z,2806.6,9.3,13.9,3.8,85.0
TURB008,FARM08,2026-01-01T12:40:00Z,2026-01-01T12:44:00Z,2598.3,8.8,13.5,3.9,84.4
TURB008,FARM08,2026-01-01T12:45:00Z,2026-01-01T12:46:00Z,2381.8,8.3,13.0,3.9,83.7
TURB008,FARM08,2026-01-01T12:50:00Z,2026-01-01T12:53:00Z,2196.6,7.9,12.6,3.8,83.1
TURB008,FARM08,2026-01-01T12:55:00Z,2026-01-01T13:00:00Z,2011.2,7.5,12.3,3.8,82.5
TURB008,FARM08,2026-01-01T13:00:00Z,2026-01-01T13:02:00Z,1829.9,7.1,11.9,3.8,81.9
TURB008,FARM08,2026-01-01T13:10:00Z,2026-01-01T13:11:00Z,1637.8,6.7,11.5,3.6,81.0
TURB008,FARM08,2026-01-01T13:15:00Z,2026-01-01T13:18:00Z,1596.0,6.6,11.5,3.6,80.6
TURB008,FARM08,2026-01-01T13:20:00Z,2026-01-01T13:25:00Z,1567.7,6.5,11.4,3.5,80.2
TURB008,FARM08,2026-01-01T13:25:00Z,2026-01-01T13:27:00Z,1624.1,6.6,11.5,3.4,80.0
TURB008,FARM08,2026-01-01T13:30:00Z,2026-01-01T13:34:00Z,1691.0,6.7,11.6,3.3,79.8
TURB008,FARM08,2026-01-01T13:35:00Z,2026-01-01T13:36:00Z,1837.2,7.0,11.9,3.2,79.7
TURB008,FARM08,2026-01-01T13:40:00Z,2026-01-01T13:43:00Z,1986.9,7.3,12.1,3.0,79.7
TURB008,FARM08,2026-01-01T13:45:00Z,2026-01-01T13:50:00Z,2135.6,7.6,12.4,3.0,79.7
TURB008,FARM08,2026-01-01T13:50:00Z,2026-01-01T13:52:00Z,2315.1,8.0,12.8,2.9,79.8
TURB008,FARM08,2026-01-01T13:55:00Z,2026-01-01T14:13:00Z,2485.9,8.4,13.2,2.8,79.9
TURB008,FARM08,2026-01-01T14:00:00Z,2026-01-01T14:01:00Z,2645.1,8.8,13.6,2.7,80.1
TURB008,FARM08,2026-01-01T14:05:00Z,2026-01-01T14:08:00Z,2791.2,9.2,13.9,2.7,80.2
TURB008,FARM08,2026-01-01T14:10:00Z,2026-01-01T14:15:00Z,2923.9,9.6,14.3,2.7,80.4
TURB008,FARM08,2026-01-01T14:15:00Z,2026-01-01T14:17:00Z,3044.4,10.0,14.7,2.7,80.6
TURB008,FARM08,2026-01-01T14:20:00Z,2026-01-01T14:24:00Z,3119.1,10.3,15.0,2.7,80.8
TURB008,FARM08,2026-01-01T14:25:00Z,2026-01-01T14:26:00Z,3151.5,10.5,15.2,2.7,80.9
TURB008,FARM08,2026-01-01T14:30:00Z,2026-01-01T14:33:00Z,3181.7,10.7,15.4,2.8,81.0
TURB008,FARM08,2026-01-01T14:35:00Z,2026-01-01T14:40:00Z,3178.0,10.8,15.5,2.9,81.0
TURB008,FARM08,2026-01-01T14:40:00Z,2026-01-01T14:42:00Z,3144.5,10.8,15.5,3.0,81.0
TURB008,FARM08,2026-01-01T14:45:00Z,2026-01-01T14:49:00Z,3120.7,10.8,15.5,3.1,81.0
TURB008,FARM08,2026-01-01T14:50:00Z,2026-01-01T14:51:00Z,3037.0,10.6,15.3,3.3,80.9
TURB008,FARM08,2026-01-01T14:55:00Z,2026-01-01T14:58:00Z,2966.6,10.4,15.1,3.5,80.8
TURB008,FARM08,2026-01-01T15:00:00Z,2026-01-01T15:05:00Z,2837.4,10.0,14.8,3.7,80.5
TURB008,FARM08,2026-01-01T15:05:00Z,2026-01-01T15:07:00Z,2755.9,9.7,14.5,3.8,80.4
TURB008,FARM08,2026-01-01T15:10:00Z,2026-01-01T15:14:00Z,2647.3,9.3,14.1,4.0,80.1
TURB008,FARM08,2026-01-01T15:15:00Z,2026-01-01T15:16:00Z,2507.9,8.8,13.7,4.2,79.9
TURB008,FARM08,2026-01-01T15:20:00Z,2026-01-01T15:23:00Z,2369.5,8.3,13.2,4.3,79.6
TURB008,FARM08,2026-01-01T15:25:00Z,2026-01-01T15:30:00Z,2263.9,7.9,12.8,4.5,79.5
TURB008,FARM08,2026-01-01T15:30:00Z,2026-01-01T15:32:00Z,2115.1,7.4,12.4,4.6,79.2
TURB008,FARM08,2026-01-01T15:35:00Z,2026-01-01T15:39:00Z,1991.8,7.0,12.0,4.7,79.1
TURB008,FARM08,2026-01-01T15:45:00Z,2026-01-01T15:48:00Z,1742.6,6.3,11.3,4.8,79.1
TURB008,FARM08,2026-01-01T15:50:00Z,2026-01-01T15:55:00Z,1616.4,6.0,11.1,4.8,79.1
TURB008,FARM08,2026-01-01T15:55:00Z,2026-01-01T15:57:00Z,1551.2,5.9,11.0,4.7,79.3
TURB008,FARM08,2026-01-01T16:00:00Z,2026-01-01T16:04:00Z,1514.0,5.9,11.0,4.7,79.6
TURB008,FARM08,2026-01-01T16:05:00Z,2026-01-01T16:06:00Z,1472.7,5.9,11.0,4.6,79.9
TURB008,FARM08,2026-01-01T16:10:00Z,2026-01-01T16:13:00Z,1431.5,5.9,11.0,4.5,80.2
TURB008,FARM08,2026-01-01T16:15:00Z,2026-01-01T16:20:00Z,1430.7,6.0,11.1,4.3,80.6
TURB008,FARM08,2026-01-01T16:20:00Z,2026-01-01T16:22:00Z,1474.1,6.2,11.3,4.1,81.0
TURB008,FARM08,2026-01-01T16:25:00Z,2026-01-01T16:29:00Z,1564.7,6.5,11.6,4.0,81.6
TURB008,FARM08,2026-01-01T16:30:00Z,2026-01-01T16:31:00Z,1704.2,6.9,11.9,3.7,82.2
TURB008,FARM08,2026-01-01T16:35:00Z,2026-01-01T16:38:00Z,1857.2,7.3,12.3,3.5,82.7
TURB008,FARM08,2026-01-01T16:40:00Z,2026-01-01T16:45:00Z,2058.6,7.8,12.7,3.3,83.4
TURB008,FARM08,2026-01-01T16:45:00Z,2026-01-01T16:47:00Z,2234.4,8.2,13.1,3.1,83.9
TURB008,FARM08,2026-01-01T16:50:00Z,2026-01-01T16:54:00Z,2453.1,8.7,13.6,2.9,84.5
TURB008,FARM08,2026-01-01T16:55:00Z,2026-01-01T16:56:00Z,2638.8,9.1,14.0,2.7,84.9
TURB008,FARM08,2026-01-01T17:00:00Z,2026-01-01T17:03:00Z,2823.2,9.5,14.3,2.6,85.3
TURB008,FARM08,2026-01-01T17:05:00Z,2026-01-01T17:10:00Z,3002.1,9.9,14.7,2.5,85.7
TURB008,FARM08,2026-01-01T17:10:00Z,2026-01-01T17:12:00Z,3135.9,10.2,15.0,2.4,85.9
TURB008,FARM08,2026-01-01T17:15:00Z,2026-01-01T17:19:00Z,3221.9,10.4,15.2,2.3,86.0
TURB008,FARM08,2026-01-01T17:20:00Z,2026-01-01T17:21:00Z,3258.7,10.5,15.3,2.3,85.9
TURB008,FARM08,2026-01-01T17:25:00Z,2026-01-01T17:28:00Z,3282.1,10.6,15.3,2.3,85.9
TURB008,FARM08,2026-01-01T17:30:00Z,2026-01-01T17:35:00Z,3257.6,10.6,15.3,2.3,85.7
TURB008,FARM08,2026-01-01T17:35:00Z,2026-01-01T17:37:00Z,3187.6,10.5,15.2,2.4,85.3
TURB008,FARM08,2026-01-01T17:40:00Z,2026-01-01T17:44:00Z,3075.6,10.3,15.0,2.6,84.9
TURB008,FARM08,2026-01-01T17:45:00Z,2026-01-01T17:46:00Z,2925.8,10.0,14.8,2.7,84.3
TURB008,FARM08,2026-01-01T17:50:00Z,2026-01-01T17:53:00Z,2778.5,9.7,14.5,2.9,83.7
TURB008,FARM08,2026-01-01T17:55:00Z,2026-01-01T18:00:00Z,2601.8,9.3,14.1,3.1,83.0
TURB008,FARM08,2026-01-01T18:00:00Z,2026-01-01T18:02:00Z,2435.0,8.9,13.7,3.3,82.3
TURB008,FARM08,2026-01-01T18:05:00Z,2026-01-01T18:09:00Z,2280.5,8.5,13.3,3.5,81.6
TURB008,FARM08,2026-01-01T18:10:00Z,2026-01-01T18:11:00Z,2139.5,8.1,13.0,3.7,80.9
TURB008,FARM08,2026-01-01T18:15:00Z,2026-01-01T18:18:00Z,2011.5,7.7,12.6,3.9,80.2
TURB008,FARM08,2026-01-01T18:20:00Z,2026-01-01T18:38:00Z,1894.9,7.3,12.2,4.1,79.4
TURB008,FARM08,2026-01-01T18:25:00Z,2026-01-01T18:27:00Z,1786.9,6.9,11.8,4.3,78.7
TURB008,FARM08,2026-01-01T18:30:00Z,2026-01-01T18:34:00Z,1719.8,6.6,11.6,4.5,78.2
TURB008,FARM08,2026-01-01T18:35:00Z,2026-01-01T18:36:00Z,1689.4,6.4,11.4,4.6,77.7
TURB008,FARM08,2026-01-01T18:40:00Z,2026-01-01T18:43:00Z,1691.3,6.3,11.3,4.7,77.4
TURB008,FARM08,2026-01-01T18:45:00Z,2026-01-01T18:50:00Z,1685.6,6.2,11.2,4.8,77.0
TURB008,FARM08,2026-01-01T18:50:00Z,2026-01-01T18:52:00Z,1741.1,6.3,11.2,4.8,77.0
TURB008,FARM08,2026-01-01T18:55:00Z,2026-01-01T18:59:00Z,1784.0,6.4,11.3,4.8,76.9
TURB008,FARM08,2026-01-01T19:00:00Z,2026-01-01T19:01:00Z,1849.4,6.6,11.5,4.8,77.0
TURB008,FARM08,2026-01-01T19:05:00Z,2026-01-01T19:08:00Z,1902.1,6.8,11.7,4.7,77.1
TURB008,FARM08,2026-01-01T19:10:00Z,2026-01-01T19:15:00Z,2015.9,7.2,12.1,4.6,77.4
TURB008,FARM08,2026-01-01T19:15:00Z,2026-01-01T19:17:00Z,2122.2,7.6,12.4,4.4,77.8
TURB008,FARM08,2026-01-01T19:20:00Z,2026-01-01T19:24:00Z,2224.7,8.0,12.8,4.3,78.2
TURB008,FARM08,2026-01-01T19:25:00Z,2026-01-01T19:26:00Z,2363.7,8.5,13.2,4.1,78.8
TURB008,FARM08,2026-01-01T19:30:00Z,2026-01-01T19:33:00Z,2507.6,9.0,13.7,3.9,79.4
TURB008,FARM08,2026-01-01T19:35:00Z,2026-01-01T19:40:00Z,2659.9,9.5,14.2,3.7,80.0
TURB008,FARM08,2026-01-01T19:40:00Z,2026-01-01T19:42:00Z,2787.7,9.9,14.5,3.5,80.5
TURB008,FARM08,2026-01-01T19:45:00Z,2026-01-01T19:49:00Z,2964.5,10.4,15.0,3.2,81.2
TURB008,FARM08,2026-01-01T19:50:00Z,2026-01-01T19:51:00Z,3082.7,10.7,15.3,3.0,81.7
TURB008,FARM08,2026-01-01T19:55:00Z,2026-01-01T19:58:00Z,3249.2,11.1,15.6,2.8,82.4
TURB008,FARM08,2026-01-01T20:00:00Z,2026-01-01T20:05:00Z,3353.8,11.3,15.8,2.7,82.8
TURB008,FARM08,2026-01-01T20:05:00Z,2026-01-01T20:07:00Z,3465.0,11.5,16.0,2.5,83.3
TURB008,FARM08,2026-01-01T20:10:00Z,2026-01-01T20:14:00Z,3500.0,11.6,16.1,2.4,83.7
TURB008,FARM08,2026-01-01T20:15:00Z,2026-01-01T20:16:00Z,3500.0,11.5,16.0,2.3,83.9
TURB008,FARM08,2026-01-01T20:20:00Z,2026-01-01T20:23:00Z,3500.0,11.4,15.9,2.2,84.1
TURB008,FARM08,2026-01-01T20:25:00Z,2026-01-01T20:30:00Z,3500.0,11.3,15.8,2.2,84.4
TURB008,FARM08,2026-01-01T20:30:00Z,2026-01-01T20:32:00Z,3438.6,11.0,15.5,2.2,84.4
TURB008,FARM08,2026-01-01T20:35:00Z,2026-01-01T20:39:00Z,3330.0,10.7,15.2,2.3,84.4
TURB008,FARM08,2026-01-01T20:40:00Z,2026-01-01T20:41:00Z,3172.3,10.3,14.8,2.3,84.3
TURB008,FARM08,2026-01-01T20:45:00Z,2026-01-01T20:48:00Z,3002.7,9.9,14.5,2.4,84.2
TURB008,FARM08,2026-01-01T20:50:00Z,2026-01-01T20:55:00Z,2824.0,9.5,14.1,2.5,84.1
TURB008,FARM08,2026-01-01T20:55:00Z,2026-01-01T20:57:00Z,2639.6,9.1,13.7,2.7,83.9
TURB008,FARM08,2026-01-01T21:00:00Z,2026-01-01T21:04:00Z,2417.9,8.6,13.2,2.8,83.6
TURB008,FARM08,2026-01-01T21:05:00Z,2026-01-01T21:06:00Z,2235.1,8.2,12.9,3.0,83.4
TURB008,FARM08,2026-01-01T21:10:00Z,2026-01-01T21:13:00Z,2095.2,7.9,12.6,3.2,83.3
TURB008,FARM08,2026-01-01T21:15:00Z,2026-01-01T21:20:00Z,1965.5,7.6,12.3,3.3,83.2
TURB008,FARM08,2026-01-01T21:20:00Z,2026-01-01T21:22:00Z,1848.2,7.3,12.0,3.5,83.0
TURB008,FARM08,2026-01-01T21:25:00Z,2026-01-01T21:29:00Z,1816.4,7.2,11.9,3.6,83.0
TURB008,FARM08,2026-01-01T21:30:00Z,2026-01-01T21:31:00Z,1797.6,7.1,11.8,3.8,82.9
TURB008,FARM08,2026-01-01T21:35:00Z,2026-01-01T21:38:00Z,1826.0,7.1,11.8,3.9,82.9
TURB008,FARM08,2026-01-01T21:40:00Z,2026-01-01T21:45:00Z,1898.7,7.2,11.9,4.0,83.0
TURB008,FARM08,2026-01-01T21:45:00Z,2026-01-01T21:47:00Z,1975.8,7.3,12.0,4.1,83.0
TURB008,FARM08,2026-01-01T21:50:00Z,2026-01-01T21:54:00Z,2125.2,7.6,12.3,4.1,83.2
TURB008,FARM08,2026-01-01T21:55:00Z,2026-01-01T21:56:00Z,2270.5,7.9,12.6,4.2,83.4
TURB008,FARM08,2026-01-01T22:00:00Z,2026-01-01T22:03:00Z,2407.9,8.2,12.8,4.2,83.5
TURB008,FARM08,2026-01-01T22:05:00Z,2026-01-01T22:10:00Z,2606.4,8.7,13.3,4.2,83.8
TURB008,FARM08,2026-01-01T22:10:00Z,2026-01-01T22:12:00Z,2756.0,9.1,13.7,4.1,84.0
TURB008,FARM08,2026-01-01T22:15:00Z,2026-01-01T22:19:00Z,2892.1,9.5,14.1,4.1,84.1
TURB008,FARM08,2026-01-01T22:20:00Z,2026-01-01T22:21:00Z,3051.6,10.0,14.5,4.0,84.3
TURB008,FARM08,2026-01-01T22:25:00Z,2026-01-01T22:28:00Z,3164.6,10.4,14.9,3.9,84.5
TURB008,FARM08,2026-01-01T22:30:00Z,2026-01-01T22:35:00Z,3270.3,10.8,15.3,3.8,84.6
TURB008,FARM08,2026-01-01T22:35:00Z,2026-01-01T22:37:00Z,3372.7,11.2,15.6,3.7,84.6
TURB008,FARM08,2026-01-01T22:40:00Z,2026-01-01T22:44:00Z,3404.0,11.4,15.8,3.6,84.5
TURB008,FARM08,2026-01-01T22:45:00Z,2026-01-01T23:03:00Z,3440.5,11.6,16.0,3.5,84.4
TURB008,FARM08,2026-01-01T22:50:00Z,2026-01-01T22:53:00Z,3485.8,11.8,16.2,3.4,84.3
TURB008,FARM08,2026-01-01T22:55:00Z,2026-01-01T23:00:00Z,3470.8,11.8,16.2,3.3,84.0
TURB008,FARM08,2026-01-01T23:00:00Z,2026-01-01T23:02:00Z,3468.9,11.8,16.2,3.2,83.7
TURB008,FARM08,2026-01-01T23:05:00Z,2026-01-01T23:09:00Z,3408.3,11.6,16.0,3.1,83.2
TURB008,FARM08,2026-01-01T23:10:00Z,2026-01-01T23:11:00Z,3359.9,11.4,15.8,3.0,82.7
TURB008,FARM08,2026-01-01T23:15:00Z,2026-01-01T23:18:00Z,3285.3,11.1,15.6,3.0,82.2
TURB008,FARM08,2026-01-01T23:20:00Z,2026-01-01T23:25:00Z,3216.9,10.8,15.3,2.9,81.7
TURB008,FARM08,2026-01-01T23:25:00Z,2026-01-01T23:27:00Z,3114.7,10.4,14.9,2.9,81.1
TURB008,FARM08,2026-01-01T23:30:00Z,2026-01-01T23:34:00Z,2974.4,9.9,14.5,2.9,80.4
TURB008,FARM08,2026-01-01T23:35:00Z,2026-01-01T23:36:00Z,2827.8,9.4,14.0,2.9,79.8
TURB008,FARM08,2026-01-01T23:40:00Z,2026-01-01T23:43:00Z,2707.5,9.0,13.6,2.9,79.3
TURB008,FARM08,2026-01-01T23:45:00Z,2026-01-01T23:50:00Z,2539.1,8.5,13.2,2.9,78.7
TURB008,FARM08,2026-01-01T23:50:00Z,2026-01-01T23:52:00Z,2357.3,8.0,12.7,3.0,78.2
TURB008,FARM08,2026-01-01T23:55:00Z,2026-01-01T23:59:00Z,2198.3,7.6,12.4,3.0,77.8
TURB008,FARM08,2026-01-02T00:00:00Z,2026-01-02T00:01:00Z,2063.8,7.3,12.1,3.0,77.6
TURB008,FARM08,2026-01-02T00:05:00Z,2026-01-02T00:08:00Z,1920.3,7.0,11.8,3.1,77.3
TURB008,FARM08,2026-01-02T00:10:00Z,2026-01-02T00:15:00Z,1807.7,6.8,11.6,3.1,77.3
TURB008,FARM08,2026-01-02T00:15:00Z,2026-01-02T00:17:00Z,1694.0,6.6,11.5,3.2,77.2
TURB008,FARM08,2026-01-02T00:20:00Z,2026-01-02T00:24:00Z,1655.7,6.6,11.5,3.2,77.4
TURB008,FARM08,2026-01-02T00:25:00Z,2026-01-02T00:26:00Z,1624.6,6.6,11.5,3.3,77.6
TURB008,FARM08,2026-01-02T00:30:00Z,2026-01-02T00:33:00Z,1640.0,6.7,11.6,3.3,77.9
TURB008,FARM08,2026-01-02T00:35:00Z,2026-01-02T00:40:00Z,1704.1,6.9,11.8,3.4,78.4
TURB008,FARM08,2026-01-02T00:40:00Z,2026-01-02T00:42:00Z,1817.5,7.2,12.0,3.4,79.0
TURB008,FARM08,2026-01-02T00:50:00Z,2026-01-02T00:51:00Z,2117.2,7.9,12.7,3.4,80.3
TURB008,FARM08,2026-01-02T00:55:00Z,2026-01-02T00:58:00Z,2298.4,8.3,13.1,3.5,81.0
TURB008,FARM08,2026-01-02T01:00:00Z,2026-01-02T01:05:00Z,2483.8,8.7,13.5,3.5,81.7
TURB008,FARM08,2026-01-02T01:05:00Z,2026-01-02T01:07:00Z,2705.0,9.2,13.9,3.5,82.5
TURB008,FARM08,2026-01-02T01:10:00Z,2026-01-02T01:14:00Z,2885.7,9.6,14.3,3.5,83.2
TURB008,FARM08,2026-01-02T01:15:00Z,2026-01-02T01:16:00Z,3022.2,9.9,14.6,3.6,83.9
TURB008,FARM08,2026-01-02T01:20:00Z,2026-01-02T01:23:00Z,3183.5,10.3,15.0,3.6,84.5
TURB008,FARM08,2026-01-02T01:25:00Z,2026-01-02T01:30:00Z,3259.8,10.5,15.2,3.6,85.0
TURB008,FARM08,2026-01-02T01:30:00Z,2026-01-02T01:32:00Z,3322.7,10.7,15.4,3.7,85.5
TURB008,FARM08,2026-01-02T01:35:00Z,2026-01-02T01:39:00Z,3337.1,10.8,15.5,3.7,85.8
TURB008,FARM08,2026-01-02T01:40:00Z,2026-01-02T01:41:00Z,3341.3,10.9,15.5,3.7,86.1
TURB008,FARM08,2026-01-02T01:45:00Z,2026-01-02T01:48:00Z,3266.5,10.8,15.5,3.8,86.2
TURB008,FARM08,2026-01-02T01:50:00Z,2026-01-02T01:55:00Z,3188.7,10.7,15.4,3.8,86.2
TURB008,FARM08,2026-01-02T01:55:00Z,2026-01-02T01:57:00Z,3076.4,10.5,15.2,3.9,86.2
TURB008,FARM08,2026-01-02T02:00:00Z,2026-01-02T02:04:00Z,2933.6,10.2,14.9,3.9,85.9
TURB008,FARM08,2026-01-02T02:05:00Z,2026-01-02T02:06:00Z,2763.9,9.8,14.6,4.0,85.6
TURB008,FARM08,2026-01-02T02:10:00Z,2026-01-02T02:13:00Z,2606.0,9.4,14.2,4.0,85.2
TURB008,FARM08,2026-01-02T02:15:00Z,2026-01-02T02:20:00Z,2461.4,9.0,13.8,4.0,84.8
TURB008,FARM08,2026-01-02T02:20:00Z,2026-01-02T02:22:00Z,2294.1,8.5,13.4,4.1,84.2
TURB008,FARM08,2026-01-02T02:25:00Z,2026-01-02T02:29:00Z,2138.7,8.0,12.9,4.1,83.6
TURB008,FARM08,2026-01-02T02:30:00Z,2026-01-02T02:31:00Z,2028.8,7.6,12.5,4.1,83.1
TURB008,FARM08,2026-01-02T02:35:00Z,2026-01-02T02:38:00Z,1888.8,7.1,12.1,4.1,82.4
TURB008,FARM08,2026-01-02T02:40:00Z,2026-01-02T02:45:00Z,1786.6,6.7,11.7,4.0,81.8
TURB008,FARM08,2026-01-02T02:45:00Z,2026-01-02T02:47:00Z,1717.9,6.4,11.4,4.0,81.3
TURB008,FARM08,2026-01-02T02:50:00Z,2026-01-02T02:54:00Z,1642.5,6.1,11.2,3.9,80.7
TURB008,FARM08,2026-01-02T02:55:00Z,2026-01-02T02:56:00Z,1593.2,5.9,11.0,3.9,80.3
TURB008,FARM08,2026-01-02T03:00:00Z,2026-01-02T03:03:00Z,1603.5,5.9,11.0,3.8,80.0
TURB008,FARM08,2026-01-02T03:05:00Z,2026-01-02T03:10:00Z,1600.4,5.9,10.9,3.6,79.7
TURB008,FARM08,2026-01-02T03:10:00Z,2026-01-02T03:28:00Z,1584.3,5.9,11.0,3.6,79.4
TURB008,FARM08,2026-01-02T03:15:00Z,2026-01-02T03:19:00Z,1556.7,5.9,11.0,3.5,79.1
TURB008,FARM08,2026-01-02T03:25:00Z,2026-01-02T03:28:00Z,1659.7,6.4,11.5,3.3,78.9
TURB008,FARM08,2026-01-02T03:30:00Z,2026-01-02T03:35:00Z,1762.2,6.8,11.8,3.1,79.0
TURB008,FARM08,2026-01-02T03:35:00Z,2026-01-02T03:37:00Z,1868.4,7.2,12.2,3.0,79.1
TURB008,FARM08,2026-01-02T03:40:00Z,2026-01-02T03:44:00Z,1982.2,7.6,12.6,3.0,79.2
TURB008,FARM08,2026-01-02T03:45:00Z,2026-01-02T03:46:00Z,2142.7,8.1,13.0,2.9,79.5
TURB008,FARM08,2026-01-02T03:50:00Z,2026-01-02T03:53:00Z,2280.0,8.5,13.4,2.8,79.6
TURB008,FARM08,2026-01-02T03:55:00Z,2026-01-02T04:00:00Z,2466.7,9.0,13.9,2.8,79.9
TURB008,FARM08,2026-01-02T04:00:00Z,2026-01-02T04:02:00Z,2630.2,9.4,14.2,2.8,80.1
TURB008,FARM08,2026-01-02T04:05:00Z,2026-01-02T04:09:00Z,2804.4,9.8,14.6,2.8,80.3
TURB008,FARM08,2026-01-02T04:10:00Z,2026-01-02T04:11:00Z,2950.3,10.1,14.9,2.8,80.5
TURB008,FARM08,2026-01-02T04:15:00Z,2026-01-02T04:18:00Z,3063.8,10.3,15.1,2.9,80.6
TURB008,FARM08,2026-01-02T04:20:00Z,2026-01-02T04:25:00Z,3176.7,10.5,15.2,2.9,80.7
TURB008,FARM08,2026-01-02T04:25:00Z,2026-01-02T04:27:00Z,3248.8,10.6,15.3,3.0,80.8
TURB008,FARM08,2026-01-02T04:30:00Z,2026-01-02T04:34:00Z,3276.3,10.6,15.3,3.1,80.8
TURB008,FARM08,2026-01-02T04:35:00Z,2026-01-02T04:36:00Z,3256.4,10.5,15.2,3.3,80.8
TURB008,FARM08,2026-01-02T04:40:00Z,2026-01-02T04:43:00Z,3187.5,10.3,15.1,3.5,80.6
TURB008,FARM08,2026-01-02T04:45:00Z,2026-01-02T04:50:00Z,3105.1,10.1,14.9,3.6,80.5
TURB008,FARM08,2026-01-02T04:50:00Z,2026-01-02T04:52:00Z,2974.5,9.8,14.6,3.8,80.4
TURB008,FARM08,2026-01-02T04:55:00Z,2026-01-02T04:59:00Z,2797.8,9.4,14.2,3.9,80.2
TURB008,FARM08,2026-01-02T05:00:00Z,2026-01-02T05:01:00Z,2614.6,9.0,13.8,4.1,80.0
TURB008,FARM08,2026-01-02T05:05:00Z,2026-01-02T05:08:00Z,2428.8,8.6,13.4,4.3,79.8
TURB008,FARM08,2026-01-02T05:10:00Z,2026-01-02T05:15:00Z,2244.8,8.2,13.1,4.4,79.7
TURB008,FARM08,2026-01-02T05:15:00Z,2026-01-02T05:17:00Z,2030.7,7.7,12.6,4.5,79.4
TURB008,FARM08,2026-01-02T05:20:00Z,2026-01-02T05:24:00Z,1862.0,7.3,12.2,4.6,79.3
TURB008,FARM08,2026-01-02T05:25:00Z,2026-01-02T05:26:00Z,1741.4,7.0,11.9,4.7,79.3
TURB008,FARM08,2026-01-02T05:30:00Z,2026-01-02T05:33:00Z,1634.0,6.7,11.7,4.7,79.4
TURB008,FARM08,2026-01-02T05:35:00Z,2026-01-02T05:40:00Z,1539.9,6.4,11.4,4.7,79.4
TURB008,FARM08,2026-01-02T05:40:00Z,2026-01-02T05:42:00Z,1529.6,6.3,11.3,4.7,79.6
TURB008,FARM08,2026-01-02T05:45:00Z,2026-01-02T05:49:00Z,1528.4,6.2,11.2,4.6,79.8
TURB008,FARM08,2026-01-02T05:50:00Z,2026-01-02T05:51:00Z,1568.8,6.2,11.2,4.5,80.1
TURB008,FARM08,2026-01-02T06:00:00Z,2026-01-02T06:05:00Z,1757.3,6.5,11.4,4.2,81.0
TURB008,FARM08,2026-01-02T06:05:00Z,2026-01-02T06:07:00Z,1861.1,6.7,11.6,4.1,81.5
TURB008,FARM08,2026-01-02T06:10:00Z,2026-01-02T06:14:00Z,1990.7,7.0,11.9,3.9,82.0
TURB008,FARM08,2026-01-02T06:15:00Z,2026-01-02T06:16:00Z,2143.8,7.4,12.3,3.7,82.6
TURB008,FARM08,2026-01-02T06:20:00Z,2026-01-02T06:23:00Z,2319.4,7.9,12.7,3.4,83.3
TURB008,FARM08,2026-01-02T06:25:00Z,2026-01-02T06:30:00Z,2446.1,8.3,13.1,3.2,83.8
TURB008,FARM08,2026-01-02T06:30:00Z,2026-01-02T06:32:00Z,2597.6,8.8,13.5,3.0,84.5
TURB008,FARM08,2026-01-02T06:35:00Z,2026-01-02T06:39:00Z,2740.9,9.3,14.0,2.8,85.0
TURB008,FARM08,2026-01-02T06:40:00Z,2026-01-02T06:41:00Z,2879.7,9.8,14.4,2.6,85.6
TURB008,FARM08,2026-01-02T06:45:00Z,2026-01-02T06:48:00Z,2982.4,10.2,14.8,2.5,86.0
TURB008,FARM08,2026-01-02T06:50:00Z,2026-01-02T06:55:00Z,3089.1,10.6,15.2,2.3,86.4
TURB008,FARM08,2026-01-02T06:55:00Z,2026-01-02T06:57:00Z,3167.8,10.9,15.4,2.2,86.6
TURB008,FARM08,2026-01-02T07:00:00Z,2026-01-02T07:04:00Z,3257.5,11.2,15.7,2.1,86.8
TURB008,FARM08,2026-01-02T07:05:00Z,2026-01-02T07:06:00Z,3324.1,11.4,15.9,2.1,86.9
TURB008,FARM08,2026-01-02T07:10:00Z,2026-01-02T07:13:00Z,3368.1,11.5,16.0,2.1,86.8
TURB008,FARM08,2026-01-02T07:15:00Z,2026-01-02T07:20:00Z,3388.7,11.5,16.0,2.1,86.6
TURB008,FARM08,2026-01-02T07:20:00Z,2026-01-02T07:22:00Z,3383.8,11.4,15.9,2.2,86.3
TURB008,FARM08,2026-01-02T07:25:00Z,2026-01-02T07:29:00Z,3386.1,11.3,15.8,2.3,86.0
TURB008,FARM08,2026-01-02T07:30:00Z,2026-01-02T07:31:00Z,3355.8,11.1,15.6,2.4,85.5
TURB008,FARM08,2026-01-02T07:35:00Z,2026-01-02T07:53:00Z,3288.4,10.8,15.3,2.6,84.9
TURB008,FARM08,2026-01-02T07:40:00Z,2026-01-02T07:45:00Z,3179.8,10.4,14.9,2.8,84.2
TURB008,FARM08,2026-01-02T07:45:00Z,2026-01-02T07:47:00Z,3062.4,10.0,14.6,3.0,83.5
TURB008,FARM08,2026-01-02T07:50:00Z,2026-01-02T07:54:00Z,2933.3,9.6,14.2,3.2,82.8
TURB008,FARM08,2026-01-02T07:55:00Z,2026-01-02T07:56:00Z,2791.1,9.2,13.8,3.4,82.1
TURB008,FARM08,2026-01-02T08:00:00Z,2026-01-02T08:03:00Z,2599.5,8.7,13.3,3.7,81.3
TURB008,FARM08,2026-01-02T08:05:00Z,2026-01-02T08:10:00Z,2431.8,8.3,13.0,3.9,80.6
TURB008,FARM08,2026-01-02T08:10:00Z,2026-01-02T08:12:00Z,2290.3,8.0,12.7,4.1,80.0
TURB008,FARM08,2026-01-02T08:15:00Z,2026-01-02T08:19:00Z,2106.6,7.6,12.3,4.2,79.3
TURB008,FARM08,2026-01-02T08:20:00Z,2026-01-02T08:21:00Z,1992.8,7.4,12.1,4.4,78.8
TURB008,FARM08,2026-01-02T08:25:00Z,2026-01-02T08:28:00Z,1881.2,7.2,11.9,4.5,78.3
TURB008,FARM08,2026-01-02T08:35:00Z,2026-01-02T08:37:00Z,1788.3,7.1,11.8,4.6,77.8
TURB008,FARM08,2026-01-02T08:40:00Z,2026-01-02T08:44:00Z,1776.9,7.1,11.8,4.7,77.6
TURB008,FARM08,2026-01-02T08:45:00Z,2026-01-02T08:46:00Z,1850.8,7.3,12.0,4.6,77.7
TURB008,FARM08,2026-01-02T08:50:00Z,2026-01-02T08:53:00Z,1937.9,7.5,12.2,4.6,77.8
TURB008,FARM08,2026-01-02T08:55:00Z,2026-01-02T09:00:00Z,2072.6,7.8,12.5,4.5,78.0
TURB008,FARM08,2026-01-02T09:00:00Z,2026-01-02T09:02:00Z,2216.1,8.1,12.7,4.4,78.3
TURB008,FARM08,2026-01-02T09:05:00Z,2026-01-02T09:09:00Z,2400.8,8.5,13.1,4.2,78.7
TURB008,FARM08,2026-01-02T09:10:00Z,2026-01-02T09:11:00Z,2622.4,9.0,13.6,4.0,79.2
TURB008,FARM08,2026-01-02T09:15:00Z,2026-01-02T09:18:00Z,2804.7,9.4,14.0,3.8,79.7
TURB008,FARM08,2026-01-02T09:20:00Z,2026-01-02T09:25:00Z,3015.7,9.9,14.4,3.6,80.3
TURB008,FARM08,2026-01-02T09:25:00Z,2026-01-02T09:27:00Z,3180.1,10.3,14.8,3.4,80.9
TURB008,FARM08,2026-01-02T09:30:00Z,2026-01-02T09:34:00Z,3332.0,10.7,15.2,3.2,81.4
TURB008,FARM08,2026-01-02T09:35:00Z,2026-01-02T09:36:00Z,3470.3,11.1,15.5,3.0,82.1
TURB008,FARM08,2026-01-02T09:40:00Z,2026-01-02T09:43:00Z,3500.0,11.4,15.8,2.8,82.6
TURB008,FARM08,2026-01-02T09:45:00Z,2026-01-02T09:50:00Z,3500.0,11.6,16.0,2.6,83.0
TURB008,FARM08,2026-01-02T09:50:00Z,2026-01-02T09:52:00Z,3500.0,11.8,16.2,2.5,83.5
TURB008,FARM08,2026-01-02T09:55:00Z,2026-01-02T09:59:00Z,3500.0,11.8,16.2,2.4,83.8
TURB008,FARM08,2026-01-02T10:00:00Z,2026-01-02T10:01:00Z,3500.0,11.8,16.2,2.3,84.1
TURB008,FARM08,2026-01-02T10:05:00Z,2026-01-02T10:08:00Z,3482.0,11.7,16.1,2.2,84.3
TURB008,FARM08,2026-01-02T10:10:00Z,2026-01-02T10:15:00Z,3381.6,11.5,15.9,2.2,84.4
TURB008,FARM08,2026-01-02T10:15:00Z,2026-01-02T10:17:00Z,3256.4,11.2,15.7,2.2,84.5
TURB008,FARM08,2026-01-02T10:20:00Z,2026-01-02T10:24:00Z,3144.2,10.9,15.4,2.2,84.5
TURB008,FARM08,2026-01-02T10:25:00Z,2026-01-02T10:26:00Z,3009.5,10.5,15.0,2.3,84.4
TURB008,FARM08,2026-01-02T10:30:00Z,2026-01-02T10:33:00Z,2887.2,10.1,14.6,2.4,84.3
TURB008,FARM08,2026-01-02T10:35:00Z,2026-01-02T10:40:00Z,2739.1,9.6,14.2,2.5,84.1
TURB008,FARM08,2026-01-02T10:40:00Z,2026-01-02T10:42:00Z,2598.0,9.1,13.7,2.7,83.8
TURB008,FARM08,2026-01-02T10:45:00Z,2026-01-02T10:49:00Z,2495.7,8.7,13.3,2.8,83.7
TURB008,FARM08,2026-01-02T10:50:00Z,2026-01-02T10:51:00Z,2356.0,8.2,12.9,3.0,83.4
TURB008,FARM08,2026-01-02T10:55:00Z,2026-01-02T10:58:00Z,2246.8,7.8,12.5,3.2,83.2
TURB008,FARM08,2026-01-02T11:00:00Z,2026-01-02T11:05:00Z,2128.3,7.4,12.2,3.3,82.9
TURB008,FARM08,2026-01-02T11:10:00Z,2026-01-02T11:14:00Z,1962.5,6.9,11.7,3.7,82.6
TURB008,FARM08,2026-01-02T11:15:00Z,2026-01-02T11:16:00Z,1877.7,6.7,11.5,3.8,82.5
TURB008,FARM08,2026-01-02T11:20:00Z,2026-01-02T11:23:00Z,1816.9,6.6,11.5,4.0,82.4
TURB008,FARM08,2026-01-02T11:25:00Z,2026-01-02T11:30:00Z,1818.8,6.7,11.5,4.1,82.5
TURB008,FARM08,2026-01-02T11:30:00Z,2026-01-02T11:32:00Z,1814.7,6.8,11.6,4.2,82.5
TURB008,FARM08,2026-01-02T11:35:00Z,2026-01-02T11:39:00Z,1808.9,6.9,11.7,4.3,82.5
TURB008,FARM08,2026-01-02T11:40:00Z,2026-01-02T11:41:00Z,1877.7,7.2,12.0,4.3,82.7
TURB008,FARM08,2026-01-02T11:45:00Z,2026-01-02T11:48:00Z,1953.2,7.5,12.3,4.3,82.9
TURB008,FARM08,2026-01-02T11:50:00Z,2026-01-02T11:55:00Z,2074.7,7.9,12.7,4.3,83.1
TURB008,FARM08,2026-01-02T11:55:00Z,2026-01-02T11:57:00Z,2208.5,8.3,13.1,4.3,83.2
TURB008,FARM08,2026-01-02T12:00:00Z,2026-01-02T12:18:00Z,2355.7,8.7,13.4,4.3,83.4
TURB008,FARM08,2026-01-02T12:05:00Z,2026-01-02T12:06:00Z,2516.0,9.1,13.8,4.2,83.5
TURB008,FARM08,2026-01-02T12:10:00Z,2026-01-02T12:13:00Z,2687.6,9.5,14.2,4.1,83.7
TURB008,FARM08,2026-01-02T12:15:00Z,2026-01-02T12:20:00Z,2867.8,9.9,14.6,4.0,83.8
TURB008,FARM08,2026-01-02T12:20:00Z,2026-01-02T12:22:00Z,3016.7,10.2,14.9,3.9,83.8
TURB008,FARM08,2026-01-02T12:25:00Z,2026-01-02T12:29:00Z,3166.2,10.5,15.2,3.8,83.7
TURB008,FARM08,2026-01-02T12:30:00Z,2026-01-02T12:31:00Z,3276.0,10.7,15.3,3.7,83.6
TURB008,FARM08,2026-01-02T12:35:00Z,2026-01-02T12:38:00Z,3378.1,10.9,15.5,3.6,83.5
TURB008,FARM08,2026-01-02T12:40:00Z,2026-01-02T12:45:00Z,3397.4,10.9,15.5,3.5,83.2
TURB008,FARM08,2026-01-02T12:45:00Z,2026-01-02T12:47:00Z,3404.0,10.9,15.5,3.4,82.9
TURB008,FARM08,2026-01-02T12:50:00Z,2026-01-02T12:54:00Z,3361.1,10.8,15.5,3.3,82.5
TURB008,FARM08,2026-01-02T12:55:00Z,2026-01-02T12:56:00Z,3269.5,10.6,15.3,3.3,82.0
TURB008,FARM08,2026-01-02T13:00:00Z,2026-01-02T13:03:00Z,3131.2,10.3,15.0,3.2,81.5
TURB008,FARM08,2026-01-02T13:05:00Z,2026-01-02T13:10:00Z,2985.3,10.0,14.7,3.2,80.9
TURB008,FARM08,2026-01-02T13:10:00Z,2026-01-02T13:12:00Z,2799.8,9.6,14.4,3.1,80.3
TURB008,FARM08,2026-01-02T13:15:00Z,2026-01-02T13:19:00Z,2578.9,9.1,13.9,3.1,79.7
TURB008,FARM08,2026-01-02T13:20:00Z,2026-01-02T13:21:00Z,2398.9,8.7,13.5,3.1,79.1
TURB008,FARM08,2026-01-02T13:25:00Z,2026-01-02T13:28:00Z,2191.4,8.2,13.1,3.1,78.5
TURB008,FARM08,2026-01-02T13:30:00Z,2026-01-02T13:35:00Z,1995.4,7.7,12.6,3.1,77.9
TURB008,FARM08,2026-01-02T13:35:00Z,2026-01-02T13:37:00Z,1848.6,7.3,12.3,3.2,77.5
TURB008,FARM08,2026-01-02T13:45:00Z,2026-01-02T13:46:00Z,1593.8,6.5,11.5,3.2,76.7
TURB008,FARM08,2026-01-02T13:50:00Z,2026-01-02T13:53:00Z,1518.6,6.2,11.2,3.3,76.5
TURB008,FARM08,2026-01-02T13:55:00Z,2026-01-02T14:00:00Z,1485.9,6.0,11.1,3.3,76.4
TURB008,FARM08,2026-01-02T14:00:00Z,2026-01-02T14:02:00Z,1491.7,5.9,11.0,3.4,76.5
TURB008,FARM08,2026-01-02T14:05:00Z,2026-01-02T14:09:00Z,1531.6,5.9,10.9,3.4,76.6
TURB008,FARM08,2026-01-02T14:10:00Z,2026-01-02T14:11:00Z,1565.6,5.9,11.0,3.4,76.8
TURB008,FARM08,2026-01-02T14:15:00Z,2026-01-02T14:18:00Z,1590.2,5.9,11.0,3.5,77.1
TURB008,FARM08,2026-01-02T14:20:00Z,2026-01-02T14:25:00Z,1674.7,6.1,11.2,3.5,77.5
TURB008,FARM08,2026-01-02T14:25:00Z,2026-01-02T14:27:00Z,1781.9,6.4,11.4,3.5,78.1
TURB008,FARM08,2026-01-02T14:30:00Z,2026-01-02T14:34:00Z,1875.9,6.7,11.7,3.6,78.7
TURB008,FARM08,2026-01-02T14:35:00Z,2026-01-02T14:36:00Z,1994.1,7.1,12.1,3.6,79.4
TURB008,FARM08,2026-01-02T14:40:00Z,2026-01-02T14:43:00Z,2103.2,7.5,12.5,3.6,80.1
TURB008,FARM08,2026-01-02T14:45:00Z,2026-01-02T14:50:00Z,2242.7,8.0,12.9,3.6,80.9
TURB008,FARM08,2026-01-02T14:50:00Z,2026-01-02T14:52:00Z,2345.0,8.4,13.3,3.7,81.6
TURB008,FARM08,2026-01-02T14:55:00Z,2026-01-02T14:59:00Z,2486.3,8.9,13.8,3.7,82.4
TURB008,FARM08,2026-01-02T15:00:00Z,2026-01-02T15:01:00Z,2598.6,9.3,14.1,3.7,83.1
TURB008,FARM08,2026-01-02T15:05:00Z,2026-01-02T15:08:00Z,2721.1,9.7,14.5,3.7,83.8
TURB008,FARM08,2026-01-02T15:10:00Z,2026-01-02T15:15:00Z,2820.2,10.0,14.8,3.7,84.4
TURB008,FARM08,2026-01-02T15:15:00Z,2026-01-02T15:17:00Z,2896.7,10.2,15.0,3.8,84.9
TURB008,FARM08,2026-01-02T15:20:00Z,2026-01-02T15:24:00Z,2986.1,10.4,15.2,3.8,85.3
TURB008,FARM08,2026-01-02T15:25:00Z,2026-01-02T15:26:00Z,3050.7,10.5,15.3,3.8,85.7
TURB008,FARM08,2026-01-02T15:30:00Z,2026-01-02T15:33:00Z,3123.5,10.6,15.3,3.8,85.9
TURB008,FARM08,2026-01-02T15:35:00Z,2026-01-02T15:40:00Z,3128.7,10.5,15.2,3.9,86.0
TURB008,FARM08,2026-01-02T15:40:00Z,2026-01-02T15:42:00Z,3098.1,10.3,15.1,3.9,85.9
TURB008,FARM08,2026-01-02T15:45:00Z,2026-01-02T15:49:00Z,3063.2,10.1,14.9,4.0,85.8
TURB008,FARM08,2026-01-02T15:50:00Z,2026-01-02T15:51:00Z,2984.4,9.8,14.6,4.0,85.6
TURB008,FARM08,2026-01-02T15:55:00Z,2026-01-02T15:58:00Z,2894.6,9.5,14.3,4.0,85.3
TURB008,FARM08,2026-01-02T16:00:00Z,2026-01-02T16:05:00Z,2755.9,9.1,13.9,4.0,84.9
TURB008,FARM08,2026-01-02T16:05:00Z,2026-01-02T16:07:00Z,2603.8,8.7,13.5,4.0,84.4
TURB008,FARM08,2026-01-02T16:10:00Z,2026-01-02T16:14:00Z,2403.1,8.2,13.1,4.1,83.8
TURB008,FARM08,2026-01-02T16:20:00Z,2026-01-02T16:23:00Z,2045.5,7.4,12.3,4.0,82.8
TURB008,FARM08,2026-01-02T16:25:00Z,2026-01-02T16:43:00Z,1859.8,7.0,12.0,4.0,82.2
TURB008,FARM08,2026-01-02T16:30:00Z,2026-01-02T16:32:00Z,1711.2,6.7,11.7,4.0,81.7
TURB008,FARM08,2026-01-02T16:35:00Z,2026-01-02T16:39:00Z,1603.8,6.5,11.5,3.9,81.2
TURB008,FARM08,2026-01-02T16:40:00Z,2026-01-02T16:41:00Z,1505.4,6.3,11.3,3.8,80.8
TURB008,FARM08,2026-01-02T16:45:00Z,2026-01-02T16:48:00Z,1454.6,6.2,11.2,3.7,80.4
TURB008,FARM08,2026-01-02T16:50:00Z,2026-01-02T16:55:00Z,1417.0,6.1,11.1,3.6,80.0
TURB008,FARM08,2026-01-02T16:55:00Z,2026-01-02T16:57:00Z,1464.7,6.2,11.2,3.5,79.8
TURB008,FARM08,2026-01-02T17:00:00Z,2026-01-02T17:04:00Z,1560.6,6.4,11.3,3.4,79.7
TURB008,FARM08,2026-01-02T17:05:00Z,2026-01-02T17:06:00Z,1666.1,6.6,11.5,3.3,79.6
TURB008,FARM08,2026-01-02T17:10:00Z,2026-01-02T17:13:00Z,1813.8,6.9,11.8,3.2,79.5
TURB008,FARM08,2026-01-02T17:15:00Z,2026-01-02T17:20:00Z,1999.6,7.3,12.2,3.0,79.6
TURB008,FARM08,2026-01-02T17:20:00Z,2026-01-02T17:22:00Z,2183.2,7.7,12.5,2.9,79.7
TURB008,FARM08,2026-01-02T17:25:00Z,2026-01-02T17:29:00Z,2360.4,8.1,12.9,2.8,79.8
TURB008,FARM08,2026-01-02T17:30:00Z,2026-01-02T17:31:00Z,2563.9,8.6,13.4,2.7,80.1
TURB008,FARM08,2026-01-02T17:35:00Z,2026-01-02T17:38:00Z,2755.2,9.1,13.8,2.7,80.3
TURB008,FARM08,2026-01-02T17:40:00Z,2026-01-02T17:45:00Z,2933.1,9.6,14.3,2.6,80.6
TURB008,FARM08,2026-01-02T17:45:00Z,2026-01-02T17:47:00Z,3061.9,10.0,14.6,2.6,80.8
TURB008,FARM08,2026-01-02T17:50:00Z,2026-01-02T17:54:00Z,3179.1,10.4,15.0,2.6,81.0
TURB008,FARM08,2026-01-02T17:55:00Z,2026-01-02T17:56:00Z,3287.5,10.8,15.4,2.6,81.2
TURB008,FARM08,2026-01-02T18:00:00Z,2026-01-02T18:03:00Z,3354.8,11.1,15.6,2.6,81.4
TURB008,FARM08,2026-01-02T18:05:00Z,2026-01-02T18:10:00Z,3385.2,11.3,15.8,2.7,81.5
TURB008,FARM08,2026-01-02T18:10:00Z,2026-01-02T18:12:00Z,3382.9,11.4,15.9,2.8,81.6
TURB008,FARM08,2026-01-02T18:15:00Z,2026-01-02T18:19:00Z,3388.1,11.5,16.0,2.9,81.7
TURB008,FARM08,2026-01-02T18:20:00Z,2026-01-02T18:21:00Z,3331.7,11.4,15.9,3.0,81.6
TURB008,FARM08,2026-01-02T18:25:00Z,2026-01-02T18:28:00Z,3288.0,11.3,15.8,3.2,81.6
TURB008,FARM08,2026-01-02T18:30:00Z,2026-01-02T18:35:00Z,3221.8,11.1,15.6,3.3,81.5
TURB008,FARM08,2026-01-02T18:35:00Z,2026-01-02T18:37:00Z,3132.4,10.8,15.3,3.5,81.3
TURB008,FARM08,2026-01-02T18:40:00Z,2026-01-02T18:44:00Z,3053.9,10.5,15.0,3.7,81.2
TURB008,FARM08,2026-01-02T18:45:00Z,2026-01-02T18:46:00Z,2947.3,10.1,14.6,3.8,81.0
TURB008,FARM08,2026-01-02T18:55:00Z,2026-01-02T19:00:00Z,2741.8,9.3,13.9,4.1,80.7
TURB008,FARM08,2026-01-02T19:00:00Z,2026-01-02T19:02:00Z,2598.4,8.8,13.4,4.3,80.4
TURB008,FARM08,2026-01-02T19:05:00Z,2026-01-02T19:09:00Z,2482.7,8.4,13.1,4.4,80.3
TURB008,FARM08,2026-01-02T19:10:00Z,2026-01-02T19:11:00Z,2355.7,8.0,12.7,4.5,80.2
TURB008,FARM08,2026-01-02T19:15:00Z,2026-01-02T19:18:00Z,2251.7,7.7,12.4,4.5,80.2
TURB008,FARM08,2026-01-02T19:20:00Z,2026-01-02T19:25:00Z,2134.3,7.4,12.1,4.5,80.3
TURB008,FARM08,2026-01-02T19:25:00Z,2026-01-02T19:27:00Z,2040.5,7.2,11.9,4.5,80.4
TURB008,FARM08,2026-01-02T19:30:00Z,2026-01-02T19:34:00Z,1972.5,7.1,11.8,4.4,80.6
TURB008,FARM08,2026-01-02T19:35:00Z,2026-01-02T19:36:00Z,1897.6,7.0,11.7,4.4,80.8
TURB008,FARM08,2026-01-02T19:40:00Z,2026-01-02T19:43:00Z,1891.8,7.1,11.8,4.3,81.2
TURB008,FARM08,2026-01-02T19:45:00Z,2026-01-02T19:50:00Z,1887.5,7.2,11.9,4.1,81.6
TURB008,FARM08,2026-01-02T19:50:00Z,2026-01-02T19:52:00Z,1924.9,7.4,12.1,4.0,82.1
TURB008,FARM08,2026-01-02T19:55:00Z,2026-01-02T19:59:00Z,2007.5,7.7,12.4,3.8,82.6
TURB008,FARM08,2026-01-02T20:00:00Z,2026-01-02T20:01:00Z,2101.9,8.0,12.7,3.6,83.1
TURB008,FARM08,2026-01-02T20:05:00Z,2026-01-02T20:08:00Z,2245.5,8.4,13.0,3.4,83.7
TURB008,FARM08,2026-01-02T20:10:00Z,2026-01-02T20:15:00Z,2402.5,8.8,13.4,3.2,84.3
TURB008,FARM08,2026-01-02T20:15:00Z,2026-01-02T20:17:00Z,2607.4,9.3,13.9,2.9,84.9
TURB008,FARM08,2026-01-02T20:20:00Z,2026-01-02T20:24:00Z,2821.6,9.8,14.3,2.7,85.5
TURB008,FARM08,2026-01-02T20:25:00Z,2026-01-02T20:26:00Z,3005.7,10.2,14.7,2.5,86.0
TURB008,FARM08,2026-01-02T20:30:00Z,2026-01-02T20:33:00Z,3191.5,10.6,15.1,2.4,86.4
TURB008,FARM08,2026-01-02T20:35:00Z,2026-01-02T20:40:00Z,3374.7,11.0,15.4,2.2,86.8
TURB008,FARM08,2026-01-02T20:40:00Z,2026-01-02T20:42:00Z,3500.0,11.3,15.7,2.1,87.0
TURB008,FARM08,2026-01-02T20:45:00Z,2026-01-02T20:49:00Z,3500.0,11.6,16.0,2.0,87.3
TURB008,FARM08,2026-01-02T20:50:00Z,2026-01-02T21:08:00Z,3500.0,11.7,16.1,2.0,87.2
TURB008,FARM08,2026-01-02T20:55:00Z,2026-01-02T20:58:00Z,3500.0,11.8,16.2,2.0,87.2
TURB008,FARM08,2026-01-02T21:00:00Z,2026-01-02T21:05:00Z,3500.0,11.8,16.2,2.0,87.0
TURB008,FARM08,2026-01-02T21:05:00Z,2026-01-02T21:07:00Z,3500.0,11.8,16.2,2.1,86.8
TURB008,FARM08,2026-01-02T21:10:00Z,2026-01-02T21:14:00Z,3500.0,11.6,16.0,2.2,86.4
TURB008,FARM08,2026-01-02T21:15:00Z,2026-01-02T21:16:00Z,3422.8,11.3,15.7,2.4,85.8
TURB008,FARM08,2026-01-02T21:20:00Z,2026-01-02T21:23:00Z,3273.3,11.0,15.5,2.5,85.2
TURB008,FARM08,2026-01-02T21:30:00Z,2026-01-02T21:32:00Z,2917.6,10.2,14.7,2.9,83.8
TURB008,FARM08,2026-01-02T21:35:00Z,2026-01-02T21:39:00Z,2754.4,9.8,14.3,3.1,83.1
TURB008,FARM08,2026-01-02T21:40:00Z,2026-01-02T21:41:00Z,2568.0,9.3,13.9,3.4,82.3
TURB008,FARM08,2026-01-02T21:45:00Z,2026-01-02T21:48:00Z,2395.0,8.8,13.4,3.6,81.5
TURB008,FARM08,2026-01-02T21:50:00Z,2026-01-02T21:55:00Z,2270.8,8.4,13.1,3.8,80.8
TURB008,FARM08,2026-01-02T21:55:00Z,2026-01-02T21:57:00Z,2121.2,7.9,12.6,4.0,80.0
TURB008,FARM08,2026-01-02T22:00:00Z,2026-01-02T22:04:00Z,2015.1,7.5,12.3,4.2,79.3
TURB008,FARM08,2026-01-02T22:05:00Z,2026-01-02T22:06:00Z,1948.7,7.2,12.0,4.4,78.7
TURB008,FARM08,2026-01-02T22:10:00Z,2026-01-02T22:13:00Z,1917.5,7.0,11.8,4.5,78.2
TURB008,FARM08,2026-01-02T22:15:00Z,2026-01-02T22:20:00Z,1881.5,6.8,11.6,4.6,77.8
TURB008,FARM08,2026-01-02T22:20:00Z,2026-01-02T22:22:00Z,1872.8,6.7,11.5,4.7,77.5
TURB008,FARM08,2026-01-02T22:25:00Z,2026-01-02T22:29:00Z,1888.7,6.7,11.5,4.7,77.3
TURB008,FARM08,2026-01-02T22:30:00Z,2026-01-02T22:31:00Z,1927.4,6.8,11.6,4.7,77.3
TURB008,FARM08,2026-01-02T22:35:00Z,2026-01-02T22:38:00Z,1952.8,6.9,11.7,4.7,77.2
TURB008,FARM08,2026-01-02T22:40:00Z,2026-01-02T22:45:00Z,2037.9,7.2,12.0,4.6,77.5
TURB008,FARM08,2026-01-02T22:45:00Z,2026-01-02T22:47:00Z,2077.0,7.4,12.2,4.5,77.6
TURB008,FARM08,2026-01-02T22:50:00Z,2026-01-02T22:54:00Z,2181.7,7.8,12.6,4.4,78.0
TURB008,FARM08,2026-01-02T22:55:00Z,2026-01-02T22:56:00Z,2283.9,8.2,13.0,4.2,78.4
TURB008,FARM08,2026-01-02T23:00:00Z,2026-01-02T23:03:00Z,2388.0,8.6,13.3,4.0,78.9
TURB008,FARM08,2026-01-02T23:05:00Z,2026-01-02T23:10:00Z,2498.0,9.0,13.7,3.9,79.4
TURB008,FARM08,2026-01-02T23:10:00Z,2026-01-02T23:12:00Z,2617.6,9.4,14.1,3.7,79.9
TURB008,FARM08,2026-01-02T23:15:00Z,2026-01-02T23:19:00Z,2749.3,9.8,14.5,3.4,80.5
TURB008,FARM08,2026-01-02T23:20:00Z,2026-01-02T23:21:00Z,2894.2,10.2,14.9,3.2,81.1
TURB008,FARM08,2026-01-02T23:25:00Z,2026-01-02T23:28:00Z,3016.4,10.5,15.1,3.0,81.6
TURB008,FARM08,2026-01-02T23:30:00Z,2026-01-02T23:35:00Z,3114.3,10.7,15.3,2.9,82.0
TURB008,FARM08,2026-01-02T23:35:00Z,2026-01-02T23:37:00Z,3221.3,10.9,15.5,2.7,82.5
TURB008,FARM08,2026-01-02T23:40:00Z,2026-01-02T23:44:00Z,3261.7,10.9,15.5,2.6,82.8
TURB008,FARM08,2026-01-02T23:45:00Z,2026-01-02T23:46:00Z,3303.4,10.9,15.5,2.5,83.1
TURB008,FARM08,2026-01-02T23:50:00Z,2026-01-02T23:53:00Z,3342.1,10.9,15.5,2.4,83.4
TURB008,FARM08,2026-01-02T23:55:00Z,2026-01-03T00:00:00Z,3301.7,10.7,15.4,2.4,83.5
TURB009,FARM09,2026-01-01T00:00:00Z,2026-01-01T00:03:00Z,2750.0,9.8,14.4,2.6,80.8
TURB009,FARM09,2026-01-01T00:05:00Z,2026-01-01T00:10:00Z,2907.7,10.2,14.8,2.5,81.0
TURB009,FARM09,2026-01-01T00:10:00Z,2026-01-01T00:12:00Z,3041.3,10.5,15.1,2.6,81.1
TURB009,FARM09,2026-01-01T00:15:00Z,2026-01-01T00:19:00Z,3184.0,10.8,15.4,2.6,81.3
TURB009,FARM09,2026-01-01T00:20:00Z,2026-01-01T00:21:00Z,3296.3,11.0,15.6,2.6,81.3
TURB009,FARM09,2026-01-01T00:25:00Z,2026-01-01T00:28:00Z,3410.1,11.2,15.7,2.7,81.5
TURB009,FARM09,2026-01-01T00:30:00Z,2026-01-01T00:35:00Z,3484.9,11.3,15.8,2.8,81.5
TURB009,FARM09,2026-01-01T00:35:00Z,2026-01-01T00:37:00Z,3500.0,11.3,15.8,2.9,81.5
TURB009,FARM09,2026-01-01T00:45:00Z,2026-01-01T01:03:00Z,3439.8,11.0,15.6,3.2,81.3
TURB009,FARM09,2026-01-01T00:50:00Z,2026-01-01T00:53:00Z,3327.6,10.7,15.3,3.4,81.1
TURB009,FARM09,2026-01-01T00:55:00Z,2026-01-01T01:00:00Z,3202.4,10.4,15.0,3.6,80.9
TURB009,FARM09,2026-01-01T01:00:00Z,2026-01-01T01:02:00Z,3030.0,10.0,14.7,3.8,80.7
TURB009,FARM09,2026-01-01T01:05:00Z,2026-01-01T01:09:00Z,2849.3,9.6,14.3,3.9,80.5
TURB009,FARM09,2026-01-01T01:10:00Z,2026-01-01T01:11:00Z,2628.2,9.1,13.8,4.1,80.2
TURB009,FARM09,2026-01-01T01:15:00Z,2026-01-01T01:18:00Z,2406.8,8.6,13.4,4.3,79.9
TURB009,FARM09,2026-01-01T01:20:00Z,2026-01-01T01:25:00Z,2189.5,8.1,12.9,4.4,79.7
TURB009,FARM09,2026-01-01T01:25:00Z,2026-01-01T01:27:00Z,2016.1,7.7,12.6,4.5,79.6
TURB009,FARM09,2026-01-01T01:30:00Z,2026-01-01T01:34:00Z,1817.6,7.2,12.1,4.6,79.4
TURB009,FARM09,2026-01-01T01:35:00Z,2026-01-01T01:36:00Z,1668.0,6.8,11.8,4.7,79.3
TURB009,FARM09,2026-01-01T01:40:00Z,2026-01-01T01:43:00Z,1567.9,6.5,11.5,4.7,79.3
TURB009,FARM09,2026-01-01T01:45:00Z,2026-01-01T01:50:00Z,1516.4,6.3,11.3,4.7,79.4
TURB009,FARM09,2026-01-01T01:50:00Z,2026-01-01T01:52:00Z,1475.3,6.1,11.1,4.7,79.6
TURB009,FARM09,2026-01-01T01:55:00Z,2026-01-01T01:59:00Z,1477.6,6.0,11.0,4.6,79.8
TURB009,FARM09,2026-01-01T02:00:00Z,2026-01-01T02:01:00Z,1519.3,6.0,11.0,4.5,80.1
TURB009,FARM09,2026-01-01T02:05:00Z,2026-01-01T02:08:00Z,1560.0,6.0,11.0,4.4,80.4
TURB009,FARM09,2026-01-01T02:10:00Z,2026-01-01T02:15:00Z,1667.5,6.2,11.2,4.2,80.8
TURB009,FARM09,2026-01-01T02:15:00Z,2026-01-01T02:17:00Z,1766.1,6.4,11.4,4.1,81.3
TURB009,FARM09,2026-01-01T02:20:00Z,2026-01-01T02:24:00Z,1925.2,6.8,11.8,3.9,81.9
TURB009,FARM09,2026-01-01T02:25:00Z,2026-01-01T02:26:00Z,2035.1,7.1,12.1,3.7,82.4
TURB009,FARM09,2026-01-01T02:30:00Z,2026-01-01T02:33:00Z,2167.7,7.5,12.5,3.5,83.0
TURB009,FARM09,2026-01-01T02:35:00Z,2026-01-01T02:40:00Z,2288.1,7.9,12.8,3.3,83.5
TURB009,FARM09,2026-01-01T02:40:00Z,2026-01-01T02:42:00Z,2434.7,8.4,13.3,3.1,84.1
TURB009,FARM09,2026-01-01T02:45:00Z,2026-01-01T02:49:00Z,2539.1,8.8,13.7,2.9,84.6
TURB009,FARM09,2026-01-01T02:50:00Z,2026-01-01T02:51:00Z,2641.3,9.2,14.0,2.7,85.0
TURB009,FARM09,2026-01-01T02:55:00Z,2026-01-01T02:58:00Z,2745.6,9.6,14.4,2.6,85.4
TURB009,FARM09,2026-01-01T03:00:00Z,2026-01-01T03:05:00Z,2820.2,9.9,14.7,2.5,85.6
TURB009,FARM09,2026-01-01T03:05:00Z,2026-01-01T03:07:00Z,2904.5,10.2,15.0,2.4,85.9
TURB009,FARM09,2026-01-01T03:10:00Z,2026-01-01T03:14:00Z,2964.9,10.4,15.2,2.3,86.0
TURB009,FARM09,2026-01-01T03:20:00Z,2026-01-01T03:23:00Z,3017.6,10.5,15.3,2.3,85.7
TURB009,FARM09,2026-01-01T03:25:00Z,2026-01-01T03:30:00Z,3008.2,10.4,15.2,2.4,85.4
TURB009,FARM09,2026-01-01T03:30:00Z,2026-01-01T03:32:00Z,3007.6,10.3,15.1,2.5,85.1
TURB009,FARM09,2026-01-01T03:35:00Z,2026-01-01T03:39:00Z,2976.3,10.1,14.9,2.6,84.6
TURB009,FARM09,2026-01-01T03:40:00Z,2026-01-01T03:41:00Z,2909.9,9.8,14.6,2.8,84.1
TURB009,FARM09,2026-01-01T03:45:00Z,2026-01-01T03:48:00Z,2804.3,9.4,14.2,3.0,83.4
TURB009,FARM09,2026-01-01T03:50:00Z,2026-01-01T03:55:00Z,2691.4,9.0,13.9,3.2,82.7
TURB009,FARM09,2026-01-01T03:55:00Z,2026-01-01T03:57:00Z,2568.0,8.6,13.5,3.4,81.9
TURB009,FARM09,2026-01-01T04:00:00Z,2026-01-01T04:04:00Z,2431.9,8.2,13.1,3.6,81.2
TURB009,FARM09,2026-01-01T04:05:00Z,2026-01-01T04:06:00Z,2246.5,7.7,12.7,3.8,80.4
TURB009,FARM09,2026-01-01T04:10:00Z,2026-01-01T04:13:00Z,2084.1,7.3,12.3,4.0,79.7
TURB009,FARM09,2026-01-01T04:15:00Z,2026-01-01T04:20:00Z,1910.8,6.9,11.9,4.3,79.0
TURB009,FARM09,2026-01-01T04:20:00Z,2026-01-01T04:22:00Z,1729.6,6.5,11.5,4.5,78.3
TURB009,FARM09,2026-01-01T04:25:00Z,2026-01-01T04:29:00Z,1616.2,6.3,11.3,4.6,77.8
TURB009,FARM09,2026-01-01T04:30:00Z,2026-01-01T04:31:00Z,1467.1,6.0,11.1,4.7,77.3
TURB009,FARM09,2026-01-01T04:35:00Z,2026-01-01T04:38:00Z,1394.3,5.9,11.0,4.8,76.9
TURB009,FARM09,2026-01-01T04:40:00Z,2026-01-01T04:45:00Z,1365.8,5.9,10.9,4.9,76.7
TURB009,FARM09,2026-01-01T04:45:00Z,2026-01-01T04:47:00Z,1348.5,5.9,11.0,4.9,76.5
TURB009,FARM09,2026-01-01T04:50:00Z,2026-01-01T04:54:00Z,1380.2,6.0,11.0,4.9,76.5
TURB009,FARM09,2026-01-01T04:55:00Z,2026-01-01T04:56:00Z,1461.3,6.2,11.2,4.9,76.5
TURB009,FARM09,2026-01-01T05:00:00Z,2026-01-01T05:03:00Z,1590.9,6.5,11.5,4.8,76.8
TURB009,FARM09,2026-01-01T05:05:00Z,2026-01-01T05:10:00Z,1730.7,6.8,11.8,4.7,77.0
TURB009,FARM09,2026-01-01T05:10:00Z,2026-01-01T05:28:00Z,1913.5,7.2,12.1,4.5,77.4
TURB009,FARM09,2026-01-01T05:15:00Z,2026-01-01T05:19:00Z,2135.2,7.7,12.6,4.3,77.9
TURB009,FARM09,2026-01-01T05:20:00Z,2026-01-01T05:21:00Z,2319.6,8.1,13.0,4.2,78.4
TURB009,FARM09,2026-01-01T05:25:00Z,2026-01-01T05:28:00Z,2534.4,8.6,13.4,4.0,79.0
TURB009,FARM09,2026-01-01T05:30:00Z,2026-01-01T05:35:00Z,2740.1,9.1,13.9,3.7,79.6
TURB009,FARM09,2026-01-01T05:35:00Z,2026-01-01T05:37:00Z,2934.0,9.6,14.3,3.5,80.3
TURB009,FARM09,2026-01-01T05:40:00Z,2026-01-01T05:44:00Z,3078.6,10.0,14.7,3.3,80.9
TURB009,FARM09,2026-01-01T05:45:00Z,2026-01-01T05:46:00Z,3173.9,10.3,15.0,3.1,81.4
TURB009,FARM09,2026-01-01T05:55:00Z,2026-01-01T06:00:00Z,3331.2,10.9,15.5,2.7,82.5
TURB009,FARM09,2026-01-01T06:00:00Z,2026-01-01T06:02:00Z,3327.2,11.0,15.6,2.6,82.9
TURB009,FARM09,2026-01-01T06:05:00Z,2026-01-01T06:09:00Z,3321.4,11.1,15.7,2.5,83.3
TURB009,FARM09,2026-01-01T06:10:00Z,2026-01-01T06:11:00Z,3282.1,11.1,15.7,2.4,83.6
TURB009,FARM09,2026-01-01T06:15:00Z,2026-01-01T06:18:00Z,3213.5,11.0,15.6,2.3,83.8
TURB009,FARM09,2026-01-01T06:20:00Z,2026-01-01T06:25:00Z,3118.8,10.8,15.4,2.3,83.9
TURB009,FARM09,2026-01-01T06:25:00Z,2026-01-01T06:27:00Z,3000.5,10.5,15.1,2.3,83.9
TURB009,FARM09,2026-01-01T06:30:00Z,2026-01-01T06:34:00Z,2895.6,10.2,14.8,2.4,83.9
TURB009,FARM09,2026-01-01T06:35:00Z,2026-01-01T06:36:00Z,2803.7,9.9,14.5,2.4,83.9
TURB009,FARM09,2026-01-01T06:40:00Z,2026-01-01T06:43:00Z,2687.2,9.5,14.1,2.5,83.8
TURB009,FARM09,2026-01-01T06:45:00Z,2026-01-01T06:50:00Z,2543.3,9.0,13.7,2.7,83.6
TURB009,FARM09,2026-01-01T06:50:00Z,2026-01-01T06:52:00Z,2440.3,8.6,13.3,2.8,83.5
TURB009,FARM09,2026-01-01T06:55:00Z,2026-01-01T06:59:00Z,2337.8,8.2,12.9,3.0,83.3
TURB009,FARM09,2026-01-01T07:00:00Z,2026-01-01T07:01:00Z,2231.6,7.8,12.6,3.1,83.1
TURB009,FARM09,2026-01-01T07:05:00Z,2026-01-01T07:08:00Z,2153.8,7.5,12.3,3.3,83.0
TURB009,FARM09,2026-01-01T07:10:00Z,2026-01-01T07:15:00Z,2065.3,7.2,12.0,3.4,82.8
TURB009,FARM09,2026-01-01T07:15:00Z,2026-01-01T07:17:00Z,2000.0,7.0,11.8,3.6,82.7
TURB009,FARM09,2026-01-01T07:20:00Z,2026-01-01T07:24:00Z,1957.3,6.9,11.7,3.7,82.7
TURB009,FARM09,2026-01-01T07:25:00Z,2026-01-01T07:26:00Z,1901.8,6.8,11.6,3.9,82.6
TURB009,FARM09,2026-01-01T07:30:00Z,2026-01-01T07:33:00Z,1871.6,6.8,11.6,4.0,82.6
TURB009,FARM09,2026-01-01T07:35:00Z,2026-01-01T07:40:00Z,1905.8,7.0,11.8,4.1,82.8
TURB009,FARM09,2026-01-01T07:40:00Z,2026-01-01T07:42:00Z,1936.2,7.2,11.9,4.1,82.9
TURB009,FARM09,2026-01-01T07:45:00Z,2026-01-01T07:49:00Z,1967.3,7.4,12.1,4.2,83.0
TURB009,FARM09,2026-01-01T07:50:00Z,2026-01-01T07:51:00Z,2075.2,7.8,12.5,4.2,83.2
TURB009,FARM09,2026-01-01T07:55:00Z,2026-01-01T07:58:00Z,2191.7,8.2,12.9,4.2,83.5
TURB009,FARM09,2026-01-01T08:00:00Z,2026-01-01T08:05:00Z,2319.6,8.6,13.2,4.2,83.7
TURB009,FARM09,2026-01-01T08:05:00Z,2026-01-01T08:07:00Z,2496.5,9.1,13.7,4.1,83.9
TURB009,FARM09,2026-01-01T08:10:00Z,2026-01-01T08:14:00Z,2650.9,9.5,14.1,4.1,84.1
TURB009,FARM09,2026-01-01T08:15:00Z,2026-01-01T08:16:00Z,2853.5,10.0,14.5,4.0,84.3
TURB009,FARM09,2026-01-01T08:20:00Z,2026-01-01T08:23:00Z,3066.2,10.5,15.0,3.9,84.5
TURB009,FARM09,2026-01-01T08:30:00Z,2026-01-01T08:32:00Z,3399.2,11.2,15.6,3.7,84.6
TURB009,FARM09,2026-01-01T08:35:00Z,2026-01-01T08:39:00Z,3500.0,11.5,15.9,3.6,84.6
TURB009,FARM09,2026-01-01T08:40:00Z,2026-01-01T08:41:00Z,3500.0,11.7,16.1,3.4,84.4
TURB009,FARM09,2026-01-01T08:45:00Z,2026-01-01T08:48:00Z,3500.0,11.8,16.2,3.3,84.2
TURB009,FARM09,2026-01-01T08:50:00Z,2026-01-01T08:55:00Z,3500.0,11.9,16.3,3.2,84.0
TURB009,FARM09,2026-01-01T08:55:00Z,2026-01-01T08:57:00Z,3500.0,11.8,16.2,3.1,83.6
TURB009,FARM09,2026-01-01T09:00:00Z,2026-01-01T09:04:00Z,3500.0,11.7,16.1,3.1,83.2
TURB009,FARM09,2026-01-01T09:05:00Z,2026-01-01T09:06:00Z,3500.0,11.5,15.9,3.0,82.8
TURB009,FARM09,2026-01-01T09:10:00Z,2026-01-01T09:13:00Z,3435.6,11.2,15.6,2.9,82.2
TURB009,FARM09,2026-01-01T09:15:00Z,2026-01-01T09:20:00Z,3287.2,10.9,15.3,2.9,81.7
TURB009,FARM09,2026-01-01T09:20:00Z,2026-01-01T09:22:00Z,3101.5,10.5,15.0,2.9,81.1
TURB009,FARM09,2026-01-01T09:25:00Z,2026-01-01T09:29:00Z,2882.7,10.0,14.5,2.9,80.5
TURB009,FARM09,2026-01-01T09:30:00Z,2026-01-01T09:31:00Z,2706.9,9.6,14.1,2.8,80.0
TURB009,FARM09,2026-01-01T09:35:00Z,2026-01-01T09:53:00Z,2505.3,9.1,13.7,2.9,79.4
TURB009,FARM09,2026-01-01T09:40:00Z,2026-01-01T09:45:00Z,2352.2,8.7,13.3,2.9,78.9
TURB009,FARM09,2026-01-01T09:45:00Z,2026-01-01T09:47:00Z,2212.5,8.3,12.9,2.9,78.5
TURB009,FARM09,2026-01-01T09:50:00Z,2026-01-01T09:54:00Z,2085.9,7.9,12.6,2.9,78.1
TURB009,FARM09,2026-01-01T09:55:00Z,2026-01-01T09:56:00Z,1970.3,7.5,12.2,3.0,77.8
TURB009,FARM09,2026-01-01T10:00:00Z,2026-01-01T10:03:00Z,1935.1,7.3,12.0,3.0,77.7
TURB009,FARM09,2026-01-01T10:05:00Z,2026-01-01T10:10:00Z,1904.2,7.1,11.8,3.1,77.6
TURB009,FARM09,2026-01-01T10:10:00Z,2026-01-01T10:12:00Z,1909.6,7.0,11.7,3.1,77.6
TURB009,FARM09,2026-01-01T10:15:00Z,2026-01-01T10:19:00Z,1946.9,7.0,11.7,3.2,77.8
TURB009,FARM09,2026-01-01T10:20:00Z,2026-01-01T10:21:00Z,1976.2,7.0,11.8,3.2,78.0
TURB009,FARM09,2026-01-01T10:25:00Z,2026-01-01T10:28:00Z,2066.5,7.2,11.9,3.2,78.5
TURB009,FARM09,2026-01-01T10:30:00Z,2026-01-01T10:35:00Z,2143.9,7.4,12.1,3.3,79.0
TURB009,FARM09,2026-01-01T10:35:00Z,2026-01-01T10:37:00Z,2244.0,7.7,12.4,3.3,79.5
TURB009,FARM09,2026-01-01T10:40:00Z,2026-01-01T10:44:00Z,2331.4,8.0,12.7,3.3,80.1
TURB009,FARM09,2026-01-01T10:45:00Z,2026-01-01T10:46:00Z,2444.3,8.4,13.1,3.4,80.8
TURB009,FARM09,2026-01-01T10:50:00Z,2026-01-01T10:53:00Z,2549.9,8.8,13.5,3.4,81.6
TURB009,FARM09,2026-01-01T10:55:00Z,2026-01-01T11:00:00Z,2688.3,9.3,13.9,3.4,82.4
TURB009,FARM09,2026-01-01T11:05:00Z,2026-01-01T11:09:00Z,2900.2,10.1,14.7,3.4,83.8
TURB009,FARM09,2026-01-01T11:10:00Z,2026-01-01T11:11:00Z,3017.6,10.5,15.0,3.5,84.5
TURB009,FARM09,2026-01-01T11:15:00Z,2026-01-01T11:18:00Z,3110.7,10.8,15.3,3.5,85.1
TURB009,FARM09,2026-01-01T11:20:00Z,2026-01-01T11:25:00Z,3180.9,11.0,15.5,3.5,85.6
TURB009,FARM09,2026-01-01T11:25:00Z,2026-01-01T11:27:00Z,3264.5,11.2,15.7,3.6,86.0
TURB009,FARM09,2026-01-01T11:30:00Z,2026-01-01T11:34:00Z,3324.2,11.3,15.8,3.6,86.4
TURB009,FARM09,2026-01-01T11:35:00Z,2026-01-01T11:36:00Z,3357.7,11.3,15.8,3.7,86.6
TURB009,FARM09,2026-01-01T11:40:00Z,2026-01-01T11:43:00Z,3361.3,11.2,15.8,3.7,86.6
TURB009,FARM09,2026-01-01T11:45:00Z,2026-01-01T11:50:00Z,3367.1,11.1,15.7,3.7,86.7
TURB009,FARM09,2026-01-01T11:50:00Z,2026-01-01T11:52:00Z,3334.8,10.9,15.5,3.8,86.6
TURB009,FARM09,2026-01-01T11:55:00Z,2026-01-01T11:59:00Z,3224.1,10.5,15.1,3.9,86.3
TURB009,FARM09,2026-01-01T12:00:00Z,2026-01-01T12:01:00Z,3139.7,10.2,14.8,3.9,86.0
TURB009,FARM09,2026-01-01T12:05:00Z,2026-01-01T12:08:00Z,2971.1,9.7,14.4,3.9,85.5
TURB009,FARM09,2026-01-01T12:10:00Z,2026-01-01T12:15:00Z,2825.2,9.3,14.0,3.9,85.1
TURB009,FARM09,2026-01-01T12:15:00Z,2026-01-01T12:17:00Z,2630.1,8.8,13.6,4.0,84.5
TURB009,FARM09,2026-01-01T12:20:00Z,2026-01-01T12:24:00Z,2423.5,8.3,13.1,4.0,83.9
TURB009,FARM09,2026-01-01T12:25:00Z,2026-01-01T12:26:00Z,2207.9,7.8,12.7,4.0,83.2
TURB009,FARM09,2026-01-01T12:30:00Z,2026-01-01T12:33:00Z,2023.3,7.4,12.3,4.0,82.7
TURB009,FARM09,2026-01-01T12:35:00Z,2026-01-01T12:40:00Z,1837.6,7.0,11.9,3.9,82.1
TURB009,FARM09,2026-01-01T12:40:00Z,2026-01-01T12:42:00Z,1655.3,6.6,11.6,3.9,81.4
TURB009,FARM09,2026-01-01T12:45:00Z,2026-01-01T12:49:00Z,1552.4,6.4,11.4,3.8,81.0
TURB009,FARM09,2026-01-01T12:50:00Z,2026-01-01T12:51:00Z,1459.9,6.2,11.2,3.8,80.5
TURB009,FARM09,2026-01-01T12:55:00Z,2026-01-01T12:58:00Z,1380.0,6.0,11.0,3.7,80.0
TURB009,FARM09,2026-01-01T13:00:00Z,2026-01-01T13:05:00Z,1385.7,6.0,11.0,3.6,79.7
TURB009,FARM09,2026-01-01T13:05:00Z,2026-01-01T13:07:00Z,1440.1,6.1,11.1,3.5,79.5
TURB009,FARM09,2026-01-01T13:10:00Z,2026-01-01T13:14:00Z,1505.5,6.2,11.2,3.4,79.3
TURB009,FARM09,2026-01-01T13:15:00Z,2026-01-01T13:16:00Z,1614.9,6.4,11.4,3.3,79.2
TURB009,FARM09,2026-01-01T13:20:00Z,2026-01-01T13:23:00Z,1764.2,6.7,11.7,3.2,79.2
TURB009,FARM09,2026-01-01T13:25:00Z,2026-01-01T13:30:00Z,1913.4,7.0,12.0,3.1,79.2
TURB009,FARM09,2026-01-01T13:30:00Z,2026-01-01T13:32:00Z,2094.0,7.4,12.4,3.0,79.3
TURB009,FARM09,2026-01-01T13:40:00Z,2026-01-01T13:41:00Z,2463.6,8.3,13.2,2.8,79.6
TURB009,FARM09,2026-01-01T13:45:00Z,2026-01-01T13:48:00Z,2611.8,8.7,13.6,2.8,79.8
TURB009,FARM09,2026-01-01T13:50:00Z,2026-01-01T13:55:00Z,2746.5,9.1,14.0,2.8,80.0
TURB009,FARM09,2026-01-01T13:55:00Z,2026-01-01T13:57:00Z,2868.8,9.5,14.3,2.8,80.2
TURB009,FARM09,2026-01-01T14:00:00Z,2026-01-01T14:18:00Z,2980.9,9.9,14.7,2.8,80.4
TURB009,FARM09,2026-01-01T14:05:00Z,2026-01-01T14:06:00Z,3014.0,10.1,14.9,2.8,80.5
TURB009,FARM09,2026-01-01T14:10:00Z,2026-01-01T14:13:00Z,3044.3,10.3,15.1,2.9,80.6
TURB009,FARM09,2026-01-01T14:15:00Z,2026-01-01T14:20:00Z,3076.0,10.5,15.2,3.0,80.7
TURB009,FARM09,2026-01-01T14:20:00Z,2026-01-01T14:22:00Z,3041.2,10.5,15.3,3.1,80.7
TURB009,FARM09,2026-01-01T14:25:00Z,2026-01-01T14:29:00Z,3015.7,10.5,15.3,3.2,80.7
TURB009,FARM09,2026-01-01T14:30:00Z,2026-01-01T14:31:00Z,2929.9,10.3,15.1,3.4,80.6
TURB009,FARM09,2026-01-01T14:35:00Z,2026-01-01T14:38:00Z,2857.5,10.1,14.9,3.5,80.5
TURB009,FARM09,2026-01-01T14:40:00Z,2026-01-01T14:45:00Z,2798.3,9.9,14.7,3.7,80.4
TURB009,FARM09,2026-01-01T14:45:00Z,2026-01-01T14:47:00Z,2679.0,9.5,14.3,3.9,80.1
TURB009,FARM09,2026-01-01T14:50:00Z,2026-01-01T14:54:00Z,2569.2,9.1,14.0,4.0,79.9
TURB009,FARM09,2026-01-01T14:55:00Z,2026-01-01T14:56:00Z,2465.3,8.7,13.6,4.2,79.7
TURB009,FARM09,2026-01-01T15:00:00Z,2026-01-01T15:03:00Z,2363.1,8.3,13.2,4.3,79.6
TURB009,FARM09,2026-01-01T15:05:00Z,2026-01-01T15:10:00Z,2222.3,7.8,12.8,4.5,79.3
TURB009,FARM09,2026-01-01T15:10:00Z,2026-01-01T15:12:00Z,2110.8,7.4,12.4,4.6,79.2
TURB009,FARM09,2026-01-01T15:15:00Z,2026-01-01T15:19:00Z,1989.3,7.0,12.0,4.7,79.1
TURB009,FARM09,2026-01-01T15:20:00Z,2026-01-01T15:21:00Z,1855.5,6.6,11.6,4.8,79.0
TURB009,FARM09,2026-01-01T15:25:00Z,2026-01-01T15:28:00Z,1744.3,6.3,11.4,4.8,79.0
TURB009,FARM09,2026-01-01T15:30:00Z,2026-01-01T15:35:00Z,1656.1,6.1,11.2,4.8,79.1
TURB009,FARM09,2026-01-01T15:35:00Z,2026-01-01T15:37:00Z,1556.4,5.9,11.0,4.8,79.3
TURB009,FARM09,2026-01-01T15:40:00Z,2026-01-01T15:44:00Z,1520.2,5.9,11.0,4.7,79.6
TURB009,FARM09,2026-01-01T15:45:00Z,2026-01-01T15:46:00Z,1479.3,5.9,10.9,4.6,79.9
TURB009,FARM09,2026-01-01T15:50:00Z,2026-01-01T15:53:00Z,1437.8,5.9,11.0,4.5,80.2
TURB009,FARM09,2026-01-01T15:55:00Z,2026-01-01T16:00:00Z,1472.0,6.1,11.1,4.3,80.6
TURB009,FARM09,2026-01-01T16:00:00Z,2026-01-01T16:02:00Z,1549.9,6.4,11.4,4.1,81.2
TURB009,FARM09,2026-01-01T16:05:00Z,2026-01-01T16:09:00Z,1638.6,6.7,11.7,3.9,81.7
TURB009,FARM09,2026-01-01T16:15:00Z,2026-01-01T16:18:00Z,1926.9,7.5,12.4,3.5,82.9
TURB009,FARM09,2026-01-01T16:20:00Z,2026-01-01T16:25:00Z,2126.5,8.0,12.9,3.3,83.6
TURB009,FARM09,2026-01-01T16:25:00Z,2026-01-01T16:27:00Z,2336.8,8.5,13.3,3.1,84.2
TURB009,FARM09,2026-01-01T16:30:00Z,2026-01-01T16:34:00Z,2518.7,8.9,13.7,2.9,84.6
TURB009,FARM09,2026-01-01T16:35:00Z,2026-01-01T16:36:00Z,2740.2,9.4,14.2,2.7,85.2
TURB009,FARM09,2026-01-01T16:40:00Z,2026-01-01T16:43:00Z,2925.1,9.8,14.5,2.5,85.6
TURB009,FARM09,2026-01-01T16:45:00Z,2026-01-01T16:50:00Z,3105.1,10.2,14.9,2.4,86.0
TURB009,FARM09,2026-01-01T16:50:00Z,2026-01-01T16:52:00Z,3240.6,10.5,15.2,2.3,86.2
TURB009,FARM09,2026-01-01T16:55:00Z,2026-01-01T16:59:00Z,3364.5,10.8,15.4,2.2,86.4
TURB009,FARM09,2026-01-01T17:00:00Z,2026-01-01T17:01:00Z,3439.5,11.0,15.6,2.2,86.5
TURB009,FARM09,2026-01-01T17:05:00Z,2026-01-01T17:08:00Z,3429.0,11.0,15.6,2.2,86.3
TURB009,FARM09,2026-01-01T17:10:00Z,2026-01-01T17:15:00Z,3442.2,11.1,15.7,2.2,86.2
TURB009,FARM09,2026-01-01T17:15:00Z,2026-01-01T17:17:00Z,3373.4,11.0,15.6,2.3,85.9
TURB009,FARM09,2026-01-01T17:20:00Z,2026-01-01T17:24:00Z,3262.1,10.8,15.4,2.4,85.4
TURB009,FARM09,2026-01-01T17:25:00Z,2026-01-01T17:26:00Z,3148.4,10.6,15.2,2.6,85.0
TURB009,FARM09,2026-01-01T17:30:00Z,2026-01-01T17:33:00Z,3000.4,10.3,14.9,2.7,84.4
TURB009,FARM09,2026-01-01T17:35:00Z,2026-01-01T17:40:00Z,2822.4,9.9,14.6,2.9,83.7
TURB009,FARM09,2026-01-01T17:40:00Z,2026-01-01T17:42:00Z,2653.8,9.5,14.2,3.1,83.0
TURB009,FARM09,2026-01-01T17:45:00Z,2026-01-01T17:49:00Z,2497.3,9.1,13.8,3.4,82.2
TURB009,FARM09,2026-01-01T17:50:00Z,2026-01-01T17:51:00Z,2354.1,8.7,13.4,3.6,81.5
TURB009,FARM09,2026-01-01T17:55:00Z,2026-01-01T17:58:00Z,2224.1,8.3,13.0,3.8,80.8
TURB009,FARM09,2026-01-01T18:00:00Z,2026-01-01T18:05:00Z,2105.9,7.9,12.7,4.0,80.1
TURB009,FARM09,2026-01-01T18:05:00Z,2026-01-01T18:07:00Z,1996.8,7.5,12.3,4.2,79.4
TURB009,FARM09,2026-01-01T18:10:00Z,2026-01-01T18:14:00Z,1929.2,7.2,12.0,4.4,78.8
TURB009,FARM09,2026-01-01T18:15:00Z,2026-01-01T18:16:00Z,1899.0,7.0,11.8,4.5,78.3
TURB009,FARM09,2026-01-01T18:20:00Z,2026-01-01T18:23:00Z,1901.7,6.9,11.7,4.6,78.0
TURB009,FARM09,2026-01-01T18:25:00Z,2026-01-01T18:43:00Z,1897.4,6.8,11.6,4.7,77.7
TURB009,FARM09,2026-01-01T18:30:00Z,2026-01-01T18:32:00Z,1918.9,6.8,11.6,4.7,77.5
TURB009,FARM09,2026-01-01T18:35:00Z,2026-01-01T18:39:00Z,1963.8,6.9,11.7,4.7,77.4
TURB009,FARM09,2026-01-01T18:40:00Z,2026-01-01T18:41:00Z,2031.3,7.1,11.9,4.7,77.5
TURB009,FARM09,2026-01-01T18:50:00Z,2026-01-01T18:55:00Z,2165.3,7.6,12.3,4.5,77.8
TURB009,FARM09,2026-01-01T18:55:00Z,2026-01-01T18:57:00Z,2272.5,8.0,12.7,4.4,78.2
TURB009,FARM09,2026-01-01T19:00:00Z,2026-01-01T19:04:00Z,2411.3,8.5,13.1,4.2,78.7
TURB009,FARM09,2026-01-01T19:05:00Z,2026-01-01T19:06:00Z,2514.0,8.9,13.5,4.0,79.2
TURB009,FARM09,2026-01-01T19:10:00Z,2026-01-01T19:13:00Z,2656.8,9.4,14.0,3.8,79.7
TURB009,FARM09,2026-01-01T19:15:00Z,2026-01-01T19:20:00Z,2807.6,9.9,14.4,3.6,80.4
TURB009,FARM09,2026-01-01T19:20:00Z,2026-01-01T19:22:00Z,2933.4,10.3,14.8,3.4,80.9
TURB009,FARM09,2026-01-01T19:25:00Z,2026-01-01T19:29:00Z,3072.1,10.7,15.2,3.2,81.5
TURB009,FARM09,2026-01-01T19:30:00Z,2026-01-01T19:31:00Z,3224.2,11.1,15.5,3.0,82.1
TURB009,FARM09,2026-01-01T19:35:00Z,2026-01-01T19:38:00Z,3352.9,11.4,15.8,2.8,82.6
TURB009,FARM09,2026-01-01T19:40:00Z,2026-01-01T19:45:00Z,3456.1,11.6,16.0,2.6,83.1
TURB009,FARM09,2026-01-01T19:45:00Z,2026-01-01T19:47:00Z,3500.0,11.8,16.2,2.4,83.6
TURB009,FARM09,2026-01-01T19:50:00Z,2026-01-01T19:54:00Z,3500.0,11.9,16.3,2.3,84.0
TURB009,FARM09,2026-01-01T19:55:00Z,2026-01-01T19:56:00Z,3500.0,11.9,16.3,2.2,84.3
TURB009,FARM09,2026-01-01T20:00:00Z,2026-01-01T20:03:00Z,3500.0,11.8,16.2,2.2,84.5
TURB009,FARM09,2026-01-01T20:05:00Z,2026-01-01T20:10:00Z,3500.0,11.6,16.0,2.1,84.6
TURB009,FARM09,2026-01-01T20:10:00Z,2026-01-01T20:12:00Z,3500.0,11.3,15.7,2.2,84.6
TURB009,FARM09,2026-01-01T20:15:00Z,2026-01-01T20:19:00Z,3439.0,11.0,15.4,2.2,84.6
TURB009,FARM09,2026-01-01T20:20:00Z,2026-01-01T20:21:00Z,3283.3,10.6,15.1,2.3,84.5
TURB009,FARM09,2026-01-01T20:25:00Z,2026-01-01T20:28:00Z,3115.5,10.2,14.7,2.4,84.4
TURB009,FARM09,2026-01-01T20:30:00Z,2026-01-01T20:35:00Z,2901.9,9.7,14.2,2.5,84.2
TURB009,FARM09,2026-01-01T20:35:00Z,2026-01-01T20:37:00Z,2718.2,9.3,13.8,2.6,84.1
TURB009,FARM09,2026-01-01T20:40:00Z,2026-01-01T20:44:00Z,2496.4,8.8,13.4,2.8,83.8
TURB009,FARM09,2026-01-01T20:45:00Z,2026-01-01T20:46:00Z,2312.8,8.4,13.0,3.0,83.6
TURB009,FARM09,2026-01-01T20:50:00Z,2026-01-01T20:53:00Z,2135.6,8.0,12.7,3.1,83.4
TURB009,FARM09,2026-01-01T20:55:00Z,2026-01-01T21:00:00Z,1968.1,7.6,12.3,3.3,83.1
TURB009,FARM09,2026-01-01T21:00:00Z,2026-01-01T21:02:00Z,1884.8,7.4,12.1,3.5,83.1
TURB009,FARM09,2026-01-01T21:05:00Z,2026-01-01T21:09:00Z,1814.9,7.2,11.9,3.6,82.9
TURB009,FARM09,2026-01-01T21:10:00Z,2026-01-01T21:11:00Z,1758.1,7.0,11.7,3.8,82.8
TURB009,FARM09,2026-01-01T21:15:00Z,2026-01-01T21:18:00Z,1784.9,7.0,11.7,3.9,82.8
TURB009,FARM09,2026-01-01T21:20:00Z,2026-01-01T21:25:00Z,1820.5,7.0,11.8,4.0,82.8
TURB009,FARM09,2026-01-01T21:25:00Z,2026-01-01T21:27:00Z,1933.2,7.2,11.9,4.1,82.9
TURB009,FARM09,2026-01-01T21:30:00Z,2026-01-01T21:34:00Z,2046.8,7.4,12.1,4.2,83.0
TURB009,FARM09,2026-01-01T21:35:00Z,2026-01-01T21:36:00Z,2157.0,7.6,12.3,4.2,83.1
TURB009,FARM09,2026-01-01T21:40:00Z,2026-01-01T21:43:00Z,2331.9,8.0,12.7,4.2,83.3
TURB009,FARM09,2026-01-01T21:45:00Z,2026-01-01T21:50:00Z,2496.3,8.4,13.1,4.2,83.5
TURB009,FARM09,2026-01-01T21:50:00Z,2026-01-01T21:52:00Z,2648.0,8.8,13.4,4.2,83.7
TURB009,FARM09,2026-01-01T21:55:00Z,2026-01-01T21:59:00Z,2786.2,9.2,13.8,4.1,83.9
TURB009,FARM09,2026-01-01T22:00:00Z,2026-01-01T22:01:00Z,2911.6,9.6,14.2,4.1,84.0
TURB009,FARM09,2026-01-01T22:05:00Z,2026-01-01T22:08:00Z,3026.1,10.0,14.6,4.0,84.1
TURB009,FARM09,2026-01-01T22:10:00Z,2026-01-01T22:15:00Z,3132.7,10.4,15.0,3.9,84.2
TURB009,FARM09,2026-01-01T22:15:00Z,2026-01-01T22:17:00Z,3199.3,10.7,15.2,3.8,84.2
TURB009,FARM09,2026-01-01T22:20:00Z,2026-01-01T22:24:00Z,3266.2,11.0,15.5,3.7,84.2
TURB009,FARM09,2026-01-01T22:25:00Z,2026-01-01T22:26:00Z,3301.6,11.2,15.7,3.6,84.1
TURB009,FARM09,2026-01-01T22:30:00Z,2026-01-01T22:33:00Z,3309.3,11.3,15.8,3.5,83.8
TURB009,FARM09,2026-01-01T22:35:00Z,2026-01-01T22:40:00Z,3328.3,11.4,15.9,3.4,83.6
TURB009,FARM09,2026-01-01T22:40:00Z,2026-01-01T22:42:00Z,3288.3,11.3,15.8,3.3,83.2
TURB009,FARM09,2026-01-01T22:45:00Z,2026-01-01T22:49:00Z,3261.7,11.2,15.7,3.2,82.8
TURB009,FARM09,2026-01-01T22:50:00Z,2026-01-01T23:08:00Z,3211.5,11.0,15.6,3.1,82.4
TURB009,FARM09,2026-01-01T22:55:00Z,2026-01-01T22:58:00Z,3135.5,10.7,15.3,3.1,81.8
TURB009,FARM09,2026-01-01T23:00:00Z,2026-01-01T23:05:00Z,3030.4,10.3,14.9,3.1,81.2
TURB009,FARM09,2026-01-01T23:05:00Z,2026-01-01T23:07:00Z,2928.1,9.9,14.6,3.0,80.6
TURB009,FARM09,2026-01-01T23:10:00Z,2026-01-01T23:14:00Z,2824.4,9.5,14.2,3.0,80.0
TURB009,FARM09,2026-01-01T23:15:00Z,2026-01-01T23:16:00Z,2679.1,9.0,13.7,3.0,79.4
TURB009,FARM09,2026-01-01T23:20:00Z,2026-01-01T23:23:00Z,2524.5,8.5,13.3,3.0,78.8
TURB009,FARM09,2026-01-01T23:25:00Z,2026-01-01T23:30:00Z,2358.1,8.0,12.8,3.1,78.2
TURB009,FARM09,2026-01-01T23:30:00Z,2026-01-01T23:32:00Z,2214.5,7.6,12.5,3.1,77.8
TURB009,FARM09,2026-01-01T23:35:00Z,2026-01-01T23:39:00Z,2021.5,7.1,12.0,3.1,77.3
TURB009,FARM09,2026-01-01T23:40:00Z,2026-01-01T23:41:00Z,1888.6,6.8,11.7,3.2,77.1
TURB009,FARM09,2026-01-01T23:45:00Z,2026-01-01T23:48:00Z,1746.4,6.5,11.5,3.2,76.8
TURB009,FARM09,2026-01-01T23:50:00Z,2026-01-01T23:55:00Z,1598.3,6.2,11.2,3.3,76.6
TURB009,FARM09,2026-01-01T23:55:00Z,2026-01-01T23:57:00Z,1520.5,6.1,11.1,3.3,76.7
TURB009,FARM09,2026-01-02T00:00:00Z,2026-01-02T00:04:00Z,1445.4,6.0,11.0,3.4,76.8
TURB009,FARM09,2026-01-02T00:05:00Z,2026-01-02T00:06:00Z,1448.9,6.1,11.1,3.4,77.1
TURB009,FARM09,2026-01-02T00:10:00Z,2026-01-02T00:13:00Z,1462.5,6.2,11.2,3.4,77.4
TURB009,FARM09,2026-01-02T00:15:00Z,2026-01-02T00:20:00Z,1524.4,6.4,11.4,3.5,77.9
TURB009,FARM09,2026-01-02T00:20:00Z,2026-01-02T00:22:00Z,1599.8,6.6,11.6,3.5,78.3
TURB009,FARM09,2026-01-02T00:25:00Z,2026-01-02T00:29:00Z,1760.2,7.0,12.0,3.5,79.0
TURB009,FARM09,2026-01-02T00:30:00Z,2026-01-02T00:31:00Z,1895.9,7.3,12.3,3.6,79.6
TURB009,FARM09,2026-01-02T00:35:00Z,2026-01-02T00:38:00Z,2112.2,7.8,12.7,3.6,80.4
TURB009,FARM09,2026-01-02T00:40:00Z,2026-01-02T00:45:00Z,2297.2,8.2,13.1,3.6,81.2
TURB009,FARM09,2026-01-02T00:45:00Z,2026-01-02T00:47:00Z,2482.7,8.6,13.5,3.6,81.9
TURB009,FARM09,2026-01-02T00:50:00Z,2026-01-02T00:54:00Z,2664.4,9.0,13.9,3.7,82.6
TURB009,FARM09,2026-01-02T00:55:00Z,2026-01-02T00:56:00Z,2838.4,9.4,14.2,3.7,83.3
TURB009,FARM09,2026-01-02T01:00:00Z,2026-01-02T01:03:00Z,3001.6,9.8,14.6,3.7,84.0
TURB009,FARM09,2026-01-02T01:05:00Z,2026-01-02T01:10:00Z,3116.0,10.1,14.9,3.7,84.6
TURB009,FARM09,2026-01-02T01:10:00Z,2026-01-02T01:12:00Z,3181.0,10.3,15.1,3.8,85.0
TURB009,FARM09,2026-01-02T01:15:00Z,2026-01-02T01:19:00Z,3233.3,10.5,15.2,3.8,85.5
TURB009,FARM09,2026-01-02T01:20:00Z,2026-01-02T01:21:00Z,3202.8,10.5,15.3,3.8,85.7
TURB009,FARM09,2026-01-02T01:25:00Z,2026-01-02T01:28:00Z,3164.9,10.5,15.3,3.9,85.9
TURB009,FARM09,2026-01-02T01:30:00Z,2026-01-02T01:35:00Z,3087.3,10.4,15.2,3.9,85.9
TURB009,FARM09,2026-01-02T01:35:00Z,2026-01-02T01:37:00Z,2974.5,10.2,15.0,4.0,85.8
TURB009,FARM09,2026-01-02T01:40:00Z,2026-01-02T01:44:00Z,2866.5,10.0,14.8,4.0,85.7
TURB009,FARM09,2026-01-02T01:45:00Z,2026-01-02T01:46:00Z,2695.2,9.6,14.4,4.0,85.4
TURB009,FARM09,2026-01-02T01:50:00Z,2026-01-02T01:53:00Z,2571.4,9.3,14.1,4.0,85.1
TURB009,FARM09,2026-01-02T01:55:00Z,2026-01-02T02:00:00Z,2388.6,8.8,13.7,4.1,84.6
TURB009,FARM09,2026-01-02T02:00:00Z,2026-01-02T02:02:00Z,2255.2,8.4,13.3,4.1,84.1
TURB009,FARM09,2026-01-02T02:05:00Z,2026-01-02T02:09:00Z,2098.1,7.9,12.9,4.1,83.5
TURB009,FARM09,2026-01-02T02:10:00Z,2026-01-02T02:11:00Z,1987.0,7.5,12.5,4.1,83.0
TURB009,FARM09,2026-01-02T02:15:00Z,2026-01-02T02:18:00Z,1882.3,7.1,12.1,4.1,82.4
TURB009,FARM09,2026-01-02T02:20:00Z,2026-01-02T02:25:00Z,1780.1,6.7,11.7,4.1,81.8
TURB009,FARM09,2026-01-02T02:25:00Z,2026-01-02T02:27:00Z,1712.0,6.4,11.4,4.0,81.3
TURB009,FARM09,2026-01-02T02:30:00Z,2026-01-02T02:34:00Z,1637.9,6.1,11.2,3.9,80.8
TURB009,FARM09,2026-01-02T02:35:00Z,2026-01-02T02:36:00Z,1590.4,5.9,11.0,3.9,80.3
TURB009,FARM09,2026-01-02T02:40:00Z,2026-01-02T02:43:00Z,1602.7,5.9,11.0,3.8,80.0
TURB009,FARM09,2026-01-02T02:45:00Z,2026-01-02T02:50:00Z,1601.8,5.9,10.9,3.7,79.7
TURB009,FARM09,2026-01-02T02:50:00Z,2026-01-02T02:52:00Z,1587.7,5.9,11.0,3.6,79.4
TURB009,FARM09,2026-01-02T02:55:00Z,2026-01-02T02:59:00Z,1597.7,6.0,11.1,3.5,79.2
TURB009,FARM09,2026-01-02T03:00:00Z,2026-01-02T03:01:00Z,1634.8,6.2,11.2,3.4,79.1
TURB009,FARM09,2026-01-02T03:05:00Z,2026-01-02T03:08:00Z,1738.3,6.6,11.6,3.2,79.2
TURB009,FARM09,2026-01-02T03:10:00Z,2026-01-02T03:15:00Z,1804.6,6.9,11.9,3.1,79.2
TURB009,FARM09,2026-01-02T03:15:00Z,2026-01-02T03:33:00Z,1909.9,7.3,12.3,3.0,79.3
TURB009,FARM09,2026-01-02T03:20:00Z,2026-01-02T03:24:00Z,2058.3,7.8,12.7,2.9,79.5
TURB009,FARM09,2026-01-02T03:25:00Z,2026-01-02T03:26:00Z,2217.0,8.3,13.2,2.8,79.7
TURB009,FARM09,2026-01-02T03:30:00Z,2026-01-02T03:33:00Z,2388.2,8.8,13.6,2.8,80.0
TURB009,FARM09,2026-01-02T03:35:00Z,2026-01-02T03:40:00Z,2536.8,9.2,14.0,2.7,80.1
TURB009,FARM09,2026-01-02T03:40:00Z,2026-01-02T03:42:00Z,2734.4,9.7,14.4,2.7,80.4
TURB009,FARM09,2026-01-02T03:45:00Z,2026-01-02T03:49:00Z,2907.1,10.1,14.8,2.7,80.7
TURB009,FARM09,2026-01-02T03:55:00Z,2026-01-02T03:58:00Z,3201.2,10.7,15.4,2.7,81.0
TURB009,FARM09,2026-01-02T04:00:00Z,2026-01-02T04:05:00Z,3314.5,10.9,15.5,2.8,81.1
TURB009,FARM09,2026-01-02T04:05:00Z,2026-01-02T04:07:00Z,3387.6,11.0,15.6,2.9,81.2
TURB009,FARM09,2026-01-02T04:10:00Z,2026-01-02T04:14:00Z,3416.7,11.0,15.6,3.0,81.2
TURB009,FARM09,2026-01-02T04:15:00Z,2026-01-02T04:16:00Z,3434.7,11.0,15.6,3.2,81.2
TURB009,FARM09,2026-01-02T04:20:00Z,2026-01-02T04:23:00Z,3367.9,10.8,15.4,3.3,81.1
TURB009,FARM09,2026-01-02T04:25:00Z,2026-01-02T04:30:00Z,3287.6,10.6,15.2,3.5,81.0
TURB009,FARM09,2026-01-02T04:30:00Z,2026-01-02T04:32:00Z,3158.8,10.3,14.9,3.6,80.9
TURB009,FARM09,2026-01-02T04:35:00Z,2026-01-02T04:39:00Z,3019.5,10.0,14.6,3.8,80.7
TURB009,FARM09,2026-01-02T04:40:00Z,2026-01-02T04:41:00Z,2837.0,9.6,14.3,4.0,80.5
TURB009,FARM09,2026-01-02T04:45:00Z,2026-01-02T04:48:00Z,2651.4,9.2,13.9,4.1,80.4
TURB009,FARM09,2026-01-02T04:50:00Z,2026-01-02T04:55:00Z,2466.8,8.8,13.5,4.2,80.2
TURB009,FARM09,2026-01-02T04:55:00Z,2026-01-02T04:57:00Z,2251.5,8.3,13.1,4.4,80.0
TURB009,FARM09,2026-01-02T05:00:00Z,2026-01-02T05:04:00Z,2081.2,7.9,12.7,4.5,79.9
TURB009,FARM09,2026-01-02T05:05:00Z,2026-01-02T05:06:00Z,1958.5,7.6,12.4,4.5,79.9
TURB009,FARM09,2026-01-02T05:10:00Z,2026-01-02T05:13:00Z,1849.0,7.3,12.1,4.6,79.9
TURB009,FARM09,2026-01-02T05:15:00Z,2026-01-02T05:20:00Z,1752.9,7.0,11.8,4.6,79.9
TURB009,FARM09,2026-01-02T05:20:00Z,2026-01-02T05:22:00Z,1704.9,6.8,11.6,4.6,80.0
TURB009,FARM09,2026-01-02T05:25:00Z,2026-01-02T05:29:00Z,1738.5,6.8,11.6,4.5,80.4
TURB009,FARM09,2026-01-02T05:30:00Z,2026-01-02T05:31:00Z,1742.2,6.7,11.5,4.4,80.6
TURB009,FARM09,2026-01-02T05:35:00Z,2026-01-02T05:38:00Z,1820.0,6.8,11.6,4.3,81.0
TURB009,FARM09,2026-01-02T05:40:00Z,2026-01-02T05:45:00Z,1931.6,7.0,11.8,4.1,81.4
TURB009,FARM09,2026-01-02T05:45:00Z,2026-01-02T05:47:00Z,2036.7,7.2,12.0,4.0,81.9
TURB009,FARM09,2026-01-02T05:50:00Z,2026-01-02T05:54:00Z,2168.1,7.5,12.2,3.8,82.5
TURB009,FARM09,2026-01-02T05:55:00Z,2026-01-02T05:56:00Z,2323.2,7.9,12.6,3.6,83.1
TURB009,FARM09,2026-01-02T06:00:00Z,2026-01-02T06:03:00Z,2465.0,8.3,13.0,3.4,83.7
TURB009,FARM09,2026-01-02T06:05:00Z,2026-01-02T06:10:00Z,2629.7,8.8,13.4,3.1,84.3
TURB009,FARM09,2026-01-02T06:10:00Z,2026-01-02T06:12:00Z,2746.8,9.2,13.8,2.9,84.8
TURB009,FARM09,2026-01-02T06:15:00Z,2026-01-02T06:19:00Z,2891.1,9.7,14.3,2.7,85.4
TURB009,FARM09,2026-01-02T06:20:00Z,2026-01-02T06:21:00Z,3030.4,10.2,14.7,2.5,86.0
TURB009,FARM09,2026-01-02T06:30:00Z,2026-01-02T06:35:00Z,3238.6,11.0,15.4,2.2,86.8
TURB009,FARM09,2026-01-02T06:35:00Z,2026-01-02T06:37:00Z,3315.8,11.3,15.7,2.1,87.0
TURB009,FARM09,2026-01-02T06:40:00Z,2026-01-02T06:44:00Z,3403.6,11.6,16.0,2.0,87.2
TURB009,FARM09,2026-01-02T06:45:00Z,2026-01-02T06:46:00Z,3468.0,11.8,16.2,2.0,87.3
TURB009,FARM09,2026-01-02T06:50:00Z,2026-01-02T06:53:00Z,3500.0,11.9,16.3,2.0,87.3
TURB009,FARM09,2026-01-02T06:55:00Z,2026-01-02T07:00:00Z,3500.0,11.9,16.3,2.0,87.1
TURB009,FARM09,2026-01-02T07:00:00Z,2026-01-02T07:02:00Z,3500.0,11.8,16.2,2.1,86.8
TURB009,FARM09,2026-01-02T07:05:00Z,2026-01-02T07:09:00Z,3487.7,11.6,16.0,2.2,86.3
TURB009,FARM09,2026-01-02T07:10:00Z,2026-01-02T07:11:00Z,3457.1,11.4,15.8,2.3,85.9
TURB009,FARM09,2026-01-02T07:15:00Z,2026-01-02T07:18:00Z,3390.2,11.1,15.5,2.5,85.3
TURB009,FARM09,2026-01-02T07:20:00Z,2026-01-02T07:25:00Z,3282.7,10.7,15.2,2.7,84.6
TURB009,FARM09,2026-01-02T07:25:00Z,2026-01-02T07:27:00Z,3166.9,10.3,14.8,2.9,83.9
TURB009,FARM09,2026-01-02T07:30:00Z,2026-01-02T07:34:00Z,3039.8,9.9,14.4,3.1,83.2
TURB009,FARM09,2026-01-02T07:35:00Z,2026-01-02T07:36:00Z,2863.7,9.4,13.9,3.4,82.3
TURB009,FARM09,2026-01-02T07:40:00Z,2026-01-02T07:58:00Z,2674.2,8.9,13.5,3.6,81.5
TURB009,FARM09,2026-01-02T07:45:00Z,2026-01-02T07:50:00Z,2508.2,8.5,13.1,3.8,80.8
TURB009,FARM09,2026-01-02T07:50:00Z,2026-01-02T07:52:00Z,2332.1,8.1,12.7,4.0,80.1
TURB009,FARM09,2026-01-02T07:55:00Z,2026-01-02T07:59:00Z,2149.2,7.7,12.4,4.2,79.4
TURB009,FARM09,2026-01-02T08:00:00Z,2026-01-02T08:01:00Z,2035.4,7.5,12.2,4.3,78.9
TURB009,FARM09,2026-01-02T08:05:00Z,2026-01-02T08:08:00Z,1887.2,7.2,11.9,4.5,78.4
TURB009,FARM09,2026-01-02T08:10:00Z,2026-01-02T08:15:00Z,1816.6,7.1,11.8,4.6,78.0
TURB009,FARM09,2026-01-02T08:15:00Z,2026-01-02T08:17:00Z,1755.3,7.0,11.7,4.6,77.7
TURB009,FARM09,2026-01-02T08:20:00Z,2026-01-02T08:24:00Z,1741.8,7.0,11.7,4.7,77.6
TURB009,FARM09,2026-01-02T08:25:00Z,2026-01-02T08:26:00Z,1777.6,7.1,11.8,4.7,77.5
TURB009,FARM09,2026-01-02T08:30:00Z,2026-01-02T08:33:00Z,1862.7,7.3,12.0,4.6,77.6
TURB009,FARM09,2026-01-02T08:35:00Z,2026-01-02T08:40:00Z,1995.7,7.6,12.3,4.5,77.8
TURB009,FARM09,2026-01-02T08:40:00Z,2026-01-02T08:42:00Z,2138.0,7.9,12.6,4.4,78.1
TURB009,FARM09,2026-01-02T08:45:00Z,2026-01-02T08:49:00Z,2322.2,8.3,13.0,4.3,78.5
TURB009,FARM09,2026-01-02T08:50:00Z,2026-01-02T08:51:00Z,2507.9,8.7,13.3,4.1,78.9
TURB009,FARM09,2026-01-02T08:55:00Z,2026-01-02T08:58:00Z,2691.0,9.1,13.7,3.9,79.4
TURB009,FARM09,2026-01-02T09:05:00Z,2026-01-02T09:07:00Z,3069.7,10.0,14.6,3.5,80.5
TURB009,FARM09,2026-01-02T09:10:00Z,2026-01-02T09:14:00Z,3187.6,10.3,14.9,3.3,81.0
TURB009,FARM09,2026-01-02T09:15:00Z,2026-01-02T09:16:00Z,3328.1,10.7,15.2,3.1,81.6
TURB009,FARM09,2026-01-02T09:20:00Z,2026-01-02T09:23:00Z,3419.6,11.0,15.5,2.9,82.1
TURB009,FARM09,2026-01-02T09:25:00Z,2026-01-02T09:30:00Z,3463.7,11.2,15.7,2.7,82.6
TURB009,FARM09,2026-01-02T09:30:00Z,2026-01-02T09:32:00Z,3499.4,11.4,15.9,2.6,83.1
TURB009,FARM09,2026-01-02T09:35:00Z,2026-01-02T09:39:00Z,3458.4,11.4,15.9,2.5,83.4
TURB009,FARM09,2026-01-02T09:40:00Z,2026-01-02T09:41:00Z,3416.9,11.4,15.9,2.4,83.7
TURB009,FARM09,2026-01-02T09:45:00Z,2026-01-02T09:48:00Z,3343.3,11.3,15.8,2.3,83.9
TURB009,FARM09,2026-01-02T09:50:00Z,2026-01-02T09:55:00Z,3241.4,11.1,15.6,2.3,84.0
TURB009,FARM09,2026-01-02T09:55:00Z,2026-01-02T09:57:00Z,3114.3,10.8,15.4,2.3,84.0
TURB009,FARM09,2026-01-02T10:00:00Z,2026-01-02T10:04:00Z,3000.0,10.5,15.1,2.3,84.0
TURB009,FARM09,2026-01-02T10:05:00Z,2026-01-02T10:06:00Z,2863.2,10.1,14.7,2.4,83.9
TURB009,FARM09,2026-01-02T10:10:00Z,2026-01-02T10:13:00Z,2703.0,9.6,14.3,2.5,83.7
TURB009,FARM09,2026-01-02T10:15:00Z,2026-01-02T10:20:00Z,2589.5,9.2,13.9,2.6,83.6
TURB009,FARM09,2026-01-02T10:20:00Z,2026-01-02T10:22:00Z,2447.5,8.7,13.5,2.7,83.4
TURB009,FARM09,2026-01-02T10:25:00Z,2026-01-02T10:29:00Z,2309.1,8.2,13.0,2.9,83.1
TURB009,FARM09,2026-01-02T10:30:00Z,2026-01-02T10:31:00Z,2169.9,7.7,12.5,3.1,82.8
TURB009,FARM09,2026-01-02T10:35:00Z,2026-01-02T10:38:00Z,2061.8,7.3,12.2,3.3,82.6
TURB009,FARM09,2026-01-02T10:40:00Z,2026-01-02T10:45:00Z,1945.0,6.9,11.8,3.4,82.4
TURB009,FARM09,2026-01-02T10:45:00Z,2026-01-02T10:47:00Z,1852.8,6.6,11.5,3.6,82.2
TURB009,FARM09,2026-01-02T10:50:00Z,2026-01-02T10:54:00Z,1747.4,6.3,11.3,3.8,82.0
TURB009,FARM09,2026-01-02T10:55:00Z,2026-01-02T10:56:00Z,1700.6,6.2,11.2,3.9,82.0
TURB009,FARM09,2026-01-02T11:00:00Z,2026-01-02T11:03:00Z,1641.6,6.1,11.1,4.1,81.9
TURB009,FARM09,2026-01-02T11:05:00Z,2026-01-02T11:10:00Z,1608.7,6.1,11.1,4.2,81.9
TURB009,FARM09,2026-01-02T11:10:00Z,2026-01-02T11:12:00Z,1605.3,6.2,11.2,4.3,81.9
TURB009,FARM09,2026-01-02T11:15:00Z,2026-01-02T11:19:00Z,1635.5,6.4,11.4,4.4,82.1
TURB009,FARM09,2026-01-02T11:20:00Z,2026-01-02T11:21:00Z,1667.6,6.6,11.6,4.4,82.1
TURB009,FARM09,2026-01-02T11:25:00Z,2026-01-02T11:28:00Z,1741.7,6.9,11.9,4.5,82.3
TURB009,FARM09,2026-01-02T11:30:00Z,2026-01-02T11:35:00Z,1861.4,7.3,12.2,4.4,82.5
TURB009,FARM09,2026-01-02T11:40:00Z,2026-01-02T11:44:00Z,2138.3,8.1,13.0,4.4,82.8
TURB009,FARM09,2026-01-02T11:45:00Z,2026-01-02T11:46:00Z,2296.6,8.5,13.4,4.3,83.0
TURB009,FARM09,2026-01-02T11:50:00Z,2026-01-02T11:53:00Z,2502.6,9.0,13.8,4.2,83.2
TURB009,FARM09,2026-01-02T11:55:00Z,2026-01-02T12:00:00Z,2681.7,9.4,14.2,4.1,83.3
TURB009,FARM09,2026-01-02T12:00:00Z,2026-01-02T12:02:00Z,2830.1,9.7,14.5,4.0,83.3
TURB009,FARM09,2026-01-02T12:05:00Z,2026-01-02T12:23:00Z,2979.8,10.0,14.8,3.9,83.3
TURB009,FARM09,2026-01-02T12:10:00Z,2026-01-02T12:11:00Z,3126.5,10.3,15.1,3.8,83.3
TURB009,FARM09,2026-01-02T12:15:00Z,2026-01-02T12:18:00Z,3194.0,10.4,15.2,3.7,83.1
TURB009,FARM09,2026-01-02T12:20:00Z,2026-01-02T12:25:00Z,3251.2,10.5,15.3,3.6,82.8
TURB009,FARM09,2026-01-02T12:25:00Z,2026-01-02T12:27:00Z,3259.9,10.5,15.3,3.5,82.5
TURB009,FARM09,2026-01-02T12:30:00Z,2026-01-02T12:34:00Z,3219.1,10.4,15.2,3.4,82.1
TURB009,FARM09,2026-01-02T12:35:00Z,2026-01-02T12:36:00Z,3165.4,10.3,15.1,3.3,81.8
TURB009,FARM09,2026-01-02T12:40:00Z,2026-01-02T12:43:00Z,3028.6,10.0,14.8,3.3,81.2
TURB009,FARM09,2026-01-02T12:45:00Z,2026-01-02T12:50:00Z,2883.6,9.7,14.5,3.2,80.7
TURB009,FARM09,2026-01-02T12:50:00Z,2026-01-02T12:52:00Z,2734.4,9.4,14.2,3.2,80.2
TURB009,FARM09,2026-01-02T12:55:00Z,2026-01-02T12:59:00Z,2549.1,9.0,13.9,3.2,79.6
TURB009,FARM09,2026-01-02T13:00:00Z,2026-01-02T13:01:00Z,2332.1,8.5,13.4,3.2,78.9
TURB009,FARM09,2026-01-02T13:05:00Z,2026-01-02T13:08:00Z,2159.1,8.1,13.0,3.2,78.4
TURB009,FARM09,2026-01-02T13:10:00Z,2026-01-02T13:15:00Z,1961.1,7.6,12.6,3.2,77.9
TURB009,FARM09,2026-01-02T13:15:00Z,2026-01-02T13:17:00Z,1812.1,7.2,12.2,3.2,77.4
TURB009,FARM09,2026-01-02T13:20:00Z,2026-01-02T13:24:00Z,1676.5,6.8,11.8,3.2,77.0
TURB009,FARM09,2026-01-02T13:25:00Z,2026-01-02T13:26:00Z,1553.5,6.4,11.5,3.3,76.6
TURB009,FARM09,2026-01-02T13:30:00Z,2026-01-02T13:33:00Z,1512.9,6.2,11.3,3.3,76.5
TURB009,FARM09,2026-01-02T13:35:00Z,2026-01-02T13:40:00Z,1443.4,5.9,11.0,3.3,76.3
TURB009,FARM09,2026-01-02T13:40:00Z,2026-01-02T13:42:00Z,1485.1,5.9,11.0,3.4,76.4
TURB009,FARM09,2026-01-02T13:45:00Z,2026-01-02T13:49:00Z,1525.6,5.9,10.9,3.4,76.6
TURB009,FARM09,2026-01-02T13:50:00Z,2026-01-02T13:51:00Z,1560.8,5.9,11.0,3.4,76.8
TURB009,FARM09,2026-01-02T13:55:00Z,2026-01-02T13:58:00Z,1587.0,5.9,11.0,3.5,77.0
TURB009,FARM09,2026-01-02T14:00:00Z,2026-01-02T14:05:00Z,1709.6,6.2,11.2,3.5,77.6
TURB009,FARM09,2026-01-02T14:05:00Z,2026-01-02T14:07:00Z,1782.9,6.4,11.4,3.5,78.0
TURB009,FARM09,2026-01-02T14:15:00Z,2026-01-02T14:16:00Z,2034.8,7.2,12.2,3.6,79.4
TURB009,FARM09,2026-01-02T14:20:00Z,2026-01-02T14:23:00Z,2145.1,7.6,12.5,3.6,80.1
TURB009,FARM09,2026-01-02T14:25:00Z,2026-01-02T14:30:00Z,2285.3,8.1,13.0,3.6,81.0
TURB009,FARM09,2026-01-02T14:30:00Z,2026-01-02T14:32:00Z,2423.5,8.6,13.4,3.6,81.8
TURB009,FARM09,2026-01-02T14:35:00Z,2026-01-02T14:39:00Z,2564.0,9.1,13.9,3.6,82.6
TURB009,FARM09,2026-01-02T14:40:00Z,2026-01-02T14:41:00Z,2675.0,9.5,14.3,3.6,83.3
TURB009,FARM09,2026-01-02T14:45:00Z,2026-01-02T14:48:00Z,2795.7,9.9,14.6,3.6,84.0
TURB009,FARM09,2026-01-02T14:50:00Z,2026-01-02T14:55:00Z,2928.7,10.3,15.0,3.6,84.7
TURB009,FARM09,2026-01-02T14:55:00Z,2026-01-02T14:57:00Z,3039.1,10.6,15.3,3.7,85.3
TURB009,FARM09,2026-01-02T15:00:00Z,2026-01-02T15:04:00Z,3126.6,10.8,15.4,3.7,85.7
TURB009,FARM09,2026-01-02T15:05:00Z,2026-01-02T15:06:00Z,3189.6,10.9,15.5,3.7,86.0
TURB009,FARM09,2026-01-02T15:10:00Z,2026-01-02T15:13:00Z,3261.3,11.0,15.6,3.7,86.3
TURB009,FARM09,2026-01-02T15:15:00Z,2026-01-02T15:20:00Z,3266.1,10.9,15.5,3.8,86.4
TURB009,FARM09,2026-01-02T15:20:00Z,2026-01-02T15:22:00Z,3271.7,10.8,15.4,3.8,86.4
TURB009,FARM09,2026-01-02T15:25:00Z,2026-01-02T15:29:00Z,3237.8,10.6,15.2,3.8,86.3
TURB009,FARM09,2026-01-02T15:30:00Z,2026-01-02T15:31:00Z,3196.5,10.4,15.0,3.9,86.2
TURB009,FARM09,2026-01-02T15:35:00Z,2026-01-02T15:38:00Z,3072.6,10.0,14.7,3.9,85.8
TURB009,FARM09,2026-01-02T15:40:00Z,2026-01-02T15:45:00Z,2972.0,9.7,14.4,3.9,85.5
TURB009,FARM09,2026-01-02T15:45:00Z,2026-01-02T15:47:00Z,2821.9,9.3,14.0,3.9,85.0
TURB009,FARM09,2026-01-02T15:50:00Z,2026-01-02T15:54:00Z,2623.1,8.8,13.5,3.9,84.5
TURB009,FARM09,2026-01-02T15:55:00Z,2026-01-02T15:56:00Z,2449.4,8.4,13.2,3.9,83.9
TURB009,FARM09,2026-01-02T16:00:00Z,2026-01-02T16:03:00Z,2267.8,8.0,12.8,3.9,83.4
TURB009,FARM09,2026-01-02T16:05:00Z,2026-01-02T16:10:00Z,2082.4,7.6,12.4,3.9,82.8
TURB009,FARM09,2026-01-02T16:10:00Z,2026-01-02T16:12:00Z,1933.4,7.3,12.1,3.8,82.3
TURB009,FARM09,2026-01-02T16:15:00Z,2026-01-02T16:19:00Z,1788.9,7.0,11.8,3.8,81.8
TURB009,FARM09,2026-01-02T16:20:00Z,2026-01-02T16:21:00Z,1688.8,6.8,11.6,3.7,81.3
TURB009,FARM09,2026-01-02T16:25:00Z,2026-01-02T16:28:00Z,1636.1,6.7,11.5,3.6,80.9
TURB009,FARM09,2026-01-02T16:30:00Z,2026-01-02T16:48:00Z,1632.3,6.7,11.5,3.5,80.6
TURB009,FARM09,2026-01-02T16:35:00Z,2026-01-02T16:37:00Z,1642.0,6.7,11.5,3.4,80.3
TURB009,FARM09,2026-01-02T16:40:00Z,2026-01-02T16:44:00Z,1736.1,6.9,11.7,3.3,80.2
TURB009,FARM09,2026-01-02T16:50:00Z,2026-01-02T16:53:00Z,1987.3,7.4,12.1,3.1,80.1
TURB009,FARM09,2026-01-02T16:55:00Z,2026-01-02T17:00:00Z,2137.0,7.7,12.4,2.9,80.1
TURB009,FARM09,2026-01-02T17:00:00Z,2026-01-02T17:02:00Z,2321.3,8.1,12.8,2.8,80.2
TURB009,FARM09,2026-01-02T17:05:00Z,2026-01-02T17:09:00Z,2535.7,8.6,13.2,2.7,80.4
TURB009,FARM09,2026-01-02T17:10:00Z,2026-01-02T17:11:00Z,2741.0,9.1,13.7,2.6,80.6
TURB009,FARM09,2026-01-02T17:15:00Z,2026-01-02T17:18:00Z,2898.3,9.5,14.1,2.6,80.7
TURB009,FARM09,2026-01-02T17:20:00Z,2026-01-02T17:25:00Z,3078.3,10.0,14.5,2.5,81.0
TURB009,FARM09,2026-01-02T17:25:00Z,2026-01-02T17:27:00Z,3245.1,10.5,15.0,2.5,81.3
TURB009,FARM09,2026-01-02T17:30:00Z,2026-01-02T17:34:00Z,3364.0,10.9,15.4,2.5,81.5
TURB009,FARM09,2026-01-02T17:35:00Z,2026-01-02T17:36:00Z,3437.6,11.2,15.6,2.5,81.7
TURB009,FARM09,2026-01-02T17:40:00Z,2026-01-02T17:43:00Z,3500.0,11.5,15.9,2.5,81.8
TURB009,FARM09,2026-01-02T17:45:00Z,2026-01-02T17:50:00Z,3500.0,11.7,16.1,2.6,82.0
TURB009,FARM09,2026-01-02T17:50:00Z,2026-01-02T17:52:00Z,3500.0,11.8,16.2,2.7,82.0
TURB009,FARM09,2026-01-02T17:55:00Z,2026-01-02T17:59:00Z,3500.0,11.9,16.3,2.8,82.1
TURB009,FARM09,2026-01-02T18:00:00Z,2026-01-02T18:01:00Z,3478.1,11.8,16.2,2.9,82.0
TURB009,FARM09,2026-01-02T18:05:00Z,2026-01-02T18:08:00Z,3432.4,11.7,16.1,3.1,82.0
TURB009,FARM09,2026-01-02T18:10:00Z,2026-01-02T18:15:00Z,3364.0,11.5,15.9,3.2,81.9
TURB009,FARM09,2026-01-02T18:15:00Z,2026-01-02T18:17:00Z,3272.7,11.2,15.6,3.4,81.7
TURB009,FARM09,2026-01-02T18:20:00Z,2026-01-02T18:24:00Z,3156.6,10.8,15.3,3.6,81.5
TURB009,FARM09,2026-01-02T18:25:00Z,2026-01-02T18:26:00Z,3049.0,10.4,14.9,3.8,81.3
TURB009,FARM09,2026-01-02T18:30:00Z,2026-01-02T18:33:00Z,2946.1,10.0,14.5,3.9,81.1
TURB009,FARM09,2026-01-02T18:35:00Z,2026-01-02T18:40:00Z,2807.5,9.5,14.0,4.1,80.8
TURB009,FARM09,2026-01-02T18:40:00Z,2026-01-02T18:42:00Z,2701.1,9.1,13.7,4.2,80.7
TURB009,FARM09,2026-01-02T18:45:00Z,2026-01-02T18:49:00Z,2550.9,8.6,13.2,4.3,80.5
TURB009,FARM09,2026-01-02T18:50:00Z,2026-01-02T18:51:00Z,2425.8,8.2,12.8,4.4,80.4
TURB009,FARM09,2026-01-02T18:55:00Z,2026-01-02T18:58:00Z,2324.0,7.9,12.5,4.5,80.4
TURB009,FARM09,2026-01-02T19:00:00Z,2026-01-02T19:05:00Z,2172.7,7.5,12.2,4.5,80.3
TURB009,FARM09,2026-01-02T19:05:00Z,2026-01-02T19:07:00Z,2080.7,7.3,12.0,4.5,80.4
TURB009,FARM09,2026-01-02T19:10:00Z,2026-01-02T19:14:00Z,1978.1,7.1,11.8,4.5,80.6
TURB009,FARM09,2026-01-02T19:15:00Z,2026-01-02T19:16:00Z,1904.0,7.0,11.7,4.4,80.8
TURB009,FARM09,2026-01-02T19:25:00Z,2026-01-02T19:30:00Z,1857.6,7.1,11.8,4.2,81.5
TURB009,FARM09,2026-01-02T19:30:00Z,2026-01-02T19:32:00Z,1893.8,7.3,12.0,4.0,81.9
TURB009,FARM09,2026-01-02T19:35:00Z,2026-01-02T19:39:00Z,1938.7,7.5,12.2,3.8,82.4
TURB009,FARM09,2026-01-02T19:40:00Z,2026-01-02T19:41:00Z,2031.1,7.8,12.5,3.6,82.9
TURB009,FARM09,2026-01-02T19:45:00Z,2026-01-02T19:48:00Z,2172.7,8.2,12.9,3.4,83.5
TURB009,FARM09,2026-01-02T19:50:00Z,2026-01-02T19:55:00Z,2327.6,8.6,13.2,3.2,84.1
TURB009,FARM09,2026-01-02T19:55:00Z,2026-01-02T19:57:00Z,2494.7,9.0,13.6,3.0,84.6
TURB009,FARM09,2026-01-02T20:00:00Z,2026-01-02T20:04:00Z,2707.7,9.5,14.1,2.8,85.2
TURB009,FARM09,2026-01-02T20:05:00Z,2026-01-02T20:06:00Z,2891.2,9.9,14.5,2.6,85.7
TURB009,FARM09,2026-01-02T20:10:00Z,2026-01-02T20:13:00Z,3077.0,10.3,14.8,2.5,86.1
TURB009,FARM09,2026-01-02T20:15:00Z,2026-01-02T20:20:00Z,3224.8,10.6,15.1,2.3,86.4
TURB009,FARM09,2026-01-02T20:20:00Z,2026-01-02T20:22:00Z,3366.6,10.9,15.4,2.2,86.7
TURB009,FARM09,2026-01-02T20:25:00Z,2026-01-02T20:29:00Z,3498.8,11.2,15.7,2.1,86.9
TURB009,FARM09,2026-01-02T20:30:00Z,2026-01-02T20:31:00Z,3500.0,11.4,15.9,2.1,87.0
TURB009,FARM09,2026-01-02T20:35:00Z,2026-01-02T20:38:00Z,3500.0,11.4,15.9,2.1,86.8
TURB009,FARM09,2026-01-02T20:40:00Z,2026-01-02T20:45:00Z,3500.0,11.4,15.9,2.1,86.6
TURB009,FARM09,2026-01-02T20:45:00Z,2026-01-02T20:47:00Z,3500.0,11.4,15.9,2.2,86.4
TURB009,FARM09,2026-01-02T20:50:00Z,2026-01-02T20:54:00Z,3433.9,11.2,15.7,2.3,86.0
TURB009,FARM09,2026-01-02T20:55:00Z,2026-01-02T21:13:00Z,3285.4,10.9,15.5,2.4,85.4
TURB009,FARM09,2026-01-02T21:00:00Z,2026-01-02T21:03:00Z,3135.7,10.6,15.2,2.6,84.9
TURB009,FARM09,2026-01-02T21:05:00Z,2026-01-02T21:10:00Z,2953.2,10.2,14.8,2.8,84.2
TURB009,FARM09,2026-01-02T21:10:00Z,2026-01-02T21:12:00Z,2777.7,9.8,14.5,3.0,83.5
TURB009,FARM09,2026-01-02T21:15:00Z,2026-01-02T21:19:00Z,2576.6,9.3,14.0,3.2,82.7
TURB009,FARM09,2026-01-02T21:20:00Z,2026-01-02T21:21:00Z,2424.1,8.9,13.6,3.4,81.9
TURB009,FARM09,2026-01-02T21:25:00Z,2026-01-02T21:28:00Z,2249.0,8.4,13.2,3.7,81.1
TURB009,FARM09,2026-01-02T21:30:00Z,2026-01-02T21:35:00Z,2086.9,7.9,12.7,3.9,80.3
TURB009,FARM09,2026-01-02T21:35:00Z,2026-01-02T21:37:00Z,1971.8,7.5,12.3,4.1,79.6
TURB009,FARM09,2026-01-02T21:40:00Z,2026-01-02T21:44:00Z,1864.8,7.1,12.0,4.3,78.9
TURB009,FARM09,2026-01-02T21:45:00Z,2026-01-02T21:46:00Z,1762.1,6.7,11.6,4.5,78.2
TURB009,FARM09,2026-01-02T21:50:00Z,2026-01-02T21:53:00Z,1695.3,6.4,11.4,4.7,77.7
TURB009,FARM09,2026-01-02T22:00:00Z,2026-01-02T22:02:00Z,1653.2,6.1,11.1,4.8,76.9
TURB009,FARM09,2026-01-02T22:05:00Z,2026-01-02T22:09:00Z,1671.0,6.1,11.1,4.9,76.7
TURB009,FARM09,2026-01-02T22:10:00Z,2026-01-02T22:11:00Z,1711.9,6.2,11.2,4.9,76.7
TURB009,FARM09,2026-01-02T22:15:00Z,2026-01-02T22:18:00Z,1739.3,6.3,11.3,4.8,76.7
TURB009,FARM09,2026-01-02T22:20:00Z,2026-01-02T22:25:00Z,1826.2,6.6,11.6,4.8,76.9
TURB009,FARM09,2026-01-02T22:25:00Z,2026-01-02T22:27:00Z,1902.7,6.9,11.8,4.7,77.1
TURB009,FARM09,2026-01-02T22:30:00Z,2026-01-02T22:34:00Z,1972.2,7.2,12.1,4.5,77.4
TURB009,FARM09,2026-01-02T22:35:00Z,2026-01-02T22:36:00Z,2074.5,7.6,12.5,4.4,77.8
TURB009,FARM09,2026-01-02T22:40:00Z,2026-01-02T22:43:00Z,2178.0,8.0,12.9,4.2,78.3
TURB009,FARM09,2026-01-02T22:45:00Z,2026-01-02T22:50:00Z,2286.8,8.4,13.3,4.0,78.8
TURB009,FARM09,2026-01-02T22:50:00Z,2026-01-02T22:52:00Z,2440.7,8.9,13.7,3.8,79.4
TURB009,FARM09,2026-01-02T22:55:00Z,2026-01-02T22:59:00Z,2570.3,9.3,14.1,3.6,80.0
TURB009,FARM09,2026-01-02T23:00:00Z,2026-01-02T23:01:00Z,2677.1,9.6,14.4,3.4,80.4
TURB009,FARM09,2026-01-02T23:05:00Z,2026-01-02T23:08:00Z,2833.3,10.0,14.8,3.2,81.1
TURB009,FARM09,2026-01-02T23:10:00Z,2026-01-02T23:15:00Z,2929.5,10.2,15.0,3.0,81.5
TURB009,FARM09,2026-01-02T23:15:00Z,2026-01-02T23:17:00Z,3035.3,10.4,15.2,2.8,82.0
TURB009,FARM09,2026-01-02T23:20:00Z,2026-01-02T23:24:00Z,3111.1,10.5,15.3,2.7,82.4
TURB009,FARM09,2026-01-02T23:25:00Z,2026-01-02T23:26:00Z,3188.9,10.6,15.3,2.6,82.8
TURB009,FARM09,2026-01-02T23:30:00Z,2026-01-02T23:33:00Z,3192.4,10.5,15.2,2.5,83.0
TURB009,FARM09,2026-01-02T23:35:00Z,2026-01-02T23:40:00Z,3153.3,10.3,15.1,2.5,83.1
TURB009,FARM09,2026-01-02T23:40:00Z,2026-01-02T23:42:00Z,3104.5,10.1,14.9,2.5,83.2
TURB009,FARM09,2026-01-02T23:45:00Z,2026-01-02T23:49:00Z,3007.3,9.8,14.6,2.5,83.2
TURB009,FARM09,2026-01-02T23:50:00Z,2026-01-02T23:51:00Z,2896.8,9.5,14.3,2.5,83.2
TURB009,FARM09,2026-01-02T23:55:00Z,2026-01-02T23:58:00Z,2737.2,9.1,14.0,2.6,83.1
TURB010,FARM10,2026-01-01T00:00:00Z,2026-01-01T00:01:00Z,3109.8,10.5,15.2,2.7,80.9
TURB010,FARM10,2026-01-01T00:05:00Z,2026-01-01T00:08:00Z,3187.6,10.6,15.3,2.8,80.9
TURB010,FARM10,2026-01-01T00:10:00Z,2026-01-01T00:15:00Z,3263.1,10.7,15.4,2.9,80.9
TURB010,FARM10,2026-01-01T00:15:00Z,2026-01-01T00:17:00Z,3296.4,10.7,15.4,3.0,80.9
TURB010,FARM10,2026-01-01T00:20:00Z,2026-01-01T00:24:00Z,3319.9,10.7,15.4,3.2,80.9
TURB010,FARM10,2026-01-01T00:25:00Z,2026-01-01T00:26:00Z,3259.2,10.5,15.2,3.3,80.8
TURB010,FARM10,2026-01-01T00:30:00Z,2026-01-01T00:33:00Z,3185.1,10.3,15.0,3.5,80.7
TURB010,FARM10,2026-01-01T00:35:00Z,2026-01-01T00:40:00Z,3061.9,10.0,14.8,3.7,80.5
TURB010,FARM10,2026-01-01T00:40:00Z,2026-01-01T00:42:00Z,2891.1,9.6,14.4,3.9,80.3
TURB010,FARM10,2026-01-01T00:45:00Z,2026-01-01T00:49:00Z,2711.5,9.2,14.0,4.0,80.0
TURB010,FARM10,2026-01-01T00:50:00Z,2026-01-01T01:08:00Z,2490.8,8.7,13.6,4.2,79.8
TURB010,FARM10,2026-01-01T00:55:00Z,2026-01-01T00:58:00Z,2305.2,8.3,13.2,4.3,79.6
TURB010,FARM10,2026-01-01T01:00:00Z,2026-01-01T01:05:00Z,2087.0,7.8,12.7,4.5,79.4
TURB010,FARM10,2026-01-01T01:05:00Z,2026-01-01T01:07:00Z,1876.1,7.3,12.3,4.6,79.2
TURB010,FARM10,2026-01-01T01:15:00Z,2026-01-01T01:16:00Z,1560.0,6.5,11.5,4.8,79.0
TURB010,FARM10,2026-01-01T01:20:00Z,2026-01-01T01:23:00Z,1457.8,6.2,11.3,4.8,79.0
TURB010,FARM10,2026-01-01T01:25:00Z,2026-01-01T01:30:00Z,1404.4,6.0,11.1,4.8,79.1
TURB010,FARM10,2026-01-01T01:30:00Z,2026-01-01T01:32:00Z,1397.9,5.9,11.0,4.7,79.3
TURB010,FARM10,2026-01-01T01:35:00Z,2026-01-01T01:39:00Z,1435.3,5.9,10.9,4.7,79.6
TURB010,FARM10,2026-01-01T01:40:00Z,2026-01-01T01:41:00Z,1476.7,5.9,11.0,4.6,79.9
TURB010,FARM10,2026-01-01T01:45:00Z,2026-01-01T01:48:00Z,1517.8,5.9,11.0,4.4,80.2
TURB010,FARM10,2026-01-01T01:50:00Z,2026-01-01T01:55:00Z,1590.4,6.0,11.1,4.3,80.6
TURB010,FARM10,2026-01-01T01:55:00Z,2026-01-01T01:57:00Z,1690.6,6.2,11.3,4.1,81.0
TURB010,FARM10,2026-01-01T02:00:00Z,2026-01-01T02:04:00Z,1815.7,6.5,11.6,4.0,81.6
TURB010,FARM10,2026-01-01T02:05:00Z,2026-01-01T02:06:00Z,1963.7,6.9,11.9,3.7,82.2
TURB010,FARM10,2026-01-01T02:10:00Z,2026-01-01T02:13:00Z,2098.4,7.3,12.3,3.5,82.7
TURB010,FARM10,2026-01-01T02:15:00Z,2026-01-01T02:20:00Z,2256.5,7.8,12.7,3.3,83.4
TURB010,FARM10,2026-01-01T02:20:00Z,2026-01-01T02:22:00Z,2404.5,8.3,13.2,3.1,84.0
TURB010,FARM10,2026-01-01T02:25:00Z,2026-01-01T02:29:00Z,2509.6,8.7,13.6,2.9,84.5
TURB010,FARM10,2026-01-01T02:30:00Z,2026-01-01T02:31:00Z,2647.9,9.2,14.0,2.7,85.0
TURB010,FARM10,2026-01-01T02:35:00Z,2026-01-01T02:38:00Z,2751.6,9.6,14.4,2.6,85.4
TURB010,FARM10,2026-01-01T02:40:00Z,2026-01-01T02:45:00Z,2824.9,9.9,14.7,2.5,85.7
TURB010,FARM10,2026-01-01T02:45:00Z,2026-01-01T02:47:00Z,2907.5,10.2,15.0,2.4,85.9
TURB010,FARM10,2026-01-01T02:50:00Z,2026-01-01T02:54:00Z,3001.9,10.5,15.2,2.3,86.1
TURB010,FARM10,2026-01-01T02:55:00Z,2026-01-01T02:56:00Z,3037.5,10.6,15.3,2.3,86.0
TURB010,FARM10,2026-01-01T03:00:00Z,2026-01-01T03:03:00Z,3086.5,10.7,15.4,2.3,86.0
TURB010,FARM10,2026-01-01T03:05:00Z,2026-01-01T03:10:00Z,3075.3,10.6,15.3,2.3,85.7
TURB010,FARM10,2026-01-01T03:10:00Z,2026-01-01T03:12:00Z,3073.6,10.5,15.2,2.4,85.3
TURB010,FARM10,2026-01-01T03:15:00Z,2026-01-01T03:19:00Z,3041.7,10.3,15.0,2.6,84.9
TURB010,FARM10,2026-01-01T03:20:00Z,2026-01-01T03:21:00Z,3011.5,10.1,14.8,2.7,84.4
TURB010,FARM10,2026-01-01T03:25:00Z,2026-01-01T03:28:00Z,2942.6,9.8,14.5,2.9,83.8
TURB010,FARM10,2026-01-01T03:30:00Z,2026-01-01T03:35:00Z,2831.1,9.4,14.2,3.1,83.1
TURB010,FARM10,2026-01-01T03:35:00Z,2026-01-01T03:37:00Z,2709.5,9.0,13.8,3.3,82.4
TURB010,FARM10,2026-01-01T03:40:00Z,2026-01-01T03:44:00Z,2575.6,8.6,13.4,3.5,81.7
TURB010,FARM10,2026-01-01T03:50:00Z,2026-01-01T03:53:00Z,2231.8,7.7,12.6,3.9,80.1
TURB010,FARM10,2026-01-01T03:55:00Z,2026-01-01T04:00:00Z,2096.1,7.4,12.3,4.1,79.5
TURB010,FARM10,2026-01-01T04:00:00Z,2026-01-01T04:02:00Z,1915.8,7.0,11.9,4.3,78.8
TURB010,FARM10,2026-01-01T04:05:00Z,2026-01-01T04:09:00Z,1766.9,6.7,11.6,4.5,78.3
TURB010,FARM10,2026-01-01T04:10:00Z,2026-01-01T04:11:00Z,1653.4,6.5,11.4,4.6,77.8
TURB010,FARM10,2026-01-01T04:15:00Z,2026-01-01T04:18:00Z,1579.7,6.4,11.3,4.7,77.5
TURB010,FARM10,2026-01-01T04:20:00Z,2026-01-01T04:25:00Z,1513.7,6.3,11.2,4.8,77.1
TURB010,FARM10,2026-01-01T04:25:00Z,2026-01-01T04:27:00Z,1530.4,6.4,11.3,4.8,77.0
TURB010,FARM10,2026-01-01T04:30:00Z,2026-01-01T04:34:00Z,1560.0,6.5,11.4,4.8,77.0
TURB010,FARM10,2026-01-01T04:35:00Z,2026-01-01T04:36:00Z,1639.0,6.7,11.6,4.8,77.1
TURB010,FARM10,2026-01-01T04:40:00Z,2026-01-01T04:43:00Z,1766.7,7.0,11.8,4.7,77.3
TURB010,FARM10,2026-01-01T04:45:00Z,2026-01-01T04:50:00Z,1905.1,7.3,12.1,4.6,77.5
TURB010,FARM10,2026-01-01T04:50:00Z,2026-01-01T04:52:00Z,2087.1,7.7,12.5,4.4,77.9
TURB010,FARM10,2026-01-01T04:55:00Z,2026-01-01T04:59:00Z,2272.6,8.1,12.9,4.3,78.3
TURB010,FARM10,2026-01-01T05:00:00Z,2026-01-01T05:01:00Z,2493.5,8.6,13.3,4.1,78.9
TURB010,FARM10,2026-01-01T05:05:00Z,2026-01-01T05:08:00Z,2709.5,9.1,13.8,3.9,79.5
TURB010,FARM10,2026-01-01T05:10:00Z,2026-01-01T05:15:00Z,2916.8,9.6,14.2,3.6,80.1
TURB010,FARM10,2026-01-01T05:15:00Z,2026-01-01T05:33:00Z,3076.6,10.0,14.6,3.4,80.6
TURB010,FARM10,2026-01-01T05:20:00Z,2026-01-01T05:24:00Z,3259.4,10.5,15.0,3.2,81.3
TURB010,FARM10,2026-01-01T05:25:00Z,2026-01-01T05:26:00Z,3392.8,10.9,15.4,3.0,81.9
TURB010,FARM10,2026-01-01T05:30:00Z,2026-01-01T05:33:00Z,3477.9,11.2,15.7,2.8,82.5
TURB010,FARM10,2026-01-01T05:35:00Z,2026-01-01T05:40:00Z,3500.0,11.4,15.9,2.6,82.9
TURB010,FARM10,2026-01-01T05:40:00Z,2026-01-01T05:42:00Z,3500.0,11.6,16.0,2.5,83.4
TURB010,FARM10,2026-01-01T05:45:00Z,2026-01-01T05:49:00Z,3500.0,11.6,16.1,2.4,83.7
TURB010,FARM10,2026-01-01T05:50:00Z,2026-01-01T05:51:00Z,3468.0,11.6,16.0,2.3,84.0
TURB010,FARM10,2026-01-01T05:55:00Z,2026-01-01T05:58:00Z,3398.1,11.5,15.9,2.2,84.2
TURB010,FARM10,2026-01-01T06:00:00Z,2026-01-01T06:05:00Z,3301.6,11.3,15.8,2.2,84.4
TURB010,FARM10,2026-01-01T06:05:00Z,2026-01-01T06:07:00Z,3217.3,11.1,15.6,2.2,84.5
TURB010,FARM10,2026-01-01T06:10:00Z,2026-01-01T06:14:00Z,3110.2,10.8,15.3,2.2,84.5
TURB010,FARM10,2026-01-01T06:15:00Z,2026-01-01T06:16:00Z,2980.3,10.4,14.9,2.3,84.4
TURB010,FARM10,2026-01-01T06:25:00Z,2026-01-01T06:30:00Z,2753.2,9.6,14.1,2.5,84.2
TURB010,FARM10,2026-01-01T06:30:00Z,2026-01-01T06:32:00Z,2613.7,9.1,13.7,2.7,83.9
TURB010,FARM10,2026-01-01T06:35:00Z,2026-01-01T06:39:00Z,2511.4,8.7,13.3,2.8,83.7
TURB010,FARM10,2026-01-01T06:40:00Z,2026-01-01T06:41:00Z,2406.0,8.3,12.9,3.0,83.6
TURB010,FARM10,2026-01-01T06:45:00Z,2026-01-01T06:48:00Z,2293.7,7.9,12.6,3.2,83.3
TURB010,FARM10,2026-01-01T06:50:00Z,2026-01-01T06:55:00Z,2207.0,7.6,12.3,3.3,83.2
TURB010,FARM10,2026-01-01T06:55:00Z,2026-01-01T06:57:00Z,2143.8,7.4,12.1,3.5,83.1
TURB010,FARM10,2026-01-01T07:00:00Z,2026-01-01T07:04:00Z,2067.2,7.2,11.9,3.7,83.0
TURB010,FARM10,2026-01-01T07:05:00Z,2026-01-01T07:06:00Z,2013.7,7.1,11.8,3.8,82.9
TURB010,FARM10,2026-01-01T07:10:00Z,2026-01-01T07:13:00Z,1985.0,7.1,11.8,3.9,82.9
TURB010,FARM10,2026-01-01T07:15:00Z,2026-01-01T07:20:00Z,1984.1,7.2,11.9,4.0,83.0
TURB010,FARM10,2026-01-01T07:20:00Z,2026-01-01T07:22:00Z,1978.9,7.3,12.0,4.1,83.0
TURB010,FARM10,2026-01-01T07:25:00Z,2026-01-01T07:29:00Z,2045.6,7.6,12.3,4.1,83.2
TURB010,FARM10,2026-01-01T07:30:00Z,2026-01-01T07:31:00Z,2116.4,7.9,12.6,4.2,83.4
TURB010,FARM10,2026-01-01T07:35:00Z,2026-01-01T07:38:00Z,2231.3,8.3,12.9,4.2,83.6
TURB010,FARM10,2026-01-01T07:40:00Z,2026-01-01T07:45:00Z,2357.3,8.7,13.3,4.2,83.8
TURB010,FARM10,2026-01-01T07:45:00Z,2026-01-01T07:47:00Z,2496.1,9.1,13.7,4.1,84.0
TURB010,FARM10,2026-01-01T07:50:00Z,2026-01-01T07:54:00Z,2648.4,9.5,14.1,4.1,84.1
TURB010,FARM10,2026-01-01T07:55:00Z,2026-01-01T07:56:00Z,2849.2,10.0,14.5,4.0,84.3
TURB010,FARM10,2026-01-01T08:00:00Z,2026-01-01T08:03:00Z,3024.5,10.4,14.9,3.9,84.4
TURB010,FARM10,2026-01-01T08:05:00Z,2026-01-01T08:10:00Z,3206.9,10.8,15.3,3.8,84.5
TURB010,FARM10,2026-01-01T08:10:00Z,2026-01-01T08:12:00Z,3356.6,11.1,15.5,3.7,84.5
TURB010,FARM10,2026-01-01T08:15:00Z,2026-01-01T08:19:00Z,3500.0,11.4,15.8,3.6,84.5
TURB010,FARM10,2026-01-01T08:20:00Z,2026-01-01T08:21:00Z,3500.0,11.6,16.0,3.5,84.4
TURB010,FARM10,2026-01-01T08:25:00Z,2026-01-01T08:28:00Z,3500.0,11.7,16.1,3.4,84.2
TURB010,FARM10,2026-01-01T08:30:00Z,2026-01-01T08:35:00Z,3500.0,11.8,16.2,3.3,84.0
TURB010,FARM10,2026-01-01T08:35:00Z,2026-01-01T08:37:00Z,3500.0,11.7,16.1,3.2,83.6
TURB010,FARM10,2026-01-01T08:40:00Z,2026-01-01T08:44:00Z,3500.0,11.6,16.0,3.1,83.2
TURB010,FARM10,2026-01-01T08:45:00Z,2026-01-01T08:46:00Z,3500.0,11.3,15.8,3.1,82.6
TURB010,FARM10,2026-01-01T08:50:00Z,2026-01-01T08:53:00Z,3369.6,11.0,15.5,3.0,82.1
TURB010,FARM10,2026-01-01T09:00:00Z,2026-01-01T09:02:00Z,3036.0,10.3,14.8,2.9,81.0
TURB010,FARM10,2026-01-01T09:05:00Z,2026-01-01T09:09:00Z,2816.5,9.8,14.4,2.9,80.3
TURB010,FARM10,2026-01-01T09:10:00Z,2026-01-01T09:11:00Z,2603.3,9.3,13.9,2.9,79.7
TURB010,FARM10,2026-01-01T09:15:00Z,2026-01-01T09:18:00Z,2435.9,8.9,13.6,2.9,79.2
TURB010,FARM10,2026-01-01T09:20:00Z,2026-01-01T09:25:00Z,2244.8,8.4,13.1,3.0,78.6
TURB010,FARM10,2026-01-01T09:25:00Z,2026-01-01T09:27:00Z,2067.0,7.9,12.7,3.0,78.1
TURB010,FARM10,2026-01-01T09:30:00Z,2026-01-01T09:34:00Z,1938.3,7.5,12.3,3.0,77.7
TURB010,FARM10,2026-01-01T09:35:00Z,2026-01-01T09:36:00Z,1857.2,7.2,12.0,3.1,77.5
TURB010,FARM10,2026-01-01T09:40:00Z,2026-01-01T09:58:00Z,1784.9,6.9,11.7,3.1,77.2
TURB010,FARM10,2026-01-01T09:45:00Z,2026-01-01T09:50:00Z,1753.6,6.7,11.5,3.2,77.2
TURB010,FARM10,2026-01-01T09:50:00Z,2026-01-01T09:52:00Z,1723.2,6.5,11.4,3.2,77.1
TURB010,FARM10,2026-01-01T09:55:00Z,2026-01-01T09:59:00Z,1761.4,6.5,11.4,3.3,77.3
TURB010,FARM10,2026-01-01T10:00:00Z,2026-01-01T10:01:00Z,1792.2,6.5,11.4,3.3,77.5
TURB010,FARM10,2026-01-01T10:05:00Z,2026-01-01T10:08:00Z,1848.4,6.6,11.5,3.4,77.8
TURB010,FARM10,2026-01-01T10:10:00Z,2026-01-01T10:15:00Z,1928.0,6.8,11.7,3.4,78.3
TURB010,FARM10,2026-01-01T10:15:00Z,2026-01-01T10:17:00Z,2030.1,7.1,12.0,3.4,78.9
TURB010,FARM10,2026-01-01T10:20:00Z,2026-01-01T10:24:00Z,2119.4,7.4,12.3,3.5,79.5
TURB010,FARM10,2026-01-01T10:25:00Z,2026-01-01T10:26:00Z,2233.8,7.8,12.6,3.5,80.2
TURB010,FARM10,2026-01-01T10:30:00Z,2026-01-01T10:33:00Z,2340.3,8.2,13.0,3.5,80.9
TURB010,FARM10,2026-01-01T10:35:00Z,2026-01-01T10:40:00Z,2478.9,8.7,13.5,3.5,81.7
TURB010,FARM10,2026-01-01T10:40:00Z,2026-01-01T10:42:00Z,2581.8,9.1,13.9,3.5,82.4
TURB010,FARM10,2026-01-01T10:45:00Z,2026-01-01T10:49:00Z,2689.3,9.5,14.2,3.6,83.2
TURB010,FARM10,2026-01-01T10:50:00Z,2026-01-01T10:51:00Z,2769.1,9.8,14.5,3.6,83.8
TURB010,FARM10,2026-01-01T10:55:00Z,2026-01-01T10:58:00Z,2896.2,10.2,14.9,3.6,84.5
TURB010,FARM10,2026-01-01T11:00:00Z,2026-01-01T11:05:00Z,2964.3,10.4,15.1,3.7,84.9
TURB010,FARM10,2026-01-01T11:05:00Z,2026-01-01T11:07:00Z,3045.8,10.6,15.3,3.7,85.4
TURB010,FARM10,2026-01-01T11:10:00Z,2026-01-01T11:14:00Z,3103.8,10.7,15.4,3.7,85.7
TURB010,FARM10,2026-01-01T11:15:00Z,2026-01-01T11:16:00Z,3171.9,10.8,15.5,3.8,86.0
TURB010,FARM10,2026-01-01T11:20:00Z,2026-01-01T11:23:00Z,3174.8,10.7,15.4,3.8,86.1
TURB010,FARM10,2026-01-01T11:25:00Z,2026-01-01T11:30:00Z,3180.6,10.6,15.3,3.9,86.2
TURB010,FARM10,2026-01-01T11:35:00Z,2026-01-01T11:39:00Z,3075.4,10.1,14.8,3.9,85.8
TURB010,FARM10,2026-01-01T11:40:00Z,2026-01-01T11:41:00Z,2956.7,9.7,14.5,4.0,85.5
TURB010,FARM10,2026-01-01T11:45:00Z,2026-01-01T11:48:00Z,2826.2,9.3,14.1,4.0,85.1
TURB010,FARM10,2026-01-01T11:50:00Z,2026-01-01T11:55:00Z,2682.4,8.9,13.7,4.1,84.7
TURB010,FARM10,2026-01-01T11:55:00Z,2026-01-01T11:57:00Z,2489.3,8.4,13.3,4.1,84.1
TURB010,FARM10,2026-01-01T12:00:00Z,2026-01-01T12:04:00Z,2284.3,7.9,12.8,4.1,83.5
TURB010,FARM10,2026-01-01T12:05:00Z,2026-01-01T12:06:00Z,2106.0,7.5,12.5,4.1,83.0
TURB010,FARM10,2026-01-01T12:10:00Z,2026-01-01T12:13:00Z,1885.9,7.0,12.0,4.1,82.3
TURB010,FARM10,2026-01-01T12:15:00Z,2026-01-01T12:20:00Z,1736.1,6.7,11.7,4.0,81.8
TURB010,FARM10,2026-01-01T12:20:00Z,2026-01-01T12:22:00Z,1553.0,6.3,11.4,4.0,81.2
TURB010,FARM10,2026-01-01T12:25:00Z,2026-01-01T12:29:00Z,1412.6,6.0,11.1,4.0,80.6
TURB010,FARM10,2026-01-01T12:30:00Z,2026-01-01T12:31:00Z,1354.3,5.9,11.0,3.9,80.3
TURB010,FARM10,2026-01-01T12:35:00Z,2026-01-01T12:38:00Z,1344.4,5.9,11.0,3.7,80.0
TURB010,FARM10,2026-01-01T12:40:00Z,2026-01-01T12:45:00Z,1347.9,5.9,10.9,3.6,79.7
TURB010,FARM10,2026-01-01T12:45:00Z,2026-01-01T12:47:00Z,1364.4,5.9,11.0,3.6,79.4
TURB010,FARM10,2026-01-01T12:50:00Z,2026-01-01T12:54:00Z,1392.3,5.9,11.0,3.5,79.1
TURB010,FARM10,2026-01-01T12:55:00Z,2026-01-01T12:56:00Z,1500.6,6.1,11.2,3.4,78.9
TURB010,FARM10,2026-01-01T13:00:00Z,2026-01-01T13:03:00Z,1649.6,6.4,11.5,3.3,78.9
TURB010,FARM10,2026-01-01T13:05:00Z,2026-01-01T13:10:00Z,1835.1,6.8,11.8,3.1,79.0
TURB010,FARM10,2026-01-01T13:10:00Z,2026-01-01T13:12:00Z,2016.7,7.2,12.2,3.0,79.1
TURB010,FARM10,2026-01-01T13:15:00Z,2026-01-01T13:19:00Z,2226.6,7.7,12.7,2.9,79.3
TURB010,FARM10,2026-01-01T13:20:00Z,2026-01-01T13:21:00Z,2389.7,8.1,13.0,2.9,79.5
TURB010,FARM10,2026-01-01T13:25:00Z,2026-01-01T13:28:00Z,2576.0,8.6,13.5,2.8,79.7
TURB010,FARM10,2026-01-01T13:30:00Z,2026-01-01T13:35:00Z,2712.8,9.0,13.9,2.8,79.9
TURB010,FARM10,2026-01-01T13:35:00Z,2026-01-01T13:37:00Z,2837.0,9.4,14.2,2.8,80.1
TURB010,FARM10,2026-01-01T13:40:00Z,2026-01-01T13:44:00Z,2950.5,9.8,14.6,2.8,80.3
TURB010,FARM10,2026-01-01T13:45:00Z,2026-01-01T13:46:00Z,3020.5,10.1,14.9,2.8,80.5
TURB010,FARM10,2026-01-01T13:50:00Z,2026-01-01T13:53:00Z,3086.9,10.4,15.1,2.8,80.7
TURB010,FARM10,2026-01-01T13:55:00Z,2026-01-01T14:00:00Z,3082.1,10.5,15.2,2.9,80.7
TURB010,FARM10,2026-01-01T14:00:00Z,2026-01-01T14:02:00Z,3082.2,10.6,15.3,3.0,80.8
TURB010,FARM10,2026-01-01T14:10:00Z,2026-01-01T14:11:00Z,3003.3,10.5,15.2,3.3,80.8
TURB010,FARM10,2026-01-01T14:15:00Z,2026-01-01T14:18:00Z,2964.6,10.4,15.1,3.4,80.7
TURB010,FARM10,2026-01-01T14:20:00Z,2026-01-01T14:25:00Z,2867.4,10.1,14.9,3.6,80.6
TURB010,FARM10,2026-01-01T14:25:00Z,2026-01-01T14:27:00Z,2782.4,9.8,14.6,3.8,80.4
TURB010,FARM10,2026-01-01T14:30:00Z,2026-01-01T14:34:00Z,2707.3,9.5,14.3,3.9,80.3
TURB010,FARM10,2026-01-01T14:35:00Z,2026-01-01T14:36:00Z,2602.7,9.1,13.9,4.1,80.1
TURB010,FARM10,2026-01-01T14:40:00Z,2026-01-01T14:43:00Z,2500.5,8.7,13.5,4.2,79.9
TURB010,FARM10,2026-01-01T14:45:00Z,2026-01-01T14:50:00Z,2360.4,8.2,13.1,4.4,79.7
TURB010,FARM10,2026-01-01T14:50:00Z,2026-01-01T14:52:00Z,2250.3,7.8,12.7,4.5,79.6
TURB010,FARM10,2026-01-01T14:55:00Z,2026-01-01T14:59:00Z,2130.6,7.4,12.3,4.6,79.4
TURB010,FARM10,2026-01-01T15:00:00Z,2026-01-01T15:01:00Z,2034.8,7.1,12.0,4.6,79.5
TURB010,FARM10,2026-01-01T15:05:00Z,2026-01-01T15:08:00Z,1925.7,6.8,11.7,4.7,79.5
TURB010,FARM10,2026-01-01T15:10:00Z,2026-01-01T15:15:00Z,1803.4,6.5,11.4,4.7,79.5
TURB010,FARM10,2026-01-01T15:15:00Z,2026-01-01T15:17:00Z,1741.4,6.4,11.3,4.7,79.7
TURB010,FARM10,2026-01-01T15:20:00Z,2026-01-01T15:24:00Z,1670.4,6.3,11.2,4.6,79.9
TURB010,FARM10,2026-01-01T15:25:00Z,2026-01-01T15:26:00Z,1629.9,6.3,11.2,4.5,80.2
TURB010,FARM10,2026-01-01T15:30:00Z,2026-01-01T15:33:00Z,1624.2,6.4,11.3,4.4,80.6
TURB010,FARM10,2026-01-01T15:35:00Z,2026-01-01T15:40:00Z,1657.6,6.6,11.5,4.2,81.1
TURB010,FARM10,2026-01-01T15:40:00Z,2026-01-01T15:42:00Z,1698.0,6.8,11.7,4.0,81.6
TURB010,FARM10,2026-01-01T15:45:00Z,2026-01-01T15:49:00Z,1784.8,7.1,12.0,3.9,82.1
TURB010,FARM10,2026-01-01T15:50:00Z,2026-01-01T15:51:00Z,1920.1,7.5,12.3,3.6,82.7
TURB010,FARM10,2026-01-01T15:55:00Z,2026-01-01T15:58:00Z,2104.9,8.0,12.8,3.4,83.4
TURB010,FARM10,2026-01-01T16:00:00Z,2026-01-01T16:05:00Z,2266.6,8.4,13.1,3.2,83.9
TURB010,FARM10,2026-01-01T16:05:00Z,2026-01-01T16:07:00Z,2475.4,8.9,13.6,3.0,84.6
TURB010,FARM10,2026-01-01T16:10:00Z,2026-01-01T16:14:00Z,2692.3,9.4,14.1,2.8,85.1
TURB010,FARM10,2026-01-01T16:15:00Z,2026-01-01T16:16:00Z,2913.6,9.9,14.5,2.6,85.7
TURB010,FARM10,2026-01-01T16:20:00Z,2026-01-01T16:23:00Z,3098.9,10.3,14.9,2.4,86.1
TURB010,FARM10,2026-01-01T16:25:00Z,2026-01-01T16:30:00Z,3279.9,10.7,15.2,2.3,86.5
TURB010,FARM10,2026-01-01T16:30:00Z,2026-01-01T16:32:00Z,3416.9,11.0,15.5,2.2,86.7
TURB010,FARM10,2026-01-01T16:35:00Z,2026-01-01T16:39:00Z,3500.0,11.3,15.8,2.1,86.9
TURB010,FARM10,2026-01-01T16:45:00Z,2026-01-01T16:48:00Z,3500.0,11.6,16.1,2.1,86.9
TURB010,FARM10,2026-01-01T16:50:00Z,2026-01-01T16:55:00Z,3500.0,11.6,16.0,2.1,86.7
TURB010,FARM10,2026-01-01T16:55:00Z,2026-01-01T16:57:00Z,3500.0,11.5,16.0,2.2,86.4
TURB010,FARM10,2026-01-01T17:00:00Z,2026-01-01T17:04:00Z,3484.6,11.4,15.8,2.3,86.1
TURB010,FARM10,2026-01-01T17:05:00Z,2026-01-01T17:06:00Z,3334.9,11.1,15.6,2.4,85.5
TURB010,FARM10,2026-01-01T17:10:00Z,2026-01-01T17:13:00Z,3186.4,10.8,15.3,2.6,84.9
TURB010,FARM10,2026-01-01T17:15:00Z,2026-01-01T17:20:00Z,3043.2,10.5,15.0,2.8,84.3
TURB010,FARM10,2026-01-01T17:20:00Z,2026-01-01T17:22:00Z,2873.0,10.1,14.6,3.0,83.6
TURB010,FARM10,2026-01-01T17:25:00Z,2026-01-01T17:29:00Z,2714.4,9.7,14.2,3.2,82.9
TURB010,FARM10,2026-01-01T17:30:00Z,2026-01-01T17:31:00Z,2533.1,9.2,13.8,3.4,82.1
TURB010,FARM10,2026-01-01T17:35:00Z,2026-01-01T17:38:00Z,2401.1,8.8,13.4,3.6,81.4
TURB010,FARM10,2026-01-01T17:40:00Z,2026-01-01T17:45:00Z,2281.2,8.4,13.0,3.9,80.6
TURB010,FARM10,2026-01-01T17:45:00Z,2026-01-01T17:47:00Z,2170.8,8.0,12.7,4.1,79.9
TURB010,FARM10,2026-01-01T17:50:00Z,2026-01-01T17:54:00Z,2102.6,7.7,12.4,4.2,79.4
TURB010,FARM10,2026-01-01T17:55:00Z,2026-01-01T17:56:00Z,2036.5,7.4,12.1,4.4,78.8
TURB010,FARM10,2026-01-01T18:00:00Z,2026-01-01T18:03:00Z,2003.9,7.2,11.9,4.5,78.3
TURB010,FARM10,2026-01-01T18:05:00Z,2026-01-01T18:10:00Z,2001.0,7.1,11.8,4.6,78.0
TURB010,FARM10,2026-01-01T18:10:00Z,2026-01-01T18:12:00Z,2024.3,7.1,11.8,4.6,77.8
TURB010,FARM10,2026-01-01T18:15:00Z,2026-01-01T18:19:00Z,2035.3,7.1,11.8,4.7,77.6
TURB010,FARM10,2026-01-01T18:20:00Z,2026-01-01T18:21:00Z,2104.9,7.3,12.0,4.6,77.7
TURB010,FARM10,2026-01-01T18:25:00Z,2026-01-01T18:28:00Z,2161.4,7.5,12.2,4.6,77.8
TURB010,FARM10,2026-01-01T18:30:00Z,2026-01-01T18:48:00Z,2242.4,7.8,12.5,4.5,78.0
TURB010,FARM10,2026-01-01T18:35:00Z,2026-01-01T18:37:00Z,2350.7,8.2,12.8,4.3,78.4
TURB010,FARM10,2026-01-01T18:40:00Z,2026-01-01T18:44:00Z,2417.9,8.5,13.1,4.2,78.7
TURB010,FARM10,2026-01-01T18:45:00Z,2026-01-01T18:46:00Z,2556.3,9.0,13.6,4.0,79.2
TURB010,FARM10,2026-01-01T18:50:00Z,2026-01-01T18:53:00Z,2662.2,9.4,14.0,3.8,79.7
TURB010,FARM10,2026-01-01T18:55:00Z,2026-01-01T19:00:00Z,2811.5,9.9,14.4,3.6,80.3
TURB010,FARM10,2026-01-01T19:00:00Z,2026-01-01T19:02:00Z,2935.4,10.3,14.8,3.4,80.9
TURB010,FARM10,2026-01-01T19:05:00Z,2026-01-01T19:09:00Z,3072.0,10.7,15.2,3.2,81.5
TURB010,FARM10,2026-01-01T19:10:00Z,2026-01-01T19:11:00Z,3222.0,11.1,15.5,3.0,82.1
TURB010,FARM10,2026-01-01T19:20:00Z,2026-01-01T19:25:00Z,3450.6,11.6,16.0,2.6,83.0
TURB010,FARM10,2026-01-01T19:25:00Z,2026-01-01T19:27:00Z,3500.0,11.7,16.1,2.5,83.4
TURB010,FARM10,2026-01-01T19:30:00Z,2026-01-01T19:34:00Z,3500.0,11.8,16.2,2.4,83.8
TURB010,FARM10,2026-01-01T19:35:00Z,2026-01-01T19:36:00Z,3500.0,11.8,16.2,2.3,84.1
TURB010,FARM10,2026-01-01T19:40:00Z,2026-01-01T19:43:00Z,3500.0,11.6,16.0,2.2,84.2
TURB010,FARM10,2026-01-01T19:45:00Z,2026-01-01T19:50:00Z,3500.0,11.4,15.8,2.2,84.3
TURB010,FARM10,2026-01-01T19:50:00Z,2026-01-01T19:52:00Z,3500.0,11.2,15.7,2.2,84.5
TURB010,FARM10,2026-01-01T19:55:00Z,2026-01-01T19:59:00Z,3367.7,10.8,15.3,2.2,84.4
TURB010,FARM10,2026-01-01T20:00:00Z,2026-01-01T20:01:00Z,3214.0,10.4,14.9,2.3,84.3
TURB010,FARM10,2026-01-01T20:05:00Z,2026-01-01T20:08:00Z,3047.9,10.0,14.6,2.4,84.2
TURB010,FARM10,2026-01-01T20:10:00Z,2026-01-01T20:15:00Z,2835.7,9.5,14.1,2.5,84.0
TURB010,FARM10,2026-01-01T20:15:00Z,2026-01-01T20:17:00Z,2616.7,9.0,13.6,2.7,83.7
TURB010,FARM10,2026-01-01T20:20:00Z,2026-01-01T20:24:00Z,2395.0,8.5,13.2,2.8,83.5
TURB010,FARM10,2026-01-01T20:25:00Z,2026-01-01T20:26:00Z,2210.8,8.1,12.8,3.0,83.3
TURB010,FARM10,2026-01-01T20:30:00Z,2026-01-01T20:33:00Z,2032.3,7.7,12.4,3.2,83.1
TURB010,FARM10,2026-01-01T20:35:00Z,2026-01-01T20:40:00Z,1863.1,7.3,12.1,3.4,82.8
TURB010,FARM10,2026-01-01T20:40:00Z,2026-01-01T20:42:00Z,1741.7,7.0,11.8,3.5,82.6
TURB010,FARM10,2026-01-01T20:45:00Z,2026-01-01T20:49:00Z,1669.7,6.8,11.6,3.7,82.5
TURB010,FARM10,2026-01-01T20:50:00Z,2026-01-01T20:51:00Z,1610.9,6.6,11.5,3.9,82.4
TURB010,FARM10,2026-01-01T20:55:00Z,2026-01-01T20:58:00Z,1600.0,6.5,11.4,4.0,82.3
TURB010,FARM10,2026-01-01T21:00:00Z,2026-01-01T21:05:00Z,1670.4,6.6,11.5,4.1,82.4
TURB010,FARM10,2026-01-01T21:05:00Z,2026-01-01T21:07:00Z,1746.6,6.7,11.6,4.2,82.4
TURB010,FARM10,2026-01-01T21:10:00Z,2026-01-01T21:14:00Z,1824.4,6.8,11.7,4.3,82.4
TURB010,FARM10,2026-01-01T21:15:00Z,2026-01-01T21:16:00Z,1971.4,7.1,12.0,4.3,82.6
TURB010,FARM10,2026-01-01T21:20:00Z,2026-01-01T21:23:00Z,2111.7,7.4,12.2,4.4,82.7
TURB010,FARM10,2026-01-01T21:25:00Z,2026-01-01T21:30:00Z,2277.9,7.8,12.6,4.3,83.0
TURB010,FARM10,2026-01-01T21:30:00Z,2026-01-01T21:32:00Z,2431.6,8.2,13.0,4.3,83.1
TURB010,FARM10,2026-01-01T21:35:00Z,2026-01-01T21:39:00Z,2572.0,8.6,13.4,4.3,83.3
TURB010,FARM10,2026-01-01T21:40:00Z,2026-01-01T21:41:00Z,2699.3,9.0,13.8,4.2,83.4
TURB010,FARM10,2026-01-01T21:45:00Z,2026-01-01T21:48:00Z,2815.4,9.4,14.1,4.1,83.6
TURB010,FARM10,2026-01-01T21:55:00Z,2026-01-01T21:57:00Z,2989.9,10.1,14.8,3.9,83.6
TURB010,FARM10,2026-01-01T22:00:00Z,2026-01-01T22:04:00Z,3056.5,10.4,15.1,3.8,83.6
TURB010,FARM10,2026-01-01T22:05:00Z,2026-01-01T22:06:00Z,3090.9,10.6,15.3,3.7,83.5
TURB010,FARM10,2026-01-01T22:10:00Z,2026-01-01T22:13:00Z,3133.1,10.8,15.5,3.6,83.4
TURB010,FARM10,2026-01-01T22:15:00Z,2026-01-01T22:20:00Z,3114.2,10.8,15.5,3.5,83.1
TURB010,FARM10,2026-01-01T22:20:00Z,2026-01-01T22:22:00Z,3108.0,10.8,15.5,3.4,82.8
TURB010,FARM10,2026-01-01T22:25:00Z,2026-01-01T22:29:00Z,3079.3,10.7,15.4,3.3,82.4
TURB010,FARM10,2026-01-01T22:30:00Z,2026-01-01T22:31:00Z,3027.3,10.5,15.2,3.3,81.9
TURB010,FARM10,2026-01-01T22:35:00Z,2026-01-01T22:38:00Z,2949.9,10.2,14.9,3.2,81.4
TURB010,FARM10,2026-01-01T22:40:00Z,2026-01-01T22:45:00Z,2880.0,9.9,14.7,3.2,80.8
TURB010,FARM10,2026-01-01T22:45:00Z,2026-01-01T22:47:00Z,2777.5,9.5,14.3,3.1,80.2
TURB010,FARM10,2026-01-01T22:50:00Z,2026-01-01T22:54:00Z,2638.3,9.0,13.8,3.1,79.6
TURB010,FARM10,2026-01-01T22:55:00Z,2026-01-01T23:13:00Z,2530.1,8.6,13.5,3.1,79.0
TURB010,FARM10,2026-01-01T23:00:00Z,2026-01-01T23:03:00Z,2377.2,8.1,13.0,3.1,78.4
TURB010,FARM10,2026-01-01T23:05:00Z,2026-01-01T23:10:00Z,2212.8,7.6,12.6,3.2,77.8
TURB010,FARM10,2026-01-01T23:10:00Z,2026-01-01T23:12:00Z,2071.3,7.2,12.2,3.2,77.4
TURB010,FARM10,2026-01-01T23:15:00Z,2026-01-01T23:19:00Z,1916.4,6.8,11.8,3.2,77.0
TURB010,FARM10,2026-01-01T23:20:00Z,2026-01-01T23:21:00Z,1749.3,6.4,11.4,3.3,76.6
TURB010,FARM10,2026-01-01T23:25:00Z,2026-01-01T23:28:00Z,1608.3,6.1,11.2,3.3,76.4
TURB010,FARM10,2026-01-01T23:30:00Z,2026-01-01T23:35:00Z,1496.8,5.9,11.0,3.3,76.3
TURB010,FARM10,2026-01-01T23:35:00Z,2026-01-01T23:37:00Z,1455.0,5.9,11.0,3.4,76.5
TURB010,FARM10,2026-01-01T23:40:00Z,2026-01-01T23:44:00Z,1415.2,5.9,10.9,3.4,76.6
TURB010,FARM10,2026-01-01T23:45:00Z,2026-01-01T23:46:00Z,1381.4,5.9,11.0,3.4,76.8
TURB010,FARM10,2026-01-01T23:50:00Z,2026-01-01T23:53:00Z,1357.2,5.9,11.0,3.5,77.1
TURB010,FARM10,2026-01-01T23:55:00Z,2026-01-02T00:00:00Z,1417.1,6.1,11.2,3.5,77.5
TURB010,FARM10,2026-01-02T00:00:00Z,2026-01-02T00:02:00Z,1526.4,6.4,11.4,3.5,78.1
TURB010,FARM10,2026-01-02T00:05:00Z,2026-01-02T00:09:00Z,1648.8,6.7,11.7,3.6,78.7
TURB010,FARM10,2026-01-02T00:10:00Z,2026-01-02T00:11:00Z,1818.9,7.1,12.1,3.6,79.4
TURB010,FARM10,2026-01-02T00:15:00Z,2026-01-02T00:18:00Z,1998.0,7.5,12.5,3.6,80.1
TURB010,FARM10,2026-01-02T00:20:00Z,2026-01-02T00:25:00Z,2218.6,8.0,12.9,3.6,80.9
TURB010,FARM10,2026-01-02T00:25:00Z,2026-01-02T00:27:00Z,2404.3,8.4,13.3,3.7,81.6
TURB010,FARM10,2026-01-02T00:30:00Z,2026-01-02T00:34:00Z,2622.8,8.9,13.8,3.7,82.4
TURB010,FARM10,2026-01-02T00:35:00Z,2026-01-02T00:36:00Z,2798.3,9.3,14.1,3.7,83.2
TURB010,FARM10,2026-01-02T00:40:00Z,2026-01-02T00:43:00Z,2963.3,9.7,14.5,3.7,83.9
TURB010,FARM10,2026-01-02T00:45:00Z,2026-01-02T00:50:00Z,3079.9,10.0,14.8,3.7,84.4
TURB010,FARM10,2026-01-02T00:50:00Z,2026-01-02T00:52:00Z,3183.0,10.3,15.1,3.7,85.0
TURB010,FARM10,2026-01-02T00:55:00Z,2026-01-02T00:59:00Z,3237.1,10.5,15.2,3.8,85.4
TURB010,FARM10,2026-01-02T01:00:00Z,2026-01-02T01:01:00Z,3244.2,10.6,15.3,3.8,85.8
TURB010,FARM10,2026-01-02T01:05:00Z,2026-01-02T01:08:00Z,3207.2,10.6,15.3,3.8,85.9
TURB010,FARM10,2026-01-02T01:10:00Z,2026-01-02T01:15:00Z,3130.0,10.5,15.2,3.9,86.0
TURB010,FARM10,2026-01-02T01:15:00Z,2026-01-02T01:17:00Z,3052.7,10.4,15.1,3.9,86.0
TURB010,FARM10,2026-01-02T01:20:00Z,2026-01-02T01:24:00Z,2943.7,10.2,14.9,3.9,85.9
TURB010,FARM10,2026-01-02T01:25:00Z,2026-01-02T01:26:00Z,2806.8,9.9,14.7,4.0,85.7
TURB010,FARM10,2026-01-02T01:30:00Z,2026-01-02T01:33:00Z,2645.0,9.5,14.3,4.0,85.3
TURB010,FARM10,2026-01-02T01:35:00Z,2026-01-02T01:40:00Z,2532.1,9.2,14.0,4.0,85.0
TURB010,FARM10,2026-01-02T01:40:00Z,2026-01-02T01:42:00Z,2360.7,8.7,13.5,4.0,84.4
TURB010,FARM10,2026-01-02T01:45:00Z,2026-01-02T01:49:00Z,2237.8,8.3,13.2,4.0,83.9
TURB010,FARM10,2026-01-02T01:50:00Z,2026-01-02T01:51:00Z,2125.2,7.9,12.8,4.0,83.4
TURB010,FARM10,2026-01-02T01:55:00Z,2026-01-02T01:58:00Z,2019.8,7.5,12.4,4.0,82.9
TURB010,FARM10,2026-01-02T02:00:00Z,2026-01-02T02:05:00Z,1917.5,7.1,12.0,4.0,82.3
TURB010,FARM10,2026-01-02T02:05:00Z,2026-01-02T02:07:00Z,1850.0,6.8,11.7,3.9,81.8
TURB010,FARM10,2026-01-02T02:10:00Z,2026-01-02T02:14:00Z,1777.1,6.5,11.5,3.9,81.2
TURB010,FARM10,2026-01-02T02:15:00Z,2026-01-02T02:16:00Z,1767.3,6.4,11.3,3.8,80.9
TURB010,FARM10,2026-01-02T02:20:00Z,2026-01-02T02:23:00Z,1745.7,6.3,11.2,3.7,80.5
TURB010,FARM10,2026-01-02T02:25:00Z,2026-01-02T02:30:00Z,1710.9,6.2,11.2,3.6,80.1
TURB010,FARM10,2026-01-02T02:30:00Z,2026-01-02T02:32:00Z,1734.7,6.3,11.2,3.5,79.9
TURB010,FARM10,2026-01-02T02:35:00Z,2026-01-02T02:39:00Z,1782.5,6.5,11.4,3.4,79.8
TURB010,FARM10,2026-01-02T02:40:00Z,2026-01-02T02:41:00Z,1820.8,6.7,11.6,3.3,79.6
TURB010,FARM10,2026-01-02T02:45:00Z,2026-01-02T02:48:00Z,1888.9,7.0,11.9,3.1,79.6
TURB010,FARM10,2026-01-02T02:50:00Z,2026-01-02T02:55:00Z,1991.1,7.4,12.2,3.0,79.7
TURB010,FARM10,2026-01-02T02:55:00Z,2026-01-02T02:57:00Z,2095.7,7.8,12.6,2.9,79.8
TURB010,FARM10,2026-01-02T03:00:00Z,2026-01-02T03:04:00Z,2242.7,8.3,13.0,2.8,80.0
TURB010,FARM10,2026-01-02T03:05:00Z,2026-01-02T03:06:00Z,2363.6,8.7,13.4,2.7,80.1
TURB010,FARM10,2026-01-02T03:10:00Z,2026-01-02T03:13:00Z,2532.7,9.2,13.9,2.7,80.4
TURB010,FARM10,2026-01-02T03:15:00Z,2026-01-02T03:20:00Z,2715.2,9.7,14.3,2.6,80.7
TURB010,FARM10,2026-01-02T03:20:00Z,2026-01-02T03:38:00Z,2910.8,10.2,14.8,2.6,81.0
TURB010,FARM10,2026-01-02T03:25:00Z,2026-01-02T03:29:00Z,3081.9,10.6,15.2,2.5,81.2
TURB010,FARM10,2026-01-02T03:30:00Z,2026-01-02T03:31:00Z,3225.7,10.9,15.4,2.6,81.3
TURB010,FARM10,2026-01-02T03:35:00Z,2026-01-02T03:38:00Z,3374.5,11.2,15.7,2.6,81.5
TURB010,FARM10,2026-01-02T03:40:00Z,2026-01-02T03:45:00Z,3488.1,11.4,15.9,2.7,81.6
TURB010,FARM10,2026-01-02T03:45:00Z,2026-01-02T03:47:00Z,3500.0,11.5,16.0,2.8,81.7
TURB010,FARM10,2026-01-02T03:50:00Z,2026-01-02T03:54:00Z,3500.0,11.6,16.1,2.9,81.8
TURB010,FARM10,2026-01-02T03:55:00Z,2026-01-02T03:56:00Z,3500.0,11.5,16.0,3.0,81.7
TURB010,FARM10,2026-01-02T04:00:00Z,2026-01-02T04:03:00Z,3500.0,11.4,15.9,3.2,81.7
TURB010,FARM10,2026-01-02T04:05:00Z,2026-01-02T04:10:00Z,3500.0,11.2,15.7,3.3,81.6
TURB010,FARM10,2026-01-02T04:10:00Z,2026-01-02T04:12:00Z,3378.8,10.9,15.4,3.5,81.4
TURB010,FARM10,2026-01-02T04:15:00Z,2026-01-02T04:19:00Z,3205.0,10.5,15.0,3.7,81.2
TURB010,FARM10,2026-01-02T04:20:00Z,2026-01-02T04:21:00Z,3059.4,10.2,14.7,3.8,81.1
TURB010,FARM10,2026-01-02T04:25:00Z,2026-01-02T04:28:00Z,2838.0,9.7,14.3,4.0,80.8
TURB010,FARM10,2026-01-02T04:30:00Z,2026-01-02T04:35:00Z,2652.9,9.3,13.9,4.1,80.7
TURB010,FARM10,2026-01-02T04:35:00Z,2026-01-02T04:37:00Z,2472.6,8.9,13.5,4.2,80.6
TURB010,FARM10,2026-01-02T04:40:00Z,2026-01-02T04:44:00Z,2300.6,8.5,13.1,4.3,80.4
TURB010,FARM10,2026-01-02T04:45:00Z,2026-01-02T04:46:00Z,2140.0,8.1,12.8,4.4,80.3
TURB010,FARM10,2026-01-02T04:50:00Z,2026-01-02T04:53:00Z,1992.4,7.7,12.4,4.5,80.3
TURB010,FARM10,2026-01-02T04:55:00Z,2026-01-02T05:00:00Z,1930.2,7.5,12.2,4.5,80.4
TURB010,FARM10,2026-01-02T05:00:00Z,2026-01-02T05:02:00Z,1880.4,7.3,12.0,4.5,80.5
TURB010,FARM10,2026-01-02T05:05:00Z,2026-01-02T05:09:00Z,1840.7,7.1,11.8,4.4,80.6
TURB010,FARM10,2026-01-02T05:10:00Z,2026-01-02T05:11:00Z,1879.7,7.1,11.8,4.4,80.9
TURB010,FARM10,2026-01-02T05:15:00Z,2026-01-02T05:18:00Z,1921.5,7.1,11.8,4.2,81.2
TURB010,FARM10,2026-01-02T05:20:00Z,2026-01-02T05:25:00Z,1997.6,7.2,11.9,4.1,81.6
TURB010,FARM10,2026-01-02T05:25:00Z,2026-01-02T05:27:00Z,2104.1,7.4,12.1,4.0,82.1
TURB010,FARM10,2026-01-02T05:30:00Z,2026-01-02T05:34:00Z,2237.2,7.7,12.4,3.8,82.6
TURB010,FARM10,2026-01-02T05:35:00Z,2026-01-02T05:36:00Z,2394.3,8.1,12.7,3.5,83.2
TURB010,FARM10,2026-01-02T05:40:00Z,2026-01-02T05:43:00Z,2502.3,8.4,13.0,3.4,83.7
TURB010,FARM10,2026-01-02T05:45:00Z,2026-01-02T05:50:00Z,2668.9,8.9,13.5,3.1,84.4
TURB010,FARM10,2026-01-02T05:50:00Z,2026-01-02T05:52:00Z,2787.7,9.3,13.9,2.9,84.9
TURB010,FARM10,2026-01-02T05:55:00Z,2026-01-02T05:59:00Z,2933.2,9.8,14.3,2.7,85.5
TURB010,FARM10,2026-01-02T06:00:00Z,2026-01-02T06:01:00Z,3037.0,10.2,14.7,2.5,86.0
TURB010,FARM10,2026-01-02T06:05:00Z,2026-01-02T06:08:00Z,3139.2,10.6,15.1,2.4,86.4
TURB010,FARM10,2026-01-02T06:10:00Z,2026-01-02T06:15:00Z,3244.2,11.0,15.4,2.2,86.8
TURB010,FARM10,2026-01-02T06:15:00Z,2026-01-02T06:17:00Z,3320.0,11.3,15.7,2.1,87.0
TURB010,FARM10,2026-01-02T06:20:00Z,2026-01-02T06:24:00Z,3370.0,11.5,15.9,2.1,87.2
TURB010,FARM10,2026-01-02T06:25:00Z,2026-01-02T06:26:00Z,3432.3,11.7,16.1,2.0,87.2
TURB010,FARM10,2026-01-02T06:30:00Z,2026-01-02T06:33:00Z,3472.1,11.8,16.2,2.0,87.2
TURB010,FARM10,2026-01-02T06:35:00Z,2026-01-02T06:40:00Z,3488.9,11.8,16.2,2.0,87.0
TURB010,FARM10,2026-01-02T06:40:00Z,2026-01-02T06:42:00Z,3481.0,11.7,16.1,2.1,86.7
TURB010,FARM10,2026-01-02T06:45:00Z,2026-01-02T06:49:00Z,3445.4,11.5,15.9,2.2,86.3
TURB010,FARM10,2026-01-02T06:50:00Z,2026-01-02T06:51:00Z,3414.5,11.3,15.7,2.4,85.8
TURB010,FARM10,2026-01-02T07:00:00Z,2026-01-02T07:05:00Z,3241.4,10.6,15.1,2.7,84.5
TURB010,FARM10,2026-01-02T07:05:00Z,2026-01-02T07:07:00Z,3091.1,10.1,14.7,2.9,83.7
TURB010,FARM10,2026-01-02T07:10:00Z,2026-01-02T07:14:00Z,2966.0,9.7,14.3,3.2,83.0
TURB010,FARM10,2026-01-02T07:15:00Z,2026-01-02T07:16:00Z,2792.0,9.2,13.8,3.4,82.2
TURB010,FARM10,2026-01-02T07:20:00Z,2026-01-02T07:23:00Z,2604.5,8.7,13.4,3.6,81.4
TURB010,FARM10,2026-01-02T07:25:00Z,2026-01-02T07:30:00Z,2440.4,8.3,13.0,3.8,80.7
TURB010,FARM10,2026-01-02T07:30:00Z,2026-01-02T07:32:00Z,2229.7,7.8,12.5,4.1,79.8
TURB010,FARM10,2026-01-02T07:35:00Z,2026-01-02T07:39:00Z,2047.6,7.4,12.2,4.3,79.2
TURB010,FARM10,2026-01-02T07:40:00Z,2026-01-02T07:41:00Z,1898.0,7.1,11.9,4.4,78.6
TURB010,FARM10,2026-01-02T07:45:00Z,2026-01-02T08:03:00Z,1785.2,6.9,11.7,4.5,78.1
TURB010,FARM10,2026-01-02T07:50:00Z,2026-01-02T07:55:00Z,1677.5,6.7,11.5,4.7,77.7
TURB010,FARM10,2026-01-02T07:55:00Z,2026-01-02T07:57:00Z,1614.5,6.6,11.5,4.7,77.4
TURB010,FARM10,2026-01-02T08:00:00Z,2026-01-02T08:04:00Z,1599.1,6.6,11.5,4.8,77.2
TURB010,FARM10,2026-01-02T08:05:00Z,2026-01-02T08:06:00Z,1632.7,6.7,11.6,4.8,77.1
TURB010,FARM10,2026-01-02T08:10:00Z,2026-01-02T08:13:00Z,1679.8,6.8,11.7,4.7,77.1
TURB010,FARM10,2026-01-02T08:15:00Z,2026-01-02T08:20:00Z,1811.0,7.1,11.9,4.6,77.4
TURB010,FARM10,2026-01-02T08:20:00Z,2026-01-02T08:22:00Z,1952.1,7.4,12.2,4.5,77.6
TURB010,FARM10,2026-01-02T08:25:00Z,2026-01-02T08:29:00Z,2099.6,7.7,12.5,4.4,77.9
TURB010,FARM10,2026-01-02T08:30:00Z,2026-01-02T08:31:00Z,2285.4,8.1,12.9,4.2,78.3
TURB010,FARM10,2026-01-02T08:35:00Z,2026-01-02T08:38:00Z,2469.2,8.5,13.3,4.1,78.8
TURB010,FARM10,2026-01-02T08:40:00Z,2026-01-02T08:45:00Z,2646.9,8.9,13.7,3.9,79.3
TURB010,FARM10,2026-01-02T08:45:00Z,2026-01-02T08:47:00Z,2815.0,9.3,14.0,3.7,79.8
TURB010,FARM10,2026-01-02T08:50:00Z,2026-01-02T08:54:00Z,2970.9,9.7,14.4,3.5,80.4
TURB010,FARM10,2026-01-02T08:55:00Z,2026-01-02T08:56:00Z,3113.6,10.1,14.8,3.3,81.0
TURB010,FARM10,2026-01-02T09:00:00Z,2026-01-02T09:03:00Z,3207.0,10.4,15.1,3.1,81.5
TURB010,FARM10,2026-01-02T09:05:00Z,2026-01-02T09:10:00Z,3252.8,10.6,15.3,2.9,82.0
TURB010,FARM10,2026-01-02T09:10:00Z,2026-01-02T09:12:00Z,3289.5,10.8,15.4,2.7,82.4
TURB010,FARM10,2026-01-02T09:15:00Z,2026-01-02T09:19:00Z,3285.0,10.9,15.5,2.6,82.8
TURB010,FARM10,2026-01-02T09:20:00Z,2026-01-02T09:21:00Z,3207.3,10.8,15.5,2.5,83.0
TURB010,FARM10,2026-01-02T09:25:00Z,2026-01-02T09:28:00Z,3168.8,10.8,15.5,2.4,83.3
TURB010,FARM10,2026-01-02T09:35:00Z,2026-01-02T09:37:00Z,2936.5,10.3,15.0,2.4,83.5
TURB010,FARM10,2026-01-02T09:40:00Z,2026-01-02T09:44:00Z,2820.1,10.0,14.7,2.4,83.5
TURB010,FARM10,2026-01-02T09:45:00Z,2026-01-02T09:46:00Z,2681.2,9.6,14.4,2.5,83.4
TURB010,FARM10,2026-01-02T09:50:00Z,2026-01-02T09:53:00Z,2555.1,9.2,14.0,2.6,83.3
TURB010,FARM10,2026-01-02T09:55:00Z,2026-01-02T10:00:00Z,2404.1,8.7,13.6,2.7,83.1
TURB010,FARM10,2026-01-02T10:00:00Z,2026-01-02T10:02:00Z,2297.2,8.3,13.2,2.8,82.9
TURB010,FARM10,2026-01-02T10:05:00Z,2026-01-02T10:09:00Z,2158.5,7.8,12.7,3.0,82.7
TURB010,FARM10,2026-01-02T10:10:00Z,2026-01-02T10:11:00Z,2019.7,7.3,12.3,3.2,82.4
TURB010,FARM10,2026-01-02T10:15:00Z,2026-01-02T10:18:00Z,1912.6,6.9,11.9,3.3,82.2
TURB010,FARM10,2026-01-02T10:20:00Z,2026-01-02T10:25:00Z,1797.4,6.5,11.5,3.5,82.0
TURB010,FARM10,2026-01-02T10:25:00Z,2026-01-02T10:27:00Z,1707.1,6.2,11.3,3.7,81.8
TURB010,FARM10,2026-01-02T10:30:00Z,2026-01-02T10:34:00Z,1639.9,6.0,11.1,3.8,81.7
TURB010,FARM10,2026-01-02T10:35:00Z,2026-01-02T10:36:00Z,1595.2,5.9,11.0,4.0,81.7
TURB010,FARM10,2026-01-02T10:40:00Z,2026-01-02T10:43:00Z,1573.9,5.9,10.9,4.1,81.7
TURB010,FARM10,2026-01-02T10:45:00Z,2026-01-02T10:50:00Z,1542.4,5.9,11.0,4.2,81.7
TURB010,FARM10,2026-01-02T10:50:00Z,2026-01-02T10:52:00Z,1503.7,5.9,11.0,4.3,81.6
TURB010,FARM10,2026-01-02T10:55:00Z,2026-01-02T10:59:00Z,1498.0,6.0,11.1,4.4,81.7
TURB010,FARM10,2026-01-02T11:00:00Z,2026-01-02T11:01:00Z,1565.6,6.3,11.4,4.5,81.9
TURB010,FARM10,2026-01-02T11:05:00Z,2026-01-02T11:08:00Z,1638.5,6.6,11.6,4.5,82.0
TURB010,FARM10,2026-01-02T11:10:00Z,2026-01-02T11:15:00Z,1756.5,7.0,12.0,4.5,82.2
TURB010,FARM10,2026-01-02T11:15:00Z,2026-01-02T11:17:00Z,1886.3,7.4,12.4,4.5,82.4
TURB010,FARM10,2026-01-02T11:20:00Z,2026-01-02T11:24:00Z,2065.2,7.9,12.8,4.4,82.7
TURB010,FARM10,2026-01-02T11:25:00Z,2026-01-02T11:26:00Z,2221.5,8.3,13.2,4.4,82.8
TURB010,FARM10,2026-01-02T11:30:00Z,2026-01-02T11:33:00Z,2425.8,8.8,13.7,4.3,83.1
TURB010,FARM10,2026-01-02T11:35:00Z,2026-01-02T11:40:00Z,2603.7,9.2,14.0,4.2,83.2
TURB010,FARM10,2026-01-02T11:40:00Z,2026-01-02T11:42:00Z,2787.5,9.6,14.4,4.1,83.3
TURB010,FARM10,2026-01-02T11:45:00Z,2026-01-02T11:49:00Z,2937.3,9.9,14.7,4.0,83.2
TURB010,FARM10,2026-01-02T11:50:00Z,2026-01-02T11:51:00Z,3084.7,10.2,15.0,3.9,83.2
TURB010,FARM10,2026-01-02T11:55:00Z,2026-01-02T11:58:00Z,3189.6,10.4,15.2,3.7,83.1
TURB010,FARM10,2026-01-02T12:00:00Z,2026-01-02T12:05:00Z,3248.6,10.5,15.3,3.6,82.9
TURB010,FARM10,2026-01-02T12:10:00Z,2026-01-02T12:28:00Z,3256.7,10.5,15.2,3.4,82.3
TURB010,FARM10,2026-01-02T12:15:00Z,2026-01-02T12:16:00Z,3205.0,10.4,15.1,3.3,81.9
TURB010,FARM10,2026-01-02T12:20:00Z,2026-01-02T12:23:00Z,3105.8,10.2,15.0,3.3,81.4
TURB010,FARM10,2026-01-02T12:25:00Z,2026-01-02T12:30:00Z,2961.9,9.9,14.7,3.2,80.9
TURB010,FARM10,2026-01-02T12:30:00Z,2026-01-02T12:32:00Z,2813.0,9.6,14.4,3.2,80.4
TURB010,FARM10,2026-01-02T12:35:00Z,2026-01-02T12:39:00Z,2627.5,9.2,14.0,3.1,79.8
TURB010,FARM10,2026-01-02T12:40:00Z,2026-01-02T12:41:00Z,2445.5,8.8,13.6,3.1,79.3
TURB010,FARM10,2026-01-02T12:45:00Z,2026-01-02T12:48:00Z,2271.0,8.4,13.3,3.1,78.7
TURB010,FARM10,2026-01-02T12:50:00Z,2026-01-02T12:55:00Z,2107.1,8.0,12.9,3.1,78.3
TURB010,FARM10,2026-01-02T12:55:00Z,2026-01-02T12:57:00Z,1956.0,7.6,12.5,3.1,77.8
TURB010,FARM10,2026-01-02T13:00:00Z,2026-01-02T13:04:00Z,1818.3,7.2,12.1,3.1,77.4
TURB010,FARM10,2026-01-02T13:05:00Z,2026-01-02T13:06:00Z,1693.4,6.8,11.8,3.2,77.0
TURB010,FARM10,2026-01-02T13:10:00Z,2026-01-02T13:13:00Z,1651.4,6.6,11.6,3.2,76.9
TURB010,FARM10,2026-01-02T13:15:00Z,2026-01-02T13:20:00Z,1617.0,6.4,11.4,3.2,76.8
TURB010,FARM10,2026-01-02T13:20:00Z,2026-01-02T13:22:00Z,1586.5,6.2,11.2,3.3,76.7
TURB010,FARM10,2026-01-02T13:25:00Z,2026-01-02T13:29:00Z,1627.5,6.2,11.2,3.3,76.9
TURB010,FARM10,2026-01-02T13:30:00Z,2026-01-02T13:31:00Z,1663.8,6.2,11.2,3.3,77.1
TURB010,FARM10,2026-01-02T13:35:00Z,2026-01-02T13:38:00Z,1763.6,6.4,11.3,3.4,77.5
TURB010,FARM10,2026-01-02T13:40:00Z,2026-01-02T13:45:00Z,1852.1,6.6,11.5,3.4,77.9
TURB010,FARM10,2026-01-02T13:45:00Z,2026-01-02T13:47:00Z,1963.6,6.9,11.8,3.4,78.5
TURB010,FARM10,2026-01-02T13:50:00Z,2026-01-02T13:54:00Z,2061.7,7.2,12.1,3.4,79.1
TURB010,FARM10,2026-01-02T13:55:00Z,2026-01-02T13:56:00Z,2183.3,7.6,12.4,3.4,79.8
TURB010,FARM10,2026-01-02T14:00:00Z,2026-01-02T14:03:00Z,2331.0,8.1,12.9,3.4,80.6
TURB010,FARM10,2026-01-02T14:05:00Z,2026-01-02T14:10:00Z,2471.9,8.6,13.3,3.4,81.4
TURB010,FARM10,2026-01-02T14:10:00Z,2026-01-02T14:12:00Z,2610.1,9.1,13.8,3.5,82.2
TURB010,FARM10,2026-01-02T14:15:00Z,2026-01-02T14:19:00Z,2713.9,9.5,14.2,3.5,82.9
TURB010,FARM10,2026-01-02T14:20:00Z,2026-01-02T14:21:00Z,2859.6,10.0,14.6,3.5,83.8
TURB010,FARM10,2026-01-02T14:25:00Z,2026-01-02T14:28:00Z,2978.6,10.4,15.0,3.5,84.5
TURB010,FARM10,2026-01-02T14:30:00Z,2026-01-02T14:35:00Z,3109.6,10.8,15.3,3.5,85.1
TURB010,FARM10,2026-01-02T14:35:00Z,2026-01-02T14:37:00Z,3217.8,11.1,15.6,3.5,85.7
TURB010,FARM10,2026-01-02T14:45:00Z,2026-01-02T14:46:00Z,3400.6,11.5,16.0,3.6,86.6
TURB010,FARM10,2026-01-02T14:50:00Z,2026-01-02T14:53:00Z,3435.2,11.5,16.0,3.6,86.8
TURB010,FARM10,2026-01-02T14:55:00Z,2026-01-02T15:00:00Z,3475.5,11.5,16.0,3.6,87.0
TURB010,FARM10,2026-01-02T15:00:00Z,2026-01-02T15:02:00Z,3481.3,11.4,15.9,3.7,87.0
TURB010,FARM10,2026-01-02T15:05:00Z,2026-01-02T15:09:00Z,3448.2,11.2,15.7,3.7,86.9
TURB010,FARM10,2026-01-02T15:10:00Z,2026-01-02T15:11:00Z,3372.3,10.9,15.4,3.8,86.7
TURB010,FARM10,2026-01-02T15:15:00Z,2026-01-02T15:18:00Z,3286.2,10.6,15.1,3.8,86.4
TURB010,FARM10,2026-01-02T15:20:00Z,2026-01-02T15:25:00Z,3151.7,10.2,14.7,3.8,86.0
TURB010,FARM10,2026-01-02T15:25:00Z,2026-01-02T15:27:00Z,3003.8,9.8,14.4,3.8,85.6
TURB010,FARM10,2026-01-02T15:30:00Z,2026-01-02T15:34:00Z,2842.9,9.4,14.0,3.8,85.1
TURB010,FARM10,2026-01-02T15:35:00Z,2026-01-02T15:36:00Z,2670.7,9.0,13.6,3.8,84.6
TURB010,FARM10,2026-01-02T15:40:00Z,2026-01-02T15:43:00Z,2454.1,8.5,13.1,3.8,83.9
TURB010,FARM10,2026-01-02T15:45:00Z,2026-01-02T15:50:00Z,2305.0,8.2,12.8,3.8,83.4
TURB010,FARM10,2026-01-02T15:50:00Z,2026-01-02T15:52:00Z,2119.6,7.8,12.5,3.7,82.8
TURB010,FARM10,2026-01-02T15:55:00Z,2026-01-02T15:59:00Z,1974.2,7.5,12.2,3.7,82.3
TURB010,FARM10,2026-01-02T16:00:00Z,2026-01-02T16:01:00Z,1872.6,7.3,12.0,3.6,81.9
TURB010,FARM10,2026-01-02T16:05:00Z,2026-01-02T16:08:00Z,1781.9,7.1,11.8,3.5,81.4
TURB010,FARM10,2026-01-02T16:10:00Z,2026-01-02T16:15:00Z,1776.0,7.1,11.8,3.4,81.1
TURB010,FARM10,2026-01-02T16:15:00Z,2026-01-02T16:17:00Z,1783.6,7.1,11.8,3.3,80.8
TURB010,FARM10,2026-01-02T16:20:00Z,2026-01-02T16:24:00Z,1839.8,7.2,11.9,3.2,80.6
TURB010,FARM10,2026-01-02T16:25:00Z,2026-01-02T16:26:00Z,1942.6,7.4,12.1,3.1,80.5
TURB010,FARM10,2026-01-02T16:30:00Z,2026-01-02T16:33:00Z,2052.8,7.6,12.3,3.0,80.3
TURB010,FARM10,2026-01-02T16:35:00Z,2026-01-02T16:53:00Z,2202.4,7.9,12.6,2.9,80.3
TURB010,FARM10,2026-01-02T16:40:00Z,2026-01-02T16:42:00Z,2387.2,8.3,12.9,2.8,80.4
TURB010,FARM10,2026-01-02T16:45:00Z,2026-01-02T16:49:00Z,2566.8,8.7,13.3,2.7,80.5
TURB010,FARM10,2026-01-02T16:50:00Z,2026-01-02T16:51:00Z,2773.7,9.2,13.8,2.6,80.7
TURB010,FARM10,2026-01-02T16:55:00Z,2026-01-02T16:58:00Z,2933.0,9.6,14.1,2.5,80.9
TURB010,FARM10,2026-01-02T17:00:00Z,2026-01-02T17:05:00Z,3115.2,10.1,14.6,2.5,81.1
TURB010,FARM10,2026-01-02T17:05:00Z,2026-01-02T17:07:00Z,3248.0,10.5,15.0,2.5,81.3
TURB010,FARM10,2026-01-02T17:10:00Z,2026-01-02T17:14:00Z,3368.7,10.9,15.3,2.4,81.5
TURB010,FARM10,2026-01-02T17:20:00Z,2026-01-02T17:23:00Z,3500.0,11.5,15.9,2.5,81.9
TURB010,FARM10,2026-01-02T17:25:00Z,2026-01-02T17:30:00Z,3500.0,11.7,16.1,2.6,82.0
TURB010,FARM10,2026-01-02T17:30:00Z,2026-01-02T17:32:00Z,3500.0,11.8,16.2,2.7,82.0
TURB010,FARM10,2026-01-02T17:35:00Z,2026-01-02T17:39:00Z,3500.0,11.8,16.2,2.8,82.0
TURB010,FARM10,2026-01-02T17:40:00Z,2026-01-02T17:41:00Z,3480.9,11.8,16.2,2.9,82.0
TURB010,FARM10,2026-01-02T17:45:00Z,2026-01-02T17:48:00Z,3397.0,11.6,16.0,3.1,81.9
TURB010,FARM10,2026-01-02T17:50:00Z,2026-01-02T17:55:00Z,3326.5,11.4,15.8,3.2,81.8
TURB010,FARM10,2026-01-02T17:55:00Z,2026-01-02T17:57:00Z,3233.2,11.1,15.6,3.4,81.6
TURB010,FARM10,2026-01-02T18:00:00Z,2026-01-02T18:04:00Z,3115.6,10.7,15.2,3.6,81.4
TURB010,FARM10,2026-01-02T18:05:00Z,2026-01-02T18:06:00Z,3006.9,10.3,14.8,3.8,81.1
TURB010,FARM10,2026-01-02T18:10:00Z,2026-01-02T18:13:00Z,2867.5,9.8,14.4,3.9,80.9
TURB010,FARM10,2026-01-02T18:15:00Z,2026-01-02T18:20:00Z,2765.1,9.4,14.0,4.1,80.7
TURB010,FARM10,2026-01-02T18:20:00Z,2026-01-02T18:22:00Z,2623.6,8.9,13.5,4.2,80.5
TURB010,FARM10,2026-01-02T18:25:00Z,2026-01-02T18:29:00Z,2474.8,8.4,13.1,4.4,80.2
TURB010,FARM10,2026-01-02T18:30:00Z,2026-01-02T18:31:00Z,2351.7,8.0,12.7,4.5,80.1
TURB010,FARM10,2026-01-02T18:35:00Z,2026-01-02T18:38:00Z,2215.9,7.6,12.3,4.5,80.0
TURB010,FARM10,2026-01-02T18:40:00Z,2026-01-02T18:45:00Z,2066.7,7.2,12.0,4.6,80.0
TURB010,FARM10,2026-01-02T18:45:00Z,2026-01-02T18:47:00Z,1976.6,7.0,11.8,4.6,80.1
TURB010,FARM10,2026-01-02T18:50:00Z,2026-01-02T18:54:00Z,1875.5,6.8,11.6,4.5,80.2
TURB010,FARM10,2026-01-02T18:55:00Z,2026-01-02T18:56:00Z,1802.4,6.7,11.5,4.5,80.4
TURB010,FARM10,2026-01-02T19:00:00Z,2026-01-02T19:03:00Z,1725.1,6.6,11.5,4.4,80.6
TURB010,FARM10,2026-01-02T19:05:00Z,2026-01-02T19:10:00Z,1719.8,6.7,11.5,4.3,81.0
TURB010,FARM10,2026-01-02T19:10:00Z,2026-01-02T19:12:00Z,1719.0,6.8,11.7,4.1,81.4
TURB010,FARM10,2026-01-02T19:15:00Z,2026-01-02T19:19:00Z,1762.3,7.0,11.8,4.0,81.8
TURB010,FARM10,2026-01-02T19:20:00Z,2026-01-02T19:21:00Z,1852.8,7.3,12.1,3.8,82.4
TURB010,FARM10,2026-01-02T19:25:00Z,2026-01-02T19:28:00Z,1956.2,7.6,12.4,3.6,82.9
TURB010,FARM10,2026-01-02T19:30:00Z,2026-01-02T19:35:00Z,2109.0,8.0,12.8,3.4,83.4
TURB010,FARM10,2026-01-02T19:35:00Z,2026-01-02T19:37:00Z,2274.4,8.4,13.2,3.2,84.0
TURB010,FARM10,2026-01-02T19:40:00Z,2026-01-02T19:44:00Z,2486.0,8.9,13.6,3.0,84.6
TURB010,FARM10,2026-01-02T19:45:00Z,2026-01-02T19:46:00Z,2668.7,9.3,14.0,2.8,85.1
TURB010,FARM10,2026-01-02T19:55:00Z,2026-01-02T20:00:00Z,3002.8,10.0,14.7,2.5,85.8
TURB010,FARM10,2026-01-02T20:00:00Z,2026-01-02T20:02:00Z,3181.8,10.4,15.0,2.3,86.2
TURB010,FARM10,2026-01-02T20:05:00Z,2026-01-02T20:09:00Z,3279.7,10.6,15.3,2.3,86.3
TURB010,FARM10,2026-01-02T20:10:00Z,2026-01-02T20:11:00Z,3365.8,10.8,15.4,2.2,86.4
TURB010,FARM10,2026-01-02T20:15:00Z,2026-01-02T20:18:00Z,3402.7,10.9,15.5,2.2,86.3
TURB010,FARM10,2026-01-02T20:20:00Z,2026-01-02T20:25:00Z,3390.3,10.9,15.5,2.2,86.2
TURB010,FARM10,2026-01-02T20:25:00Z,2026-01-02T20:27:00Z,3329.9,10.8,15.5,2.3,85.9
TURB010,FARM10,2026-01-02T20:30:00Z,2026-01-02T20:34:00Z,3259.9,10.7,15.4,2.4,85.5
TURB010,FARM10,2026-01-02T20:35:00Z,2026-01-02T20:36:00Z,3112.0,10.4,15.1,2.5,85.0
TURB010,FARM10,2026-01-02T20:40:00Z,2026-01-02T20:43:00Z,2962.2,10.1,14.8,2.7,84.4
TURB010,FARM10,2026-01-02T20:45:00Z,2026-01-02T20:50:00Z,2814.9,9.8,14.5,2.9,83.8
TURB010,FARM10,2026-01-02T20:50:00Z,2026-01-02T20:52:00Z,2602.1,9.3,14.1,3.1,83.0
TURB010,FARM10,2026-01-02T20:55:00Z,2026-01-02T20:59:00Z,2435.2,8.9,13.7,3.3,82.3
TURB010,FARM10,2026-01-02T21:00:00Z,2026-01-02T21:18:00Z,2244.6,8.4,13.3,3.5,81.5
TURB010,FARM10,2026-01-02T21:05:00Z,2026-01-02T21:08:00Z,2067.4,7.9,12.8,3.8,80.7
TURB010,FARM10,2026-01-02T21:10:00Z,2026-01-02T21:15:00Z,1939.3,7.5,12.4,4.0,80.0
TURB010,FARM10,2026-01-02T21:15:00Z,2026-01-02T21:17:00Z,1786.6,7.0,12.0,4.2,79.1
TURB010,FARM10,2026-01-02T21:20:00Z,2026-01-02T21:24:00Z,1714.6,6.7,11.7,4.4,78.6
TURB010,FARM10,2026-01-02T21:25:00Z,2026-01-02T21:26:00Z,1611.4,6.3,11.3,4.6,77.9
TURB010,FARM10,2026-01-02T21:30:00Z,2026-01-02T21:33:00Z,1581.0,6.1,11.2,4.7,77.4
TURB010,FARM10,2026-01-02T21:35:00Z,2026-01-02T21:40:00Z,1546.9,5.9,11.0,4.8,77.0
TURB010,FARM10,2026-01-02T21:40:00Z,2026-01-02T21:42:00Z,1577.3,5.9,11.0,4.9,76.7
TURB010,FARM10,2026-01-02T21:45:00Z,2026-01-02T21:49:00Z,1597.0,5.9,10.9,4.9,76.6
TURB010,FARM10,2026-01-02T21:50:00Z,2026-01-02T21:51:00Z,1604.0,5.9,11.0,4.9,76.4
TURB010,FARM10,2026-01-02T21:55:00Z,2026-01-02T21:58:00Z,1633.5,6.0,11.1,4.9,76.4
TURB010,FARM10,2026-01-02T22:00:00Z,2026-01-02T22:05:00Z,1686.3,6.2,11.3,4.9,76.5
TURB010,FARM10,2026-01-02T22:05:00Z,2026-01-02T22:07:00Z,1764.3,6.5,11.5,4.8,76.7
TURB010,FARM10,2026-01-02T22:10:00Z,2026-01-02T22:14:00Z,1870.6,6.9,11.9,4.6,77.1
TURB010,FARM10,2026-01-02T22:15:00Z,2026-01-02T22:16:00Z,1973.1,7.3,12.3,4.5,77.5
TURB010,FARM10,2026-01-02T22:20:00Z,2026-01-02T22:23:00Z,2076.1,7.7,12.7,4.3,78.0
TURB010,FARM10,2026-01-02T22:30:00Z,2026-01-02T22:32:00Z,2336.1,8.6,13.5,3.9,79.1
TURB010,FARM10,2026-01-02T22:35:00Z,2026-01-02T22:39:00Z,2499.8,9.1,14.0,3.6,79.7
TURB010,FARM10,2026-01-02T22:40:00Z,2026-01-02T22:41:00Z,2640.4,9.5,14.3,3.4,80.3
TURB010,FARM10,2026-01-02T22:45:00Z,2026-01-02T22:48:00Z,2758.5,9.8,14.6,3.2,80.8
TURB010,FARM10,2026-01-02T22:50:00Z,2026-01-02T22:55:00Z,2889.0,10.1,14.9,3.1,81.4
TURB010,FARM10,2026-01-02T22:55:00Z,2026-01-02T22:57:00Z,3029.4,10.4,15.1,2.9,81.9
TURB010,FARM10,2026-01-02T23:00:00Z,2026-01-02T23:04:00Z,3104.6,10.5,15.2,2.7,82.3
TURB010,FARM10,2026-01-02T23:05:00Z,2026-01-02T23:06:00Z,3182.4,10.6,15.3,2.6,82.7
TURB010,FARM10,2026-01-02T23:10:00Z,2026-01-02T23:13:00Z,3186.5,10.5,15.3,2.5,82.9
TURB010,FARM10,2026-01-02T23:15:00Z,2026-01-02T23:20:00Z,3184.7,10.4,15.2,2.5,83.1
TURB010,FARM10,2026-01-02T23:20:00Z,2026-01-02T23:22:00Z,3173.6,10.3,15.0,2.4,83.3
TURB010,FARM10,2026-01-02T23:25:00Z,2026-01-02T23:29:00Z,3078.5,10.0,14.8,2.4,83.4
TURB010,FARM10,2026-01-02T23:30:00Z,2026-01-02T23:31:00Z,2970.1,9.7,14.5,2.5,83.4
TURB010,FARM10,2026-01-02T23:35:00Z,2026-01-02T23:38:00Z,2812.5,9.3,14.1,2.6,83.3
TURB010,FARM10,2026-01-02T23:40:00Z,2026-01-02T23:45:00Z,2643.0,8.9,13.7,2.7,83.2
TURB010,FARM10,2026-01-02T23:45:00Z,2026-01-02T23:47:00Z,2464.4,8.5,13.4,2.8,83.1
TURB010,FARM10,2026-01-02T23:50:00Z,2026-01-02T23:54:00Z,2244.1,8.0,12.9,2.9,82.8
TURB010,FARM10,2026-01-02T23:55:00Z,2026-01-02T23:56:00Z,2058.3,7.6,12.5,3.1,82.6
